Detailed Story ID,Epic,Capability,Feature Group,Story Type,Source Control Row,Original Release,Proposed Wave,Priority,Baseline Evidence Status,Reconciled Evidence Status,Reconciliation Confidence,Reconciliation Basis,User Story,Acceptance Criteria Summary,Remaining Scope Context,Legal/Domain Revalidation,Dependency Epics
PLN-E01-001,E01,Foundation,Model the effective-dated payroll organisation hierarchy,Business / Workflow,E01-01,R1,P5,Must,PARTIALLY EVIDENCED,IMPLEMENTED,HIGH,P5-A1/PR #25: stable effective-dated organisation hierarchy identities and versions.,"As a Payroll Foundation Administrator, I need to model the effective-dated payroll organisation hierarchy, so that the payroll capability operates with controlled, reproducible and auditable outcomes.","Legal entity, payroll statutory unit and establishment identities are stable; version records are effective-dated; active ownership periods do not overlap. Source-derived checks: They must not determine the statutory employer unless an explicit effective-dated relationship exists. / Creation and approval of multiple legal entities. / Creation of multiple PSUs under one legal entity.","Enterprise group, work locations and jurisdiction resolution, generic statutory-registration framework and metadata, and the complete original foundation control scope are not evidenced.",NO SPECIAL FLAG BEYOND NORMAL DESIGN REVIEW,NONE
PLN-E01-002,E01,Foundation,Configure legal entities as payroll employers,Business / Workflow,E01-01,R1,P5,Must,PARTIALLY EVIDENCED,IMPLEMENTED,HIGH,"P5-A1/PR #25: legal-entity lifecycle, maker-checker, retirement and tenant controls.","As a Payroll Foundation Administrator, I need to configure legal entities as payroll employers, so that the payroll capability operates with controlled, reproducible and auditable outcomes.","A legal entity can be created, approved, activated and retired with immutable historical versions and tenant-safe uniqueness. Source-derived checks: Tenant data must be isolated using tenant_id. / Tenant closure must not delete payroll history. / Suspended tenants retain read-only audit access.","Enterprise group, work locations and jurisdiction resolution, generic statutory-registration framework and metadata, and the complete original foundation control scope are not evidenced.",NO SPECIAL FLAG BEYOND NORMAL DESIGN REVIEW,NONE
PLN-E01-003,E01,Foundation,Configure payroll statutory units and responsibility boundaries,Business / Workflow,E01-01,R1,P5,Must,PARTIALLY EVIDENCED,IMPLEMENTED,HIGH,P5-A1/PR #25: PSU responsibility boundaries and approved-parent/effective-range controls.,"As a Payroll Compliance Administrator, I need to configure payroll statutory units and responsibility boundaries, so that the payroll capability operates with controlled, reproducible and auditable outcomes.",Each PSU identifies the tax and statutory responsibility boundary and is linked to the correct legal entity for the effective period. Source-derived checks: Separate PSUs for divisions / Separate PSUs following mergers or acquisitions / Separate PSUs for different payroll operations,"Enterprise group, work locations and jurisdiction resolution, generic statutory-registration framework and metadata, and the complete original foundation control scope are not evidenced.",NO SPECIAL FLAG BEYOND NORMAL DESIGN REVIEW,NONE
PLN-E01-004,E01,Foundation,Configure establishments and operational registrations,Business / Workflow,E01-01,R1,P5,Must,PARTIALLY EVIDENCED,IMPLEMENTED,HIGH,"P5-A1/PR #25: establishment lifecycle, classification, hierarchy and retirement controls.","As a Payroll Compliance Administrator, I need to configure establishments and operational registrations, so that the payroll capability operates with controlled, reproducible and auditable outcomes.","Establishments are effective-dated, linked to the owning PSU/legal entity and retain operational identifiers without overlapping active versions. Source-derived checks: An establishment is a registered or operational unit relevant to labour-law compliance. / Construction establishment / An establishment is not necessarily the same as a legal entity or work location.","Enterprise group, work locations and jurisdiction resolution, generic statutory-registration framework and metadata, and the complete original foundation control scope are not evidenced.",NO SPECIAL FLAG BEYOND NORMAL DESIGN REVIEW,NONE
PLN-E01-005,E01,Foundation,Resolve work locations and payroll jurisdictions,Business / Workflow,E01-01,R1,P5,Must,NOT EVIDENCED,IMPLEMENTED,HIGH,"P5-JRF-01/PR #36: stable work-location identity/version, approved extensible jurisdiction hierarchy, deterministic approved override -> work location -> establishment fallback resolution, immutable resolution evidence, and explicit unresolved/conflict blocking.","As a Payroll Foundation Administrator, I need to resolve work locations and payroll jurisdictions, so that the payroll capability operates with controlled, reproducible and auditable outcomes.","Every payroll-relevant work location resolves country, state and local jurisdiction for the applicable date; unresolved or conflicting jurisdiction blocks readiness. Source-derived checks: The system must not rely solely on an employee’s residential address. / The result must be stored with:",No material P5-JRF-01 gap identified for this story. The complete cross-foundation readiness dashboard remains separately tracked under PLN-E01-012; residential address is not used as a payroll-jurisdiction fallback.,NO SPECIAL FLAG BEYOND NORMAL DESIGN REVIEW,NONE
PLN-E01-006,E01,Foundation,Maintain a generic statutory registration framework,Business / Workflow,E01-01,R1,P5,Must,NOT EVIDENCED,IMPLEMENTED,HIGH,"P5-JRF-01/PR #36: generic registration-type metadata, valid owner kinds, authority/jurisdiction metadata, exact parent-version lineage, versioned registration identity, JAVA_REGEX_V1 identifier metadata, tenant-safe uniqueness and effective-dated lifecycle.","As a Payroll Compliance Administrator, I need to maintain a generic statutory registration framework, so that the payroll capability operates with controlled, reproducible and auditable outcomes.","Registrations retain scheme, authority, jurisdiction, registration identifier, ownership, effective dates and status; duplicate active registrations are prevented. Source-derived checks: Instead of creating a separate table for each statutory registration, the system will maintain a common registration framework. / Each registration type must define: / Whether parent registration is required","Country-specific legal rule packs, rates, filing, returns and remittance remain separately scoped; those are not gaps in the generic statutory-registration framework.",NO SPECIAL FLAG BEYOND NORMAL DESIGN REVIEW,NONE
PLN-E01-007,E01,Foundation,Operate registration approval and renewal workflows,Business / Workflow,E01-01,R1,P5,Must,NOT EVIDENCED,IMPLEMENTED,HIGH,"P5-JRF-01/PR #36: draft -> verification -> approval-pending -> active lifecycle, independent final approver, authority rejection evidence, controlled suspension/expiry and renewal-successor history with bounded readiness exceptions.","As a Payroll Compliance Lead, I need to operate registration approval and renewal workflows, so that the payroll capability operates with controlled, reproducible and auditable outcomes.","Registration creation, verification, approval, expiry, renewal and suspension are auditable and produce readiness exceptions before legal deadlines. Source-derived checks: An active registration number cannot be overwritten. / The user who creates or changes the registration cannot provide final approval. / An authority rejection must retain the submission payload and rejection reason.","Country-specific filing deadlines, forms, remittance and legal-rule execution remain later scope; the generic registration approval/renewal lifecycle is implemented.",NO SPECIAL FLAG BEYOND NORMAL DESIGN REVIEW,NONE
PLN-E01-008,E01,Foundation,Configure employer bank accounts for payroll ownership,Business / Workflow,E01-01,R1,P5,Must,NOT EVIDENCED,IMPLEMENTED,HIGH,"P5-FBA-01 backend PR #44 / a0234d94ef280a41a744ea6e8483f786a497d211 and UI PR #12 / 5c45ab41ee3cb4466fac822c04c771f5de0ba119: versioned LE/PSU-owned bank accounts, currency/effective-date controls, AES-GCM/HMAC protection, masked routine reads, restricted audited reveal, independent verification/approval, default uniqueness and immutable history.","As a Treasury Administrator, I need to configure employer bank accounts for payroll ownership, so that the payroll capability operates with controlled, reproducible and auditable outcomes.","Employer bank accounts are versioned, verified, scoped to the correct legal entity/PSU/currency and cannot be used outside their effective dates. Source-derived checks: Full account number must never appear in normal UI or logs. / Only users with restricted permission can view unmasked details. / The default bank account cannot be deleted.","Payment-file generation, bank integration and payment execution remain later scope; they are not gaps in the employer bank-account foundation story.",NO SPECIAL FLAG BEYOND NORMAL DESIGN REVIEW,NONE
PLN-E01-009,E01,Foundation,Manage authorised signatories and delegated authority,Business / Workflow,E01-01,R1,P5,Must,NOT EVIDENCED,IMPLEMENTED,HIGH,"P5-FBA-01 backend PR #44 / a0234d94ef280a41a744ea6e8483f786a497d211 and UI PR #12 / 5c45ab41ee3cb4466fac822c04c771f5de0ba119: effective-dated signatory identity/version, purpose/currency/optional amount scopes, independent verification/final approval, expiry/suspension/limit rejection and explicit separation of legal authority from system access.","As a Payroll Governance Administrator, I need to manage authorised signatories and delegated authority, so that the payroll capability operates with controlled, reproducible and auditable outcomes.","Signatory authority is effective-dated, purpose-scoped, independently approved and blocked when expired or outside delegated limits. Source-derived checks: An authorised signatory must not automatically receive payroll-system access. Identity and legal authority are separate concepts.",Broader foundation approval-scope/delegation controls remain tracked under PLN-E01-011; they do not prevent completion of the authorised-signatory legal-authority story.,NO SPECIAL FLAG BEYOND NORMAL DESIGN REVIEW,NONE
PLN-E01-010,E01,Foundation,Create immutable configuration snapshots,Business / Workflow,E01-01,R1,P5,Must,PARTIALLY EVIDENCED,IMPLEMENTED,HIGH,"P5-FSR-01 G01 / backend PR #47 merge 16d2488252b8a5c3aecd64c0f43fe18b6743d6e8: V036 creates one immutable cycle foundation-configuration snapshot with deterministic payload/hash, exact approved version lineage, drift rejection and history-preserving V035 upgrade; input, calculation request and result lineage bind the exact snapshot identity/hash without mutable fallback.","As a Payroll Platform Administrator, I need to create immutable configuration snapshots, so that the payroll capability operates with controlled, reproducible and auditable outcomes.","Approved organisation configuration is snapshotted with content identity and can be reproduced for historical payroll without reading mutable current records. Source-derived checks: At payroll calculation time, the system must not repeatedly read mutable master tables. / A later change to the legal entity, registration or calendar must not alter an already calculated payroll. / Stores the immutable set of configuration versions used by payroll.","No material P5-FSR-01 gap remains for immutable foundation-configuration snapshot reproducibility. Employer bank/signatory state remains readiness evidence rather than calculation input; country-specific legal rules and later payment, retro, accounting, migration/cutover capabilities remain separately scoped.",NO SPECIAL FLAG BEYOND NORMAL DESIGN REVIEW,NONE
PLN-E01-011,E01,Foundation,Apply maker-checker approval to foundation configuration,Business / Workflow,E01-01,R1,P5,Must,PARTIALLY EVIDENCED,IMPLEMENTED,HIGH,"P5-A1/P5-JRF-01 plus P5-FBA-01 backend PR #44 and P5-FAD-01 product PR #55 / a80e7b4da121665a8b1548acada6b96fac4dfa01: existing domain maker/checker lifecycles are combined with reusable security-owned LE/PSU-scoped application approval authority, effective-dated bounded delegation, endpoint-permission conjunction, service-account final-approval denial and immutable consumed authority/delegation evidence. End-to-end UI reconciliation 2026-08-13: backend/domain evidence remains valid; required UI/browser completion is partial at web baseline 8e8b47c829ac33aa2495ef07fba0ae2afd51e770. P5-E2E-UI-01 G05: UI PR #15 / 2a42f3909a2ee249ca26be8fb0e14e945f8903a9; local and hosted browser evidence closes the required operator/admin UI boundary.","As a Payroll Foundation Approver, I need to apply maker-checker approval to foundation configuration, so that the payroll capability operates with controlled, reproducible and auditable outcomes.","The maker cannot approve the same high-risk change; approval records preserve before/after values, reason, evidence and effective date. Source-derived checks: Creator cannot be final approver. / Approver must have scope over the relevant legal entity or PSU. / Approval delegation must have start and end dates.",No material gap remains for the bounded generic Foundation maker-checker/application approver story. Legal authorised-signatory authority remains separate from application access; E02 calendar/pay-group approval workflows remain separately scoped and should reuse the shared authority. End-to-end UI reconciliation 2026-08-13: complete the required operator/admin UI surface and real-backend browser E2E before restoring IMPLEMENTED.,NO SPECIAL FLAG BEYOND NORMAL DESIGN REVIEW,NONE
PLN-E01-012,E01,Foundation,Expose foundation readiness and validation status,Business / Workflow,E01-01,R1,P5,Must,NOT EVIDENCED,IMPLEMENTED,HIGH,"P5-FSR-01 G02 / backend PR #49 merge 954ed05d11dcb367f6de6e1f3e78aafc17c8beab, UTC runtime hardening PR #51 merge 74bbd65449adad7b7058d8afd96097b1e08d2a0a and web PR #13 merge 8e8b47c829ac33aa2495ef07fba0ae2afd51e770: cycle-bound FOUNDATION_ONLY readiness composes exact configuration-snapshot, employer-bank, signatory-authority and caller-declared full-period registration checks; blockers/warnings, dimensions, findings and exclusions are exposed and browser-verified against exact merged backend main.","As a Payroll Operations Lead, I need to expose foundation readiness and validation status, so that the payroll capability operates with controlled, reproducible and auditable outcomes.","The dashboard identifies missing, expired, conflicting and unapproved foundation data and distinguishes warnings from payroll-blocking conditions. Source-derived checks: A PSU or pay group cannot be marked payroll-ready until required configuration is complete. / Required incorporation identity / TAN available when required","No material gap remains for the bounded generic foundation-readiness story. Country-specific legal-obligation inference/rates remain excluded; registration obligations are caller-declared and an empty list is not a legal conclusion. Employee banks, payment execution, retro/off-cycle/final settlement, accounting, migration/cutover and production readiness remain separate stories.",NO SPECIAL FLAG BEYOND NORMAL DESIGN REVIEW,NONE
PLN-E02-001,E02,Calendar & Pay Groups,Configure versioned pay groups,Business / Workflow,E02-01,R1,P5,Must,PARTIALLY EVIDENCED,IMPLEMENTED,HIGH,"P5-A4 product PR #58 / 6ce57213c8d77e76d8addee55a92f0349229a314: V017/V038 preserve versioned pay-group identity and effective dating, with PSU/currency/frequency compatibility and governed assignment/cycle use. End-to-end UI reconciliation 2026-08-13: backend/domain evidence remains valid; required UI/browser completion is partial at web baseline 8e8b47c829ac33aa2495ef07fba0ae2afd51e770. P5-E2E-UI-01 G05: UI PR #15 / 2a42f3909a2ee249ca26be8fb0e14e945f8903a9; local and hosted browser evidence closes the required operator/admin UI boundary.","As a Payroll Foundation Administrator, I need to configure versioned pay groups, so that the payroll capability operates with controlled, reproducible and auditable outcomes.","A pay group has one active version per effective period, a compatible PSU, currency, frequency and population rule, with no overlapping regular versions. Source-derived checks: A pay group should not directly define salary-component eligibility. That will be handled through salary structures and eligibility rules in Iteration 2. / An employment assignment can have only one active regular pay group at a given time. / Employees cannot be assigned to a pay group whose PSU differs from their legal employer unless an approved cross-employer arrangement exists.",No material P5-A4 gap remains for versioned pay-group configuration. Salary-component eligibility remains salary-structure owned; later calculation/payment scope remains excluded. End-to-end UI reconciliation 2026-08-13: complete the required operator/admin UI surface and real-backend browser E2E before restoring IMPLEMENTED.,NO SPECIAL FLAG BEYOND NORMAL DESIGN REVIEW,E01
PLN-E02-002,E02,Calendar & Pay Groups,Define pay-group population routing rules,Business / Workflow,E02-01,R1,P5,Must,PARTIALLY EVIDENCED,IMPLEMENTED,HIGH,"P5-A4 product PR #58 / 6ce57213c8d77e76d8addee55a92f0349229a314: V038 adds effective-dated pay-group routing rules, establishment-before-PSU precedence, approved explicit assignment override and overlap-safe deterministic resolution. End-to-end UI reconciliation 2026-08-13: backend/domain evidence remains valid; required UI/browser completion is missing at web baseline 8e8b47c829ac33aa2495ef07fba0ae2afd51e770. P5-E2E-UI-01 G05: UI PR #15 / 2a42f3909a2ee249ca26be8fb0e14e945f8903a9; Explicit employee pay-group assignment cutover is browser-proven, but no population-routing-rule authoring/inspection surface exists; establishment/PSU rule administration remains an end-to-end gap. B02-G04 final reconciliation: UI PR #16 / 42487de1e99240a99df1ba99742a728671c1636e: ranked PSU/establishment routing creation, governed end-dating, deterministic resolution and bounded readiness checkpoints are delivered and browser-proven.","As a Payroll Operations Administrator, I need to define pay-group population routing rules, so that the payroll capability operates with controlled, reproducible and auditable outcomes.","Population rules resolve eligible employees consistently from organisation, employment, worker category and frequency; overrides require approval and reason. Source-derived checks: A pay group should not directly define salary-component eligibility. That will be handled through salary structures and eligibility rules in Iteration 2. / An employment assignment can have only one active regular pay group at a given time. / Employees cannot be assigned to a pay group whose PSU differs from their legal employer unless an approved cross-employer arrangement exists.","No remaining scope blocks this bounded E02 story. Country-specific legal/rate packs, payment execution, final settlement and broader workforce-rule engines remain separately governed where applicable.",NO SPECIAL FLAG BEYOND NORMAL DESIGN REVIEW,E01
PLN-E02-003,E02,Calendar & Pay Groups,Configure payroll calendar identities and versions,Business / Workflow,E02-01,R1,P5,Must,PARTIALLY EVIDENCED,IMPLEMENTED,HIGH,"P5-A4 product PR #58 / 6ce57213c8d77e76d8addee55a92f0349229a314: payroll calendars now carry stable series/version/supersession identity, frequency, timezone, working-day conventions, milestone rules and history-preserving lifecycle. End-to-end UI reconciliation 2026-08-13: backend/domain evidence remains valid; required UI/browser completion is partial at web baseline 8e8b47c829ac33aa2495ef07fba0ae2afd51e770. P5-E2E-UI-01 G05: UI PR #15 / 2a42f3909a2ee249ca26be8fb0e14e945f8903a9; Calendar identity and version lineage are visible, but a governed successor cannot be driven end-to-end because publication prerequisites cannot be configured through the current backend contract. B02-G04 final reconciliation: UI PR #16 / 42487de1e99240a99df1ba99742a728671c1636e: calendar identity, version lineage, complete prerequisite configuration and governed successor/lifecycle controls are evidenced across backend integration, UI tests and hosted browser execution.","As a Payroll Calendar Administrator, I need to configure payroll calendar identities and versions, so that the payroll capability operates with controlled, reproducible and auditable outcomes.","Calendar identity is stable; versions define frequency, timezone, working-day conventions and milestone rules without rewriting published periods. Source-derived checks: The system will use four separate calendars.","No remaining scope blocks this bounded E02 story. Country-specific legal/rate packs, payment execution, final settlement and broader workforce-rule engines remain separately governed where applicable.",NO SPECIAL FLAG BEYOND NORMAL DESIGN REVIEW,E01
PLN-E02-004,E02,Calendar & Pay Groups,Generate contiguous pay periods,Business / Workflow,E02-01,R1,P5,Must,PARTIALLY EVIDENCED,IMPLEMENTED,HIGH,"P5-A4 product PR #58 / 6ce57213c8d77e76d8addee55a92f0349229a314: deterministic idempotent generation creates contiguous non-overlapping periods with protected published history and exact operational period evidence. End-to-end UI reconciliation 2026-08-13: backend/domain evidence remains valid; required UI/browser completion is partial at web baseline 8e8b47c829ac33aa2495ef07fba0ae2afd51e770. P5-E2E-UI-01 G05: UI PR #15 / 2a42f3909a2ee249ca26be8fb0e14e945f8903a9; Legacy contiguous July/August 2026 periods are browser-inspected, but governed new-period generation remains blocked by the unavailable five-milestone-rule configuration write contract. B02-G04 final reconciliation: UI PR #16 / 42487de1e99240a99df1ba99742a728671c1636e: complete milestone prerequisites, generation readiness, contiguous period generation contracts and period inspection are evidenced across backend integration, UI tests and hosted browser execution.","As a Payroll Calendar Administrator, I need to generate contiguous pay periods, so that the payroll capability operates with controlled, reproducible and auditable outcomes.","Generated periods are contiguous, non-overlapping, correctly numbered and cover the published range exactly once. Source-derived checks: The movement rule must record: / The calendar engine must support: / Separate final-settlement payment dates","No remaining scope blocks this bounded E02 story. Country-specific legal/rate packs, payment execution, final settlement and broader workforce-rule engines remain separately governed where applicable.",NO SPECIAL FLAG BEYOND NORMAL DESIGN REVIEW,E01
PLN-E02-005,E02,Calendar & Pay Groups,Support multiple payroll frequencies,Business / Workflow,E02-01,R1,P5,Must,NOT EVIDENCED,IMPLEMENTED,HIGH,"P5-A4 product PR #58 / 6ce57213c8d77e76d8addee55a92f0349229a314: MONTHLY, FORTNIGHTLY, WEEKLY, DAILY and explicitly authorised bounded CUSTOM frequencies are implemented and regression-tested. End-to-end UI reconciliation 2026-08-13: backend/domain evidence remains valid; required UI/browser completion is missing at web baseline 8e8b47c829ac33aa2495ef07fba0ae2afd51e770. P5-E2E-UI-01 G05: UI PR #15 / 2a42f3909a2ee249ca26be8fb0e14e945f8903a9; local and hosted browser evidence closes the required operator/admin UI boundary.","As a Payroll Calendar Administrator, I need to support multiple payroll frequencies, so that the payroll capability operates with controlled, reproducible and auditable outcomes.","Monthly, fortnightly, weekly, daily and authorised custom frequencies generate correct period boundaries and compatible pay-group assignments. Source-derived checks: The system will use four separate calendars.",No material P5-A4 gap remains for the bounded frequency set. Unsupported future frequency semantics require separate authority. End-to-end UI reconciliation 2026-08-13: complete the required operator/admin UI surface and real-backend browser E2E before restoring IMPLEMENTED.,NO SPECIAL FLAG BEYOND NORMAL DESIGN REVIEW,E01
PLN-E02-006,E02,Calendar & Pay Groups,"Generate cut-offs, approval dates and payment dates",Business / Workflow,E02-01,R1,P5,Must,NOT EVIDENCED,IMPLEMENTED,HIGH,"P5-A4 product PR #58 / 6ce57213c8d77e76d8addee55a92f0349229a314: INPUT_CUTOFF, CALCULATION, APPROVAL, RELEASE and PAYMENT milestones are configured and generated with ordered original/adjusted date evidence. End-to-end UI reconciliation 2026-08-13: backend/domain evidence remains valid; required UI/browser completion is missing at web baseline 8e8b47c829ac33aa2495ef07fba0ae2afd51e770. P5-E2E-UI-01 G05: UI PR #15 / 2a42f3909a2ee249ca26be8fb0e14e945f8903a9; The UI exposes 0/5 readiness blockers and read-only generated-milestone evidence, but no milestone-rule write contract exists for configuring the five required rules. B02-G04 final reconciliation: UI PR #16 / 42487de1e99240a99df1ba99742a728671c1636e: operators configure and inspect all five milestone rules with version evidence; generated milestone contracts and operational evidence are green across backend, UI and hosted browser gates.","As a Payroll Calendar Administrator, I need to generate cut-offs, approval dates and payment dates, so that the payroll capability operates with controlled, reproducible and auditable outcomes.","Each period stores generated input, calculation, approval, release and payment milestones using configured working-day offsets. Source-derived checks: The movement rule must record: / The calendar engine must support: / Separate final-settlement payment dates","No remaining scope blocks this bounded E02 story. Country-specific legal/rate packs, payment execution, final settlement and broader workforce-rule engines remain separately governed where applicable.",NO SPECIAL FLAG BEYOND NORMAL DESIGN REVIEW,E01
PLN-E02-007,E02,Calendar & Pay Groups,Apply holiday and weekend adjustment policies,Business / Workflow,E02-01,R1,P5,Must,NOT EVIDENCED,IMPLEMENTED,HIGH,"P5-A4 product PR #58 / 6ce57213c8d77e76d8addee55a92f0349229a314: weekend/holiday working-day rules deterministically adjust milestones while preserving calculated/original and adjusted dates plus movement evidence. End-to-end UI reconciliation 2026-08-13: backend/domain evidence remains valid; required UI/browser completion is missing at web baseline 8e8b47c829ac33aa2495ef07fba0ae2afd51e770. P5-E2E-UI-01 G05: UI PR #15 / 2a42f3909a2ee249ca26be8fb0e14e945f8903a9; The UI exposes read-only original/adjusted working-day evidence and a bounded default weekend policy, but no holiday/working-day configuration write contract exists. B02-G04 final reconciliation: UI PR #16 / 42487de1e99240a99df1ba99742a728671c1636e: holiday creation/repeat correction, weekend and adjustment policies, version evidence and original/adjusted operational dates are evidenced across backend, UI and hosted browser gates.","As a Payroll Calendar Administrator, I need to apply holiday and weekend adjustment policies, so that the payroll capability operates with controlled, reproducible and auditable outcomes.","Milestones adjust only under the configured holiday/weekend rule, preserve the original calculated date and record the applied adjustment. Source-derived checks: The movement rule must record: / The calendar engine must support: / Separate final-settlement payment dates","No remaining scope blocks this bounded E02 story. Country-specific legal/rate packs, payment execution, final settlement and broader workforce-rule engines remain separately governed where applicable.",NO SPECIAL FLAG BEYOND NORMAL DESIGN REVIEW,E01
PLN-E02-008,E02,Calendar & Pay Groups,"Publish, amend and retire payroll calendars",Business / Workflow,E02-01,R1,P5,Must,PARTIALLY EVIDENCED,IMPLEMENTED,HIGH,"P5-A4 product PR #58 / 6ce57213c8d77e76d8addee55a92f0349229a314: append-only publish/amend/retire lifecycle, immutable published schedule history, versioned successors, retirement reason contract and HTTP lifecycle evidence are implemented. End-to-end UI reconciliation 2026-08-13: backend/domain evidence remains valid; required UI/browser completion is missing at web baseline 8e8b47c829ac33aa2495ef07fba0ae2afd51e770. P5-E2E-UI-01 G05: UI PR #15 / 2a42f3909a2ee249ca26be8fb0e14e945f8903a9; Publish/amend/retire controls and backend lifecycle contracts exist, but the complete operator journey cannot pass publication prerequisites until milestone configuration writes exist. B02-G04 final reconciliation: UI PR #16 / 42487de1e99240a99df1ba99742a728671c1636e: publication prerequisites can now be completed; publish/amend/retire controls, immutable lineage and lifecycle contracts are evidenced across integration, UI and hosted browser gates.","As a Payroll Calendar Approver, I need to publish, amend and retire payroll calendars, so that the payroll capability operates with controlled, reproducible and auditable outcomes.",Draft calendars are validated before publication; published periods are immutable; changes create a new version and impact assessment. Source-derived checks: Periods cannot overlap within the same regular calendar. / Period start must be before period end. / Payment date cannot precede the allowed business process unless configured as an advance-pay scenario.,"No remaining scope blocks this bounded E02 story. Country-specific legal/rate packs, payment execution, final settlement and broader workforce-rule engines remain separately governed where applicable.",NO SPECIAL FLAG BEYOND NORMAL DESIGN REVIEW,E01
PLN-E02-009,E02,Calendar & Pay Groups,Validate pay-group and calendar compatibility,Business / Workflow,E02-01,R1,P5,Must,PARTIALLY EVIDENCED,IMPLEMENTED,HIGH,"P5-A4 product PR #58 / 6ce57213c8d77e76d8addee55a92f0349229a314: assignment and cycle initiation fail closed on pay-group/calendar compatibility, including PSU, coverage, frequency/custom authorization, timezone and governed publication state. End-to-end UI reconciliation 2026-08-13: backend/domain evidence remains valid; required UI/browser completion is missing at web baseline 8e8b47c829ac33aa2495ef07fba0ae2afd51e770. P5-E2E-UI-01 G05: UI PR #15 / 2a42f3909a2ee249ca26be8fb0e14e945f8903a9; Calendar readiness blockers are proactive, but no complete proactive pay-group/calendar compatibility surface covers the full PSU/frequency/timezone/coverage/routing acceptance boundary. B02-G04 final reconciliation: UI PR #16 / 42487de1e99240a99df1ba99742a728671c1636e: proactive calendar and bounded routing compatibility exposes PSU, frequency, timezone, coverage, checkpoints and blocking findings before payroll use.","As a Payroll Operations Lead, I need to validate pay-group and calendar compatibility, so that the payroll capability operates with controlled, reproducible and auditable outcomes.","Currency, frequency, PSU, timezone and period coverage conflicts are detected before employee assignment or payroll-cycle initiation. Source-derived checks: A PSU or pay group cannot be marked payroll-ready until required configuration is complete. / Required incorporation identity / TAN available when required","No remaining scope blocks this bounded E02 story. Country-specific legal/rate packs, payment execution, final settlement and broader workforce-rule engines remain separately governed where applicable.",NO SPECIAL FLAG BEYOND NORMAL DESIGN REVIEW,E01
PLN-E02-010,E02,Calendar & Pay Groups,Provide calendar and pay-group operational views,Business / Workflow,E02-01,R1,P5,Must,NOT EVIDENCED,IMPLEMENTED,HIGH,"P5-A4 product PR #58 / 6ce57213c8d77e76d8addee55a92f0349229a314: tenant-safe calendar/period operational views and APIs expose lifecycle, publication-required state, generated periods and original/adjusted milestone evidence; lifecycle HTTP integration is green. End-to-end UI reconciliation 2026-08-13: backend/domain evidence remains valid; required UI/browser completion is partial at web baseline 8e8b47c829ac33aa2495ef07fba0ae2afd51e770. P5-E2E-UI-01 G05: UI PR #15 / 2a42f3909a2ee249ca26be8fb0e14e945f8903a9; Operational visibility is materially improved, but complete consolidated population-routing, generated-milestone and lifecycle visibility remains dependent on the unresolved E02-002/006/007/008 boundaries. B02-G04 final reconciliation: UI PR #16 / 42487de1e99240a99df1ba99742a728671c1636e: consolidated pay-group, routing, calendar, period, milestone, readiness, lifecycle and blocker visibility is delivered and covered by the combined hosted browser suite.","As a Payroll Operations Lead, I need to provide calendar and pay-group operational views, so that the payroll capability operates with controlled, reproducible and auditable outcomes.","Users can view period timelines, generated deadlines, population rules, publication state and blocking validation issues. Source-derived checks: The wizard must show completion percentages and blocking issues. / Selecting an item should show: / Each approval card must show:","No remaining scope blocks this bounded E02 story. Country-specific legal/rate packs, payment execution, final settlement and broader workforce-rule engines remain separately governed where applicable.",NO SPECIAL FLAG BEYOND NORMAL DESIGN REVIEW,E01
PLN-E03-001,E03,Component Catalogue,Maintain stable pay-component identities and immutable versions,Business / Workflow,E03-01,R1,P5,Must,PARTIALLY EVIDENCED,IMPLEMENTED,HIGH,P5-A2/PR #30/V032: stable pay-component identity and immutable version lifecycle.,"As a Payroll Configuration Administrator, I need to maintain stable pay-component identities and immutable versions, so that the payroll capability operates with controlled, reproducible and auditable outcomes.","Component codes remain stable; approved versions are immutable, effective-dated and traceable to ownership, category and approval. Source-derived checks: The component code remains stable across versions. / Separate employee and employer statutory components.","Named bases and the broader catalogue of earnings, deductions, employer contributions, provisions, reimbursements, benefits, perquisites, notional and accrual components are not implemented.",NO SPECIAL FLAG BEYOND NORMAL DESIGN REVIEW,E01
PLN-E03-002,E03,Component Catalogue,Support the complete component category taxonomy,Business / Workflow,E03-01,R1,P5,Must,NOT EVIDENCED,IMPLEMENTED,HIGH,P5-A2/PR #30/V032: complete schema-1 component-category taxonomy.,"As a Payroll Configuration Administrator, I need to support the complete component category taxonomy, so that the payroll capability operates with controlled, reproducible and auditable outcomes.","The catalogue distinguishes cash earnings, deductions, employer contributions, provisions, reimbursements, benefits, perquisites, notional and accrual components. Source-derived checks: Paid to the employee through payroll. / Reduce the employee’s payment. / 6.3 Employer contributions","Named bases and the broader catalogue of earnings, deductions, employer contributions, provisions, reimbursements, benefits, perquisites, notional and accrual components are not implemented.",NO SPECIAL FLAG BEYOND NORMAL DESIGN REVIEW,E01
PLN-E03-003,E03,Component Catalogue,Configure component behavioural dimensions,Business / Workflow,E03-01,R1,P5,Must,NOT EVIDENCED,IMPLEMENTED,HIGH,"P5-A2/PR #30/V032: cash, payee, channel, timing, visibility, frequency, value and tax metadata.","As a Payroll Configuration Administrator, I need to configure component behavioural dimensions, so that the payroll capability operates with controlled, reproducible and auditable outcomes.","Each version declares cash impact, payee, timing, frequency, value nature, tax behaviour, visibility and permitted run types. Source-derived checks: Each component version must contain the following classifications. / Non-payroll reporting only","Named bases and the broader catalogue of earnings, deductions, employer contributions, provisions, reimbursements, benefits, perquisites, notional and accrual components are not implemented.",NO SPECIAL FLAG BEYOND NORMAL DESIGN REVIEW,E01
PLN-E03-004,E03,Component Catalogue,Create effective-dated named payroll bases,Business / Workflow,E03-01,R1,P5,Must,NOT EVIDENCED,IMPLEMENTED,HIGH,"P5-CCF-01 G04 closure: backend G02 PR #74 / e9e598fdae6c14968a4ec1b3a0e5c7026a06ea37; runtime-lock correction PR #75 / 65269a42008f31c0ec116a3fccb9f996826c621e; UI G03 PR #17 / 8e77bcf5a9a773cc9726eec4e87c0859cdb24543; local backend/API/migration/security tests, UI tests/build, real-backend admin/read-only browser journeys, and exact hosted CI contracts are green.","As a Payroll Rule Administrator, I need to create effective-dated named payroll bases, so that the payroll capability operates with controlled, reproducible and auditable outcomes.","Named bases are stable and effective-dated; memberships define inclusion type, percentage, conditions and legal/rule source. Source-derived checks: 8.1 Why named bases are required / Included only for eligibility / Included only for contribution","No material P5-CCF-01 gap remains for this bounded Component Catalogue story. Country-specific statutory rates/legal conclusions, calculation-engine execution beyond catalogue metadata, employee salary configuration, retro/off-cycle/final settlement, payments and accounting remain separately governed.",NO SPECIAL FLAG BEYOND NORMAL DESIGN REVIEW,E01
PLN-E03-005,E03,Component Catalogue,Model labour-code and statutory wage classifications,Business / Workflow,E03-01,R1,P5,Must,NOT EVIDENCED,IMPLEMENTED,HIGH,"P5-CCF-01 G04 closure: backend G02 PR #74 / e9e598fdae6c14968a4ec1b3a0e5c7026a06ea37; runtime-lock correction PR #75 / 65269a42008f31c0ec116a3fccb9f996826c621e; UI G03 PR #17 / 8e77bcf5a9a773cc9726eec4e87c0859cdb24543; local backend/API/migration/security tests, UI tests/build, real-backend admin/read-only browser journeys, and exact hosted CI contracts are green.","As a Payroll Rule Administrator, I need to model labour-code and statutory wage classifications, so that the payroll capability operates with controlled, reproducible and auditable outcomes.","Included wages, exclusions, remuneration test, add-back and final statutory wage remain separate and are selected by effective rule version. Source-derived checks: 9.1 Required logical buckets / The system must maintain these separately: / The exact treatment must be delegated to the applicable statutory-rule version.","No material P5-CCF-01 gap remains for this bounded Component Catalogue story. Country-specific statutory rates/legal conclusions, calculation-engine execution beyond catalogue metadata, employee salary configuration, retro/off-cycle/final settlement, payments and accounting remain separately governed.",NO SPECIAL FLAG BEYOND NORMAL DESIGN REVIEW,E01
PLN-E03-006,E03,Component Catalogue,Configure safe component formulas,Business / Workflow,E03-01,R1,P5,Must,PARTIALLY EVIDENCED,IMPLEMENTED,HIGH,"P5-CCF-01 G04 closure: backend G02 PR #74 / e9e598fdae6c14968a4ec1b3a0e5c7026a06ea37; runtime-lock correction PR #75 / 65269a42008f31c0ec116a3fccb9f996826c621e; UI G03 PR #17 / 8e77bcf5a9a773cc9726eec4e87c0859cdb24543; local backend/API/migration/security tests, UI tests/build, real-backend admin/read-only browser journeys, and exact hosted CI contracts are green.","As a Payroll Rule Administrator, I need to configure safe component formulas, so that the payroll capability operates with controlled, reproducible and auditable outcomes.","Formula versions use an approved restricted language, declare inputs and result type, and cannot execute unrestricted code or SQL. Source-derived checks: 11.1 Supported formula types / 11.3 Formula-expression approach / Controlled domain-specific expression language","No material P5-CCF-01 gap remains for this bounded Component Catalogue story. Country-specific statutory rates/legal conclusions, calculation-engine execution beyond catalogue metadata, employee salary configuration, retro/off-cycle/final settlement, payments and accounting remain separately governed.",NO SPECIAL FLAG BEYOND NORMAL DESIGN REVIEW,E01
PLN-E03-007,E03,Component Catalogue,Compile and validate component dependencies,Business / Workflow,E03-01,R1,P5,Must,PARTIALLY EVIDENCED,IMPLEMENTED,HIGH,"P5-CCF-01 G04 closure: backend G02 PR #74 / e9e598fdae6c14968a4ec1b3a0e5c7026a06ea37; runtime-lock correction PR #75 / 65269a42008f31c0ec116a3fccb9f996826c621e; UI G03 PR #17 / 8e77bcf5a9a773cc9726eec4e87c0859cdb24543; local backend/API/migration/security tests, UI tests/build, real-backend admin/read-only browser journeys, and exact hosted CI contracts are green.","As a Payroll Rule Administrator, I need to compile and validate component dependencies, so that the payroll capability operates with controlled, reproducible and auditable outcomes.","Dependencies are explicit, versioned and acyclic outside approved iterative groups; downstream impact is shown before approval. Source-derived checks: Every formula must declare its dependencies. / A component cannot depend on a later calculation phase. / A component cannot reference itself.","No material P5-CCF-01 gap remains for this bounded Component Catalogue story. Country-specific statutory rates/legal conclusions, calculation-engine execution beyond catalogue metadata, employee salary configuration, retro/off-cycle/final settlement, payments and accounting remain separately governed.",NO SPECIAL FLAG BEYOND NORMAL DESIGN REVIEW,E01
PLN-E03-008,E03,Component Catalogue,Maintain multidimensional rate tables and parameters,Business / Workflow,E03-01,R1,P5,Must,NOT EVIDENCED,IMPLEMENTED,HIGH,"P5-CCF-01 G04 closure: backend G02 PR #74 / e9e598fdae6c14968a4ec1b3a0e5c7026a06ea37; runtime-lock correction PR #75 / 65269a42008f31c0ec116a3fccb9f996826c621e; UI G03 PR #17 / 8e77bcf5a9a773cc9726eec4e87c0859cdb24543; local backend/API/migration/security tests, UI tests/build, real-backend admin/read-only browser journeys, and exact hosted CI contracts are green.","As a Payroll Rule Administrator, I need to maintain multidimensional rate tables and parameters, so that the payroll capability operates with controlled, reproducible and auditable outcomes.","Rate rows are effective-dated, dimension-complete, non-overlapping and carry unit, currency and approval status. Source-derived checks: Values must not be embedded directly in formula text. / Existing payroll results retain the table version used.","No material P5-CCF-01 gap remains for this bounded Component Catalogue story. Country-specific statutory rates/legal conclusions, calculation-engine execution beyond catalogue metadata, employee salary configuration, retro/off-cycle/final settlement, payments and accounting remain separately governed.",NO SPECIAL FLAG BEYOND NORMAL DESIGN REVIEW,E01
PLN-E03-009,E03,Component Catalogue,Configure component-specific rounding,Business / Workflow,E03-01,R1,P5,Must,NOT EVIDENCED,IMPLEMENTED,HIGH,"P5-CCF-01 G04 closure: backend G02 PR #74 / e9e598fdae6c14968a4ec1b3a0e5c7026a06ea37; runtime-lock correction PR #75 / 65269a42008f31c0ec116a3fccb9f996826c621e; UI G03 PR #17 / 8e77bcf5a9a773cc9726eec4e87c0859cdb24543; local backend/API/migration/security tests, UI tests/build, real-backend admin/read-only browser journeys, and exact hosted CI contracts are green.","As a Payroll Rule Administrator, I need to configure component-specific rounding, so that the payroll capability operates with controlled, reproducible and auditable outcomes.","Rounding method, precision, stage and negative-value treatment are versioned and preserved in calculation evidence. Source-derived checks: Rounding must be configured by component or rule output. / Intermediate and final rounding must be stored separately when statutory reconciliation requires it.","No material P5-CCF-01 gap remains for this bounded Component Catalogue story. Country-specific statutory rates/legal conclusions, calculation-engine execution beyond catalogue metadata, employee salary configuration, retro/off-cycle/final settlement, payments and accounting remain separately governed.",NO SPECIAL FLAG BEYOND NORMAL DESIGN REVIEW,E01
PLN-E03-010,E03,Component Catalogue,Configure event-specific proration metadata,Business / Workflow,E03-01,R1,P5,Must,NOT EVIDENCED,IMPLEMENTED,HIGH,"P5-CCF-01 G04 closure: backend G02 PR #74 / e9e598fdae6c14968a4ec1b3a0e5c7026a06ea37; runtime-lock correction PR #75 / 65269a42008f31c0ec116a3fccb9f996826c621e; UI G03 PR #17 / 8e77bcf5a9a773cc9726eec4e87c0859cdb24543; local backend/API/migration/security tests, UI tests/build, real-backend admin/read-only browser journeys, and exact hosted CI contracts are green.","As a Payroll Rule Administrator, I need to configure event-specific proration metadata, so that the payroll capability operates with controlled, reproducible and auditable outcomes.","Joining, exit, unpaid leave, transfer and salary revision proration are independently configurable rather than one general flag. Source-derived checks: Although proration execution belongs to the calculation engine, every recurring component must define its eligible proration methods. / Separate controls are required for: / These are separate attributes rather than one general is_prorated flag.","No material P5-CCF-01 gap remains for this bounded Component Catalogue story. Country-specific statutory rates/legal conclusions, calculation-engine execution beyond catalogue metadata, employee salary configuration, retro/off-cycle/final settlement, payments and accounting remain separately governed.",NO SPECIAL FLAG BEYOND NORMAL DESIGN REVIEW,E01
PLN-E03-011,E03,Component Catalogue,Operate component lifecycle and approval,Business / Workflow,E03-01,R1,P5,Must,PARTIALLY EVIDENCED,IMPLEMENTED,HIGH,"P5-CCF-01 G04 closure: backend G02 PR #74 / e9e598fdae6c14968a4ec1b3a0e5c7026a06ea37; runtime-lock correction PR #75 / 65269a42008f31c0ec116a3fccb9f996826c621e; UI G03 PR #17 / 8e77bcf5a9a773cc9726eec4e87c0859cdb24543; local backend/API/migration/security tests, UI tests/build, real-backend admin/read-only browser journeys, and exact hosted CI contracts are green.","As a Payroll Configuration Approver, I need to operate component lifecycle and approval, so that the payroll capability operates with controlled, reproducible and auditable outcomes.","Draft, validation, approval, activation, supersession and retirement transitions are controlled and retain impact evidence. Source-derived checks: A component used in payroll cannot be deleted. / Future salary structures cannot use retired components. / Formula tests must pass before approval.","No material P5-CCF-01 gap remains for this bounded Component Catalogue story. Country-specific statutory rates/legal conclusions, calculation-engine execution beyond catalogue metadata, employee salary configuration, retro/off-cycle/final settlement, payments and accounting remain separately governed.",NO SPECIAL FLAG BEYOND NORMAL DESIGN REVIEW,E01
PLN-E03-012,E03,Component Catalogue,"Provide catalogue search, dependency and impact views",Business / Workflow,E03-01,R1,P5,Must,NOT EVIDENCED,IMPLEMENTED,HIGH,"P5-CCF-01 G04 closure: backend G02 PR #74 / e9e598fdae6c14968a4ec1b3a0e5c7026a06ea37; runtime-lock correction PR #75 / 65269a42008f31c0ec116a3fccb9f996826c621e; UI G03 PR #17 / 8e77bcf5a9a773cc9726eec4e87c0859cdb24543; local backend/API/migration/security tests, UI tests/build, real-backend admin/read-only browser journeys, and exact hosted CI contracts are green.","As a Payroll Configuration Analyst, I need to provide catalogue search, dependency and impact views, so that the payroll capability operates with controlled, reproducible and auditable outcomes.","Users can inspect classifications, formulas, bases, dependencies, versions and impacted structures before submitting changes. Source-derived checks: It should display a dependency graph and detect circularity immediately.","No material P5-CCF-01 gap remains for this bounded Component Catalogue story. Country-specific statutory rates/legal conclusions, calculation-engine execution beyond catalogue metadata, employee salary configuration, retro/off-cycle/final settlement, payments and accounting remain separately governed.",NO SPECIAL FLAG BEYOND NORMAL DESIGN REVIEW,E01
PLN-E04-001,E04,Salary Structures,Maintain stable salary-structure identities and versions,Business / Workflow,E04-01,R1,P5,Must,PARTIALLY EVIDENCED,IMPLEMENTED,HIGH,P5-A3/PR #32/V033: schema-1 salary-structure identity/version design lifecycle.,"As a Compensation Administrator, I need to maintain stable salary-structure identities and versions, so that the payroll capability operates with controlled, reproducible and auditable outcomes.","Structure codes remain stable; approved versions are immutable, effective-dated and scoped by country, currency, frequency and type. Source-derived checks: A salary structure is a reusable template defining the compensation components and rules applicable to a population. / 16.2 Salary-structure identity / 16.3 Salary-structure version","CTC policies, eligibility, simulations, minimum-wage/statutory validation, benefits/perquisites and the general structure-design model are not evidenced.",NO SPECIAL FLAG BEYOND NORMAL DESIGN REVIEW,E03
PLN-E04-002,E04,Salary Structures,Compose structures from a base and supplemental plans,Business / Workflow,E04-01,R1,P5,Must,NOT EVIDENCED,IMPLEMENTED,HIGH,P5-SSC-01 backend PR #78 / 969be73f971207e09541f1a6cfef7319ac2d8621 and UI PR #18 / f2d7d1ac1e96cf154b624cf583681c6b751b5219; E04-016/E04-017 local closure GREEN; backend 7/7 and UI 5/5 hosted checks GREEN; hosted cross-repository browser E2E consumed backend 969be73f971207e09541f1a6cfef7319ac2d8621; V042-V049 merged.,"As a Compensation Administrator, I need to compose structures from a base and supplemental plans, so that the payroll capability operates with controlled, reproducible and auditable outcomes.",A structure combines one base structure with approved supplemental plans without deep inheritance or duplicate active lines. Source-derived checks: Deep inheritance should be avoided. / Separate ownership of benefit and incentive plans / Explicit employee override,"No material P5-SSC-01 gap remains for reusable Salary Structures configuration. Employee-specific assignments/elections, official gross-to-net/tax/statutory execution, country-specific legal rates/rules, retro/off-cycle/final settlement, payments and accounting remain separately governed.",NO SPECIAL FLAG BEYOND NORMAL DESIGN REVIEW,E03
PLN-E04-003,E04,Salary Structures,Configure ordered salary-structure lines,Business / Workflow,E04-01,R1,P5,Must,PARTIALLY EVIDENCED,IMPLEMENTED,HIGH,P5-SSC-01 backend PR #78 / 969be73f971207e09541f1a6cfef7319ac2d8621 and UI PR #18 / f2d7d1ac1e96cf154b624cf583681c6b751b5219; E04-016/E04-017 local closure GREEN; backend 7/7 and UI 5/5 hosted checks GREEN; hosted cross-repository browser E2E consumed backend 969be73f971207e09541f1a6cfef7319ac2d8621; V042-V049 merged.,"As a Compensation Administrator, I need to configure ordered salary-structure lines, so that the payroll capability operates with controlled, reproducible and auditable outcomes.","Each line references an approved component version and defines defaults, eligibility, formula, display order and effective scope. Source-derived checks: Each structure line contains: / salary_structure_version_id / employee_override_allowed","No material P5-SSC-01 gap remains for reusable Salary Structures configuration. Employee-specific assignments/elections, official gross-to-net/tax/statutory execution, country-specific legal rates/rules, retro/off-cycle/final settlement, payments and accounting remain separately governed.",NO SPECIAL FLAG BEYOND NORMAL DESIGN REVIEW,E03
PLN-E04-004,E04,Salary Structures,Define cost-to-company policies,Business / Workflow,E04-01,R1,P5,Must,NOT EVIDENCED,IMPLEMENTED,HIGH,"P5-A3/PR #32/V033: versioned CTC policies, four cost views, reconciliation and residual controls.","As a Compensation Policy Administrator, I need to define cost-to-company policies, so that the payroll capability operates with controlled, reproducible and auditable outcomes.","CTC policies distinguish cash, employer contributions, provisions and benefits and reconcile to the approved target definition. Source-derived checks: Different employers include different items in CTC. Therefore, CTC must be defined using a versioned CTC policy. / The system should support at least four views: / Prevent negative residual values.","CTC policies, eligibility, simulations, minimum-wage/statutory validation, benefits/perquisites and the general structure-design model are not evidenced.",NO SPECIAL FLAG BEYOND NORMAL DESIGN REVIEW,E03
PLN-E04-005,E04,Salary Structures,Support multiple compensation target types,Business / Workflow,E04-01,R1,P5,Must,NOT EVIDENCED,IMPLEMENTED,HIGH,P5-SSC-01 backend PR #78 / 969be73f971207e09541f1a6cfef7319ac2d8621 and UI PR #18 / f2d7d1ac1e96cf154b624cf583681c6b751b5219; E04-016/E04-017 local closure GREEN; backend 7/7 and UI 5/5 hosted checks GREEN; hosted cross-repository browser E2E consumed backend 969be73f971207e09541f1a6cfef7319ac2d8621; V042-V049 merged.,"As a Compensation Analyst, I need to support multiple compensation target types, so that the payroll capability operates with controlled, reproducible and auditable outcomes.","Annual CTC, fixed pay, gross, hourly and other target types resolve through explicit conversion and residual rules. Source-derived checks: Each target must declare:","No material P5-SSC-01 gap remains for reusable Salary Structures configuration. Employee-specific assignments/elections, official gross-to-net/tax/statutory execution, country-specific legal rates/rules, retro/off-cycle/final settlement, payments and accounting remain separately governed.",NO SPECIAL FLAG BEYOND NORMAL DESIGN REVIEW,E03
PLN-E04-006,E04,Salary Structures,Configure flexible-benefit structures and elections,Business / Workflow,E04-01,R1,P5,Must,NOT EVIDENCED,IMPLEMENTED,HIGH,P5-SSC-01 backend PR #78 / 969be73f971207e09541f1a6cfef7319ac2d8621 and UI PR #18 / f2d7d1ac1e96cf154b624cf583681c6b751b5219; E04-016/E04-017 local closure GREEN; backend 7/7 and UI 5/5 hosted checks GREEN; hosted cross-repository browser E2E consumed backend 969be73f971207e09541f1a6cfef7319ac2d8621; V042-V049 merged.,"As a Benefits Administrator, I need to configure flexible-benefit structures and elections, so that the payroll capability operates with controlled, reproducible and auditable outcomes.","Flex pools enforce eligibility, limits, election windows and residual handling without changing protected statutory classifications. Source-derived checks: The system must support allowance baskets and employee elections. / The election changes the allocation within a salary package; it should not silently change the employee’s approved total compensation unless the policy explicitly permits it.","No material P5-SSC-01 gap remains for reusable Salary Structures configuration. Employee-specific assignments/elections, official gross-to-net/tax/statutory execution, country-specific legal rates/rules, retro/off-cycle/final settlement, payments and accounting remain separately governed.",NO SPECIAL FLAG BEYOND NORMAL DESIGN REVIEW,E03
PLN-E04-007,E04,Salary Structures,Define and evaluate structure eligibility,Business / Workflow,E04-01,R1,P5,Must,NOT EVIDENCED,IMPLEMENTED,HIGH,"P5-A3/PR #32/V033: typed, effective-dated, allow-listed eligibility-rule configuration and evaluation.","As a Compensation Policy Administrator, I need to define and evaluate structure eligibility, so that the payroll capability operates with controlled, reproducible and auditable outcomes.","Eligibility is explicit, effective-dated and testable by organisation, location, worker category, grade and other approved facts. Source-derived checks: Tenant configuration must not override mandatory statutory rules. / A component used in payroll cannot be deleted. / Future salary structures cannot use retired components.","CTC policies, eligibility, simulations, minimum-wage/statutory validation, benefits/perquisites and the general structure-design model are not evidenced.",NO SPECIAL FLAG BEYOND NORMAL DESIGN REVIEW,E03
PLN-E04-008,E04,Salary Structures,Run salary-structure simulations,Business / Workflow,E04-01,R1,P5,Must,NOT EVIDENCED,IMPLEMENTED,HIGH,P5-A3/PR #32: deterministic design-time simulation and comparison without payroll-result writes.,"As a Compensation Analyst, I need to run salary-structure simulations, so that the payroll capability operates with controlled, reproducible and auditable outcomes.","Simulation shows component values, CTC reconciliation, employer cost and rule versions without creating an employee payroll result. Source-derived checks: Required simulation outputs / Before publication, the system should show:","CTC policies, eligibility, simulations, minimum-wage/statutory validation, benefits/perquisites and the general structure-design model are not evidenced.",NO SPECIAL FLAG BEYOND NORMAL DESIGN REVIEW,E03
PLN-E04-009,E04,Salary Structures,Validate minimum-wage and statutory compatibility,Business / Workflow,E04-01,R1,P5,Must,NOT EVIDENCED,IMPLEMENTED,HIGH,P5-SSC-01 backend PR #78 / 969be73f971207e09541f1a6cfef7319ac2d8621 and UI PR #18 / f2d7d1ac1e96cf154b624cf583681c6b751b5219; E04-016/E04-017 local closure GREEN; backend 7/7 and UI 5/5 hosted checks GREEN; hosted cross-repository browser E2E consumed backend 969be73f971207e09541f1a6cfef7319ac2d8621; V042-V049 merged.,"As a Payroll Compliance Reviewer, I need to validate minimum-wage and statutory compatibility, so that the payroll capability operates with controlled, reproducible and auditable outcomes.","Publication is blocked when the proposed structure violates configured minimum-wage, statutory-base, dependency or target reconciliation rules. Source-derived checks: Currency required for monetary components. / Deduction components cannot increase net pay. / Employer contributions cannot reduce employee net pay.","No material P5-SSC-01 gap remains for reusable Salary Structures configuration. Employee-specific assignments/elections, official gross-to-net/tax/statutory execution, country-specific legal rates/rules, retro/off-cycle/final settlement, payments and accounting remain separately governed.",NO SPECIAL FLAG BEYOND NORMAL DESIGN REVIEW,E03
PLN-E04-010,E04,Salary Structures,Operate salary-structure maker-checker workflow,Business / Workflow,E04-01,R1,P5,Must,PARTIALLY EVIDENCED,IMPLEMENTED,HIGH,P5-SSC-01 backend PR #78 / 969be73f971207e09541f1a6cfef7319ac2d8621 and UI PR #18 / f2d7d1ac1e96cf154b624cf583681c6b751b5219; E04-016/E04-017 local closure GREEN; backend 7/7 and UI 5/5 hosted checks GREEN; hosted cross-repository browser E2E consumed backend 969be73f971207e09541f1a6cfef7319ac2d8621; V042-V049 merged.,"As a Compensation Approver, I need to operate salary-structure maker-checker workflow, so that the payroll capability operates with controlled, reproducible and auditable outcomes.","The maker and approver are segregated; publication stores simulation evidence, impact population and change reason. Source-derived checks: Required simulation outputs / Before publication, the system should show:","No material P5-SSC-01 gap remains for reusable Salary Structures configuration. Employee-specific assignments/elections, official gross-to-net/tax/statutory execution, country-specific legal rates/rules, retro/off-cycle/final settlement, payments and accounting remain separately governed.",NO SPECIAL FLAG BEYOND NORMAL DESIGN REVIEW,E03
PLN-E04-011,E04,Salary Structures,Provide structure design and comparison workbench,Business / Workflow,E04-01,R1,P5,Must,NOT EVIDENCED,IMPLEMENTED,HIGH,P5-SSC-01 backend PR #78 / 969be73f971207e09541f1a6cfef7319ac2d8621 and UI PR #18 / f2d7d1ac1e96cf154b624cf583681c6b751b5219; E04-016/E04-017 local closure GREEN; backend 7/7 and UI 5/5 hosted checks GREEN; hosted cross-repository browser E2E consumed backend 969be73f971207e09541f1a6cfef7319ac2d8621; V042-V049 merged.,"As a Compensation Analyst, I need to provide structure design and comparison workbench, so that the payroll capability operates with controlled, reproducible and auditable outcomes.","Users can compare versions, component lines, CTC totals, eligibility and downstream impact before publication. Source-derived checks: It should display a dependency graph and detect circularity immediately.","No material P5-SSC-01 gap remains for reusable Salary Structures configuration. Employee-specific assignments/elections, official gross-to-net/tax/statutory execution, country-specific legal rates/rules, retro/off-cycle/final settlement, payments and accounting remain separately governed.",NO SPECIAL FLAG BEYOND NORMAL DESIGN REVIEW,E03
PLN-E05-001,E05,Employee Payroll Profile,Create payroll relationships distinct from employment and assignment,Business / Workflow,E05-01,R1,P5,Must,PARTIALLY EVIDENCED,IMPLEMENTED,HIGH,"P5-EPA-01 backend PR #83 / 847adab127dcbca3431f9f0af4f35ce46ab55285 implements V050 relationship PSU/aggregation-boundary and approval/history controls; UI PR #19 / 9dbf0d2f700764e2fe577f89142cd6784028f70c provides the required relationship/history journey. Backend run 32126631284 and final UI run 32241925335 are GREEN, including cross-repository browser E2E.","As a Payroll Operations Administrator, I need to create payroll relationships distinct from employment and assignment, so that the payroll capability operates with controlled, reproducible and auditable outcomes.","A person may hold multiple employments or assignments; the payroll relationship retains legal employer, PSU, country and aggregation boundary. Source-derived checks: Payroll should store only the personal data required for payroll, statutory reporting, taxation and payment. / Worker type determines which payroll policies and statutory rules may apply, but it must not itself determine statutory eligibility. / One person may have multiple employment relationships, but overlapping employment must be explicitly permitted.","P5-EPA-01 closes only relationship/assignment/pay-group/salary-target/override/compensation-change/transfer-lineage scope. Employee onboarding/readiness, payroll identifiers/mismatch, bank/payment, PF/ESI/NPS and generic statutory memberships, tax/declarations/proofs, payroll holds, complete employee snapshots and the broad onboarding/readiness workbench remain outside this capability.",NO SPECIAL FLAG BEYOND NORMAL DESIGN REVIEW,"E01,E02,E04"
PLN-E05-002,E05,Employee Payroll Profile,Create payroll assignments and regular pay-group links,Business / Workflow,E05-01,R1,P5,Must,PARTIALLY EVIDENCED,IMPLEMENTED,HIGH,"P5-EPA-01 backend PR #83 / 847adab127dcbca3431f9f0af4f35ce46ab55285 implements explicit source work-assignment, PRIMARY/SECONDARY payroll role, eligibility and effective-dated assignment binding; UI PR #19 / 9dbf0d2f700764e2fe577f89142cd6784028f70c provides assignment/pay-group/salary binding journeys. Backend run 32126631284 and final UI run 32241925335 are GREEN.","As a Payroll Operations Administrator, I need to create payroll assignments and regular pay-group links, so that the payroll capability operates with controlled, reproducible and auditable outcomes.",Each payroll assignment links a work assignment to one valid regular pay group and salary structure for the effective period. Source-derived checks: The payroll assignment links a work assignment to payroll processing. / Primary or secondary payment status / Payroll eligibility dates,"P5-EPA-01 closes only relationship/assignment/pay-group/salary-target/override/compensation-change/transfer-lineage scope. Employee onboarding/readiness, payroll identifiers/mismatch, bank/payment, PF/ESI/NPS and generic statutory memberships, tax/declarations/proofs, payroll holds, complete employee snapshots and the broad onboarding/readiness workbench remain outside this capability.",NO SPECIAL FLAG BEYOND NORMAL DESIGN REVIEW,"E01,E02,E04"
PLN-E05-003,E05,Employee Payroll Profile,Operate employee payroll onboarding lifecycle,Business / Workflow,E05-01,R1,P5,Must,PARTIALLY EVIDENCED,PARTIALLY IMPLEMENTED,BASELINE RETAINED,No post-baseline story-level evidence change identified.,"As a Payroll Onboarding Specialist, I need to operate employee payroll onboarding lifecycle, so that the payroll capability operates with controlled, reproducible and auditable outcomes.","Onboarding progresses through data collection, validation, approval and readiness; cancellation and hold states preserve history. Source-derived checks: 5.1 End-to-end onboarding flow / Person and employment received / Payroll relationship created","Bank profile, employee identifiers, India-specific statutory memberships, tax profile/declarations, full multidimensional readiness, multi-assignment and compensation-change workflows are not complete.",NO SPECIAL FLAG BEYOND NORMAL DESIGN REVIEW,"E01,E02,E04"
PLN-E05-004,E05,Employee Payroll Profile,Evaluate multidimensional payroll readiness,Business / Workflow,E05-01,R1,P5,Must,PARTIALLY EVIDENCED,PARTIALLY IMPLEMENTED,BASELINE RETAINED,No post-baseline story-level evidence change identified.,"As a Payroll Operations Lead, I need to evaluate multidimensional payroll readiness, so that the payroll capability operates with controlled, reproducible and auditable outcomes.","Identity, assignment, compensation, calendar, payment, statutory, tax, documentation, approval and integration readiness are independently visible. Source-derived checks: An organisation can define which dimensions block:","Bank profile, employee identifiers, India-specific statutory memberships, tax profile/declarations, full multidimensional readiness, multi-assignment and compensation-change workflows are not complete.",NO SPECIAL FLAG BEYOND NORMAL DESIGN REVIEW,"E01,E02,E04"
PLN-E05-005,E05,Employee Payroll Profile,Securely manage payroll identifiers,Business / Workflow,E05-01,R1,P5,Must,NOT EVIDENCED,NOT EVIDENCED,BASELINE RETAINED,No post-baseline story-level evidence change identified.,"As a Payroll Identity Specialist, I need to securely manage payroll identifiers, so that the payroll capability operates with controlled, reproducible and auditable outcomes.","PAN, UAN, ESI, PRAN and other identifiers are tokenised or encrypted, masked by default, verified and duplicate-checked. Source-derived checks: The system should support: / Sensitive identifiers must be encrypted or tokenised. / Normal users see only masked values.","Bank profile, employee identifiers, India-specific statutory memberships, tax profile/declarations, full multidimensional readiness, multi-assignment and compensation-change workflows are not complete.",NO SPECIAL FLAG BEYOND NORMAL DESIGN REVIEW,"E01,E02,E04"
PLN-E05-006,E05,Employee Payroll Profile,Resolve name and identity mismatches,Business / Workflow,E05-01,R1,P5,Must,NOT EVIDENCED,NOT EVIDENCED,BASELINE RETAINED,No post-baseline story-level evidence change identified.,"As a Payroll Identity Specialist, I need to resolve name and identity mismatches, so that the payroll capability operates with controlled, reproducible and auditable outcomes.","Mismatches across HR, bank and statutory sources are classified, routed for correction and never silently overwrite the legal identity. Source-derived checks: Payroll should compare names and dates across: / The system must not automatically overwrite the legal name because another system contains a different value. / Correction submitted to source authority where required","Bank profile, employee identifiers, India-specific statutory memberships, tax profile/declarations, full multidimensional readiness, multi-assignment and compensation-change workflows are not complete.",NO SPECIAL FLAG BEYOND NORMAL DESIGN REVIEW,"E01,E02,E04"
PLN-E05-007,E05,Employee Payroll Profile,Assign pay groups with effective-dated override control,Business / Workflow,E05-01,R1,P5,Must,PARTIALLY EVIDENCED,IMPLEMENTED,HIGH,P5-EPA-01 backend PR #83 / 847adab127dcbca3431f9f0af4f35ce46ab55285 extends explicit effective-dated pay-group assignment compatibility and impact evidence without replacing V038 routing; UI PR #19 / 9dbf0d2f700764e2fe577f89142cd6784028f70c covers compatibility/backdated-impact operation. Final hosted cross-repository browser E2E run 32241925335 is GREEN.,"As a Payroll Operations Administrator, I need to assign pay groups with effective-dated override control, so that the payroll capability operates with controlled, reproducible and auditable outcomes.",Only one active regular pay group exists per payroll assignment; backdated changes trigger impact analysis and approved routing. Source-derived checks: Each payroll assignment can have only one active regular pay group at a time. / Pay group and salary-structure frequencies must be compatible. / The pay group’s PSU must match the payroll relationship’s PSU.,"P5-EPA-01 closes only relationship/assignment/pay-group/salary-target/override/compensation-change/transfer-lineage scope. Employee onboarding/readiness, payroll identifiers/mismatch, bank/payment, PF/ESI/NPS and generic statutory memberships, tax/declarations/proofs, payroll holds, complete employee snapshots and the broad onboarding/readiness workbench remain outside this capability.",NO SPECIAL FLAG BEYOND NORMAL DESIGN REVIEW,"E01,E02,E04"
PLN-E05-008,E05,Employee Payroll Profile,Assign salary structures and compensation targets,Business / Workflow,E05-01,R1,P5,Must,PARTIALLY EVIDENCED,IMPLEMENTED,HIGH,P5-EPA-01 backend PR #83 / 847adab127dcbca3431f9f0af4f35ce46ab55285 implements approved salary-structure version plus explicit target type/value/frequency/currency/source-event binding and history; UI PR #19 / 9dbf0d2f700764e2fe577f89142cd6784028f70c provides target assignment/history journeys. Backend run 32126631284 and final UI run 32241925335 are GREEN.,"As a Compensation Administrator, I need to assign salary structures and compensation targets, so that the payroll capability operates with controlled, reproducible and auditable outcomes.","Salary assignment references an approved structure version, target, currency and source event, and supersedes prior versions without overwrite. Source-derived checks: The salary-structure assignment connects an employee payroll assignment to the salary structure created in Iteration 2. / Source compensation event / 11.3 Salary-assignment lifecycle","P5-EPA-01 closes only relationship/assignment/pay-group/salary-target/override/compensation-change/transfer-lineage scope. Employee onboarding/readiness, payroll identifiers/mismatch, bank/payment, PF/ESI/NPS and generic statutory memberships, tax/declarations/proofs, payroll holds, complete employee snapshots and the broad onboarding/readiness workbench remain outside this capability.",NO SPECIAL FLAG BEYOND NORMAL DESIGN REVIEW,"E01,E02,E04"
PLN-E05-009,E05,Employee Payroll Profile,Manage employee-specific component values and overrides,Business / Workflow,E05-01,R1,P5,Must,PARTIALLY EVIDENCED,IMPLEMENTED,HIGH,P5-EPA-01 backend PR #83 / 847adab127dcbca3431f9f0af4f35ce46ab55285 implements effective-dated employee component overrides constrained by the existing E04 override policy and protected semantics; UI PR #19 / 9dbf0d2f700764e2fe577f89142cd6784028f70c provides create/approval/history operation. Local v1.2 and final hosted browser evidence are GREEN.,"As a Compensation Administrator, I need to manage employee-specific component values and overrides, so that the payroll capability operates with controlled, reproducible and auditable outcomes.","Overrides are effective-dated, approved and restricted from changing protected statutory or component semantics. Source-derived checks: Employee-level overrides must not: / A different component or approved structure version should be used when the business meaning changes.","P5-EPA-01 closes only relationship/assignment/pay-group/salary-target/override/compensation-change/transfer-lineage scope. Employee onboarding/readiness, payroll identifiers/mismatch, bank/payment, PF/ESI/NPS and generic statutory memberships, tax/declarations/proofs, payroll holds, complete employee snapshots and the broad onboarding/readiness workbench remain outside this capability.",NO SPECIAL FLAG BEYOND NORMAL DESIGN REVIEW,"E01,E02,E04"
PLN-E05-010,E05,Employee Payroll Profile,Process compensation changes with impact assessment,Business / Workflow,E05-01,R1,P5,Must,NOT EVIDENCED,IMPLEMENTED,HIGH,P5-EPA-01 backend PR #83 / 847adab127dcbca3431f9f0af4f35ce46ab55285 implements prospective/current-period/retrospective/correction/reversal compensation events and deterministic affected-period impact evidence without retro calculation or posting; UI PR #19 / 9dbf0d2f700764e2fe577f89142cd6784028f70c provides classification/impact review. Final hosted cross-repository browser E2E run 32241925335 is GREEN.,"As a Compensation Analyst, I need to process compensation changes with impact assessment, so that the payroll capability operates with controlled, reproducible and auditable outcomes.","Prospective, current, retrospective, correction and reversal events are distinct and show affected periods and estimated payroll impact. Source-derived checks: Every compensation change must be classified as: / The distinction between a genuine backdated change and correction of an earlier error must be preserved.","P5-EPA-01 closes only relationship/assignment/pay-group/salary-target/override/compensation-change/transfer-lineage scope. Employee onboarding/readiness, payroll identifiers/mismatch, bank/payment, PF/ESI/NPS and generic statutory memberships, tax/declarations/proofs, payroll holds, complete employee snapshots and the broad onboarding/readiness workbench remain outside this capability.",NO SPECIAL FLAG BEYOND NORMAL DESIGN REVIEW,"E01,E02,E04"
PLN-E05-011,E05,Employee Payroll Profile,Verify employee bank accounts and payment instructions,Business / Workflow,E05-01,R1,P5,Must,NOT EVIDENCED,NOT EVIDENCED,BASELINE RETAINED,No post-baseline story-level evidence change identified.,"As a Payroll Payments Administrator, I need to verify employee bank accounts and payment instructions, so that the payroll capability operates with controlled, reproducible and auditable outcomes.","Accounts are securely stored, verified, effective-dated and separated from allocation instructions; post-approval changes trigger payment impact review. Source-derived checks: The bank account and payment instruction are separate. / Total percentage must equal 100%. / Only one “remaining balance” account is permitted.","Bank profile, employee identifiers, India-specific statutory memberships, tax profile/declarations, full multidimensional readiness, multi-assignment and compensation-change workflows are not complete.",NO SPECIAL FLAG BEYOND NORMAL DESIGN REVIEW,"E01,E02,E04"
PLN-E05-012,E05,Employee Payroll Profile,Determine employee payment readiness,Business / Workflow,E05-01,R1,P5,Must,NOT EVIDENCED,NOT EVIDENCED,BASELINE RETAINED,No post-baseline story-level evidence change identified.,"As a Payroll Operations Lead, I need to determine employee payment readiness, so that the payroll capability operates with controlled, reproducible and auditable outcomes.","Payment readiness requires a valid verified instruction, compatible currency and no fraud, security or beneficiary hold. Source-derived checks: An employee is payment-ready only when:","Bank profile, employee identifiers, India-specific statutory memberships, tax profile/declarations, full multidimensional readiness, multi-assignment and compensation-change workflows are not complete.",NO SPECIAL FLAG BEYOND NORMAL DESIGN REVIEW,"E01,E02,E04"
PLN-E05-013,E05,Employee Payroll Profile,"Maintain PF, ESI and NPS membership profiles",Business / Workflow,E05-01,R1,P5,Must,NOT EVIDENCED,NOT EVIDENCED,BASELINE RETAINED,No post-baseline story-level evidence change identified.,"As a Payroll Compliance Specialist, I need to maintain PF, ESI and NPS membership profiles, so that the payroll capability operates with controlled, reproducible and auditable outcomes.","Existing identifiers are reused where applicable; membership outcomes, registrations, dates, portal status and exceptions are versioned. Source-derived checks: The PF profile must support: / UAN must be masked outside restricted roles. / Name, date-of-birth or identity mismatch must not be silently corrected.","Bank profile, employee identifiers, India-specific statutory memberships, tax profile/declarations, full multidimensional readiness, multi-assignment and compensation-change workflows are not complete.",NO SPECIAL FLAG BEYOND NORMAL DESIGN REVIEW,"E01,E02,E04"
PLN-E05-014,E05,Employee Payroll Profile,Maintain generic statutory memberships,Business / Workflow,E05-01,R1,P5,Must,PARTIALLY EVIDENCED,PARTIALLY IMPLEMENTED,BASELINE RETAINED,No post-baseline story-level evidence change identified.,"As a Payroll Compliance Specialist, I need to maintain generic statutory memberships, so that the payroll capability operates with controlled, reproducible and auditable outcomes.","Generic memberships coexist with scheme-specific extensions and retain eligibility rule, registration, identifier, coverage status and acknowledgement. Source-derived checks: This generic layer should coexist with scheme-specific extension tables for PF, ESI and NPS.","Bank profile, employee identifiers, India-specific statutory memberships, tax profile/declarations, full multidimensional readiness, multi-assignment and compensation-change workflows are not complete.",NO SPECIAL FLAG BEYOND NORMAL DESIGN REVIEW,"E01,E02,E04"
PLN-E05-015,E05,Employee Payroll Profile,Maintain tax profiles and regime elections by tax year,Business / Workflow,E05-01,R1,P5,Must,NOT EVIDENCED,NOT EVIDENCED,BASELINE RETAINED,No post-baseline story-level evidence change identified.,"As a Payroll Tax Specialist, I need to maintain tax profiles and regime elections by tax year, so that the payroll capability operates with controlled, reproducible and auditable outcomes.","Tax profile, PAN verification, residency, regime election and rule-pack version are tax-year specific and effective-dated. Source-derived checks: The tax profile stores employee-level data required by the salary tax engine. / Tax profile records must be versioned by tax year. / The Income-tax Act, 2025 and Income-tax Rules, 2026 apply from 1 April 2026. Official transition guidance states that employers must reset salary-TDS computation for Tax Year 2026–27 and use the new Act’s provisions and numbering.","Bank profile, employee identifiers, India-specific statutory memberships, tax profile/declarations, full multidimensional readiness, multi-assignment and compensation-change workflows are not complete.",NO SPECIAL FLAG BEYOND NORMAL DESIGN REVIEW,"E01,E02,E04"
PLN-E05-016,E05,Employee Payroll Profile,"Capture previous-employer income, declarations and proofs",Business / Workflow,E05-01,R1,P5,Must,NOT EVIDENCED,NOT EVIDENCED,BASELINE RETAINED,No post-baseline story-level evidence change identified.,"As a Payroll Tax Specialist, I need to capture previous-employer income, declarations and proofs, so that the payroll capability operates with controlled, reproducible and auditable outcomes.","Prior income/TDS, claims, evidence status and source documents are retained, approved and available to the tax calculation trace. Source-derived checks: Previous-employer values must not alter current-employer salary history. / Employee-submitted values must be marked separately from verified documents. / Duplicate previous-employer records must be detected.","Bank profile, employee identifiers, India-specific statutory memberships, tax profile/declarations, full multidimensional readiness, multi-assignment and compensation-change workflows are not complete.",NO SPECIAL FLAG BEYOND NORMAL DESIGN REVIEW,"E01,E02,E04"
PLN-E05-017,E05,Employee Payroll Profile,Apply payroll holds with scoped impact,Business / Workflow,E05-01,R1,P5,Must,NOT EVIDENCED,NOT EVIDENCED,BASELINE RETAINED,No post-baseline story-level evidence change identified.,"As a Payroll Operations Lead, I need to apply payroll holds with scoped impact, so that the payroll capability operates with controlled, reproducible and auditable outcomes.","Holds identify whether they block calculation, payment, document publication or statutory submission and require reason and approval. Source-derived checks: Hold must specify its scope. / Expired holds should not remain active silently. / Holds active at payroll snapshot time must be included in the snapshot.","Bank profile, employee identifiers, India-specific statutory memberships, tax profile/declarations, full multidimensional readiness, multi-assignment and compensation-change workflows are not complete.",NO SPECIAL FLAG BEYOND NORMAL DESIGN REVIEW,"E01,E02,E04"
PLN-E05-018,E05,Employee Payroll Profile,"Handle transfers, rehires and concurrent assignments",Business / Workflow,E05-01,R1,P5,Must,NOT EVIDENCED,IMPLEMENTED,HIGH,P5-EPA-01 backend PR #83 / 847adab127dcbca3431f9f0af4f35ce46ab55285 implements TRANSFER/REHIRE/CONCURRENT_ASSIGNMENT lineage with explicit CONTINUE/SUCCESSOR relationship decisions and preserved history; UI PR #19 / 9dbf0d2f700764e2fe577f89142cd6784028f70c provides lifecycle-lineage operation. Final hosted cross-repository browser E2E run 32241925335 is GREEN.,"As a Payroll Operations Lead, I need to handle transfers, rehires and concurrent assignments, so that the payroll capability operates with controlled, reproducible and auditable outcomes.","Legal-entity transfers, rehires and concurrent assignments create the correct relationship/assignment lineage and never merge historical payroll improperly. Source-derived checks: The system must explicitly determine whether the existing payroll relationship continues or a successor relationship is required.","P5-EPA-01 closes only relationship/assignment/pay-group/salary-target/override/compensation-change/transfer-lineage scope. Employee onboarding/readiness, payroll identifiers/mismatch, bank/payment, PF/ESI/NPS and generic statutory memberships, tax/declarations/proofs, payroll holds, complete employee snapshots and the broad onboarding/readiness workbench remain outside this capability.",NO SPECIAL FLAG BEYOND NORMAL DESIGN REVIEW,"E01,E02,E04"
PLN-E05-019,E05,Employee Payroll Profile,Create immutable employee payroll snapshots,Business / Workflow,E05-01,R1,P5,Must,PARTIALLY EVIDENCED,PARTIALLY IMPLEMENTED,BASELINE RETAINED,No post-baseline story-level evidence change identified.,"As a Payroll Platform Service, I need to create immutable employee payroll snapshots, so that the payroll capability operates with controlled, reproducible and auditable outcomes.","Every official calculation references an immutable employee snapshot containing the exact approved profile and assignments used. Source-derived checks: At payroll calculation time, the system must create an immutable employee snapshot. / The snapshot should contain: / A later employee-profile correction must not silently change an earlier payroll snapshot.","Bank profile, employee identifiers, India-specific statutory memberships, tax profile/declarations, full multidimensional readiness, multi-assignment and compensation-change workflows are not complete.",NO SPECIAL FLAG BEYOND NORMAL DESIGN REVIEW,"E01,E02,E04"
PLN-E05-020,E05,Employee Payroll Profile,"Provide onboarding, readiness and exception workbenches",Business / Workflow,E05-01,R1,P5,Must,PARTIALLY EVIDENCED,PARTIALLY IMPLEMENTED,BASELINE RETAINED,No post-baseline story-level evidence change identified.,"As a Payroll Operations Lead, I need to provide onboarding, readiness and exception workbenches, so that the payroll capability operates with controlled, reproducible and auditable outcomes.","Users can inspect readiness dimensions, pending evidence, source lineage, mismatches and blocking exceptions by employee and pay group. Source-derived checks: Every readiness failure must provide: / Displays only masked details and: / Retain contribution-period status.","Bank profile, employee identifiers, India-specific statutory memberships, tax profile/declarations, full multidimensional readiness, multi-assignment and compensation-change workflows are not complete.",NO SPECIAL FLAG BEYOND NORMAL DESIGN REVIEW,"E01,E02,E04"
PLN-E06-001,E06,Calculation Engine,Guarantee deterministic calculation from immutable snapshots,Business / Workflow,E06-01,R2,P6,Must,PARTIALLY EVIDENCED,PARTIALLY IMPLEMENTED,BASELINE RETAINED,No post-baseline story-level evidence change identified.,"As a Payroll Calculation Service, I need to guarantee deterministic calculation from immutable snapshots, so that the payroll capability operates with controlled, reproducible and auditable outcomes.","The same employee, configuration and input snapshot identities produce the same result and hash independent of server time, query order or worker order. Source-derived checks: must produce the same results and result hash. / Current date, server timezone, database query order or worker execution order must not influence the result.","The general formula engine, named bases, full dependency compiler, rounding/cap/gross-up policies, additional run types, simulations, parallel calculation and full failure-isolation model are not complete.",NO SPECIAL FLAG BEYOND NORMAL DESIGN REVIEW,"E03,E04,E05"
PLN-E06-002,E06,Calculation Engine,Preserve approved payroll-result immutability,Business / Workflow,E06-01,R2,P6,Must,PARTIALLY EVIDENCED,PARTIALLY IMPLEMENTED,BASELINE RETAINED,No post-baseline story-level evidence change identified.,"As a Payroll Calculation Service, I need to preserve approved payroll-result immutability, so that the payroll capability operates with controlled, reproducible and auditable outcomes.","Completed official results cannot be edited; correction creates a new attempt, replacement, reversal, difference or retro result with lineage. Source-derived checks: A completed calculation result must never be directly edited. / payroll_assignment_result / payroll_employer_liability_result","The general formula engine, named bases, full dependency compiler, rounding/cap/gross-up policies, additional run types, simulations, parallel calculation and full failure-isolation model are not complete.",NO SPECIAL FLAG BEYOND NORMAL DESIGN REVIEW,"E03,E04,E05"
PLN-E06-003,E06,Calculation Engine,Support multiple calculation scopes and run types,Business / Workflow,E06-01,R2,P6,Must,PARTIALLY EVIDENCED,PARTIALLY IMPLEMENTED,BASELINE RETAINED,No post-baseline story-level evidence change identified.,"As a Payroll Operations Lead, I need to support multiple calculation scopes and run types, so that the payroll capability operates with controlled, reproducible and auditable outcomes.","Full, subset, preview, quick, component, salary, parallel and approved run types apply explicit balance and payment behaviours. Source-derived checks: The engine must support calculations at several scopes. / Calculates only selected components and their dependencies. / Parallel calculations must not update official balances.","The general formula engine, named bases, full dependency compiler, rounding/cap/gross-up policies, additional run types, simulations, parallel calculation and full failure-isolation model are not complete.",NO SPECIAL FLAG BEYOND NORMAL DESIGN REVIEW,"E03,E04,E05"
PLN-E06-004,E06,Calculation Engine,Keep payroll date semantics distinct,Business / Workflow,E06-01,R2,P6,Must,NOT EVIDENCED,NOT EVIDENCED,BASELINE RETAINED,No post-baseline story-level evidence change identified.,"As a Payroll Rule Administrator, I need to keep payroll date semantics distinct, so that the payroll capability operates with controlled, reproducible and auditable outcomes.","Earned, effective, calculation, process, payment, tax, accounting, balance, received, approval and retro dates remain separate and traceable. Source-derived checks: These dates must never be collapsed into a single payroll_date.","The general formula engine, named bases, full dependency compiler, rounding/cap/gross-up policies, additional run types, simulations, parallel calculation and full failure-isolation model are not complete.",NO SPECIAL FLAG BEYOND NORMAL DESIGN REVIEW,"E03,E04,E05"
PLN-E06-005,E06,Calculation Engine,"Create independent employee, configuration and input snapshots",Business / Workflow,E06-01,R2,P6,Must,PARTIALLY EVIDENCED,PARTIALLY IMPLEMENTED,BASELINE RETAINED,No post-baseline story-level evidence change identified.,"As a Payroll Calculation Service, I need to create independent employee, configuration and input snapshots, so that the payroll capability operates with controlled, reproducible and auditable outcomes.",Each calculation references three immutable snapshot classes and a combined cryptographic identity. Source-derived checks: A calculation must reference three independent snapshots.,"The general formula engine, named bases, full dependency compiler, rounding/cap/gross-up policies, additional run types, simulations, parallel calculation and full failure-isolation model are not complete.",NO SPECIAL FLAG BEYOND NORMAL DESIGN REVIEW,"E03,E04,E05"
PLN-E06-006,E06,Calculation Engine,Normalise source inputs into canonical payroll facts,Business / Workflow,E06-01,R2,P6,Must,PARTIALLY EVIDENCED,PARTIALLY IMPLEMENTED,BASELINE RETAINED,No post-baseline story-level evidence change identified.,"As a Payroll Integration Service, I need to normalise source inputs into canonical payroll facts, so that the payroll capability operates with controlled, reproducible and auditable outcomes.","Units, currency, date earned and source lineage are normalised explicitly while original source values and transformation rules are retained. Source-derived checks: Retain original source value and unit. / Validate source approval. / Never aggregate records without retaining contributing references.","The general formula engine, named bases, full dependency compiler, rounding/cap/gross-up policies, additional run types, simulations, parallel calculation and full failure-isolation model are not complete.",NO SPECIAL FLAG BEYOND NORMAL DESIGN REVIEW,"E03,E04,E05"
PLN-E06-007,E06,Calculation Engine,Compile an executable calculation plan,Business / Workflow,E06-01,R2,P6,Must,NOT EVIDENCED,NOT EVIDENCED,BASELINE RETAINED,No post-baseline story-level evidence change identified.,"As a Payroll Rule Compiler, I need to compile an executable calculation plan, so that the payroll capability operates with controlled, reproducible and auditable outcomes.","The compiler resolves component, base, eligibility, rate and phase dependencies and rejects missing, invalid or circular configurations. Source-derived checks: Required named bases exist.","The general formula engine, named bases, full dependency compiler, rounding/cap/gross-up policies, additional run types, simulations, parallel calculation and full failure-isolation model are not complete.",NO SPECIAL FLAG BEYOND NORMAL DESIGN REVIEW,"E03,E04,E05"
PLN-E06-008,E06,Calculation Engine,Execute a controlled dependency graph,Business / Workflow,E06-01,R2,P6,Must,PARTIALLY EVIDENCED,PARTIALLY IMPLEMENTED,BASELINE RETAINED,No post-baseline story-level evidence change identified.,"As a Payroll Calculation Service, I need to execute a controlled dependency graph, so that the payroll capability operates with controlled, reproducible and auditable outcomes.",Ordinary nodes are topologically ordered; iterative groups are declared with convergence controls; execution order is versioned. Source-derived checks: Strongly connected components allowed only in declared iterative groups. / The UI should visually show:,"The general formula engine, named bases, full dependency compiler, rounding/cap/gross-up policies, additional run types, simulations, parallel calculation and full failure-isolation model are not complete.",NO SPECIAL FLAG BEYOND NORMAL DESIGN REVIEW,"E03,E04,E05"
PLN-E06-009,E06,Calculation Engine,Evaluate eligibility and partial-period segmentation,Business / Workflow,E06-01,R2,P6,Must,NOT EVIDENCED,NOT EVIDENCED,BASELINE RETAINED,No post-baseline story-level evidence change identified.,"As a Payroll Calculation Service, I need to evaluate eligibility and partial-period segmentation, so that the payroll capability operates with controlled, reproducible and auditable outcomes.","Eligibility records the rule version, facts, result and active dates; mid-period changes create deterministic segments. Source-derived checks: A component may be eligible for only part of a period. / The engine must segment the period when necessary rather than selecting only the end-of-period status.","The general formula engine, named bases, full dependency compiler, rounding/cap/gross-up policies, additional run types, simulations, parallel calculation and full failure-isolation model are not complete.",NO SPECIAL FLAG BEYOND NORMAL DESIGN REVIEW,"E03,E04,E05"
PLN-E06-010,E06,Calculation Engine,Calculate event-specific proration and rate conversion,Business / Workflow,E06-01,R2,P6,Must,PARTIALLY EVIDENCED,PARTIALLY IMPLEMENTED,BASELINE RETAINED,No post-baseline story-level evidence change identified.,"As a Payroll Calculation Service, I need to calculate event-specific proration and rate conversion, so that the payroll capability operates with controlled, reproducible and auditable outcomes.","Configured numerator, divisor, event treatment and rounding produce reproducible prorated results for joining, exit, absence and revisions. Source-derived checks: The engine should consume: / Joiner and leaver proration. / Mid-period salary segmentation.","The general formula engine, named bases, full dependency compiler, rounding/cap/gross-up policies, additional run types, simulations, parallel calculation and full failure-isolation model are not complete.",NO SPECIAL FLAG BEYOND NORMAL DESIGN REVIEW,"E03,E04,E05"
PLN-E06-011,E06,Calculation Engine,"Calculate fixed, variable and quantity-based earnings",Business / Workflow,E06-01,R2,P6,Must,PARTIALLY EVIDENCED,PARTIALLY IMPLEMENTED,BASELINE RETAINED,No post-baseline story-level evidence change identified.,"As a Payroll Calculation Service, I need to calculate fixed, variable and quantity-based earnings, so that the payroll capability operates with controlled, reproducible and auditable outcomes.","Each earning preserves full-period value, eligibility, proration, input quantity/rate, formula and rounded result. Source-derived checks: The engine should calculate: / Every result must preserve each stage.","The general formula engine, named bases, full dependency compiler, rounding/cap/gross-up policies, additional run types, simulations, parallel calculation and full failure-isolation model are not complete.",NO SPECIAL FLAG BEYOND NORMAL DESIGN REVIEW,"E03,E04,E05"
PLN-E06-012,E06,Calculation Engine,Calculate named gross and statutory bases,Business / Workflow,E06-01,R2,P6,Must,NOT EVIDENCED,NOT EVIDENCED,BASELINE RETAINED,No post-baseline story-level evidence change identified.,"As a Payroll Calculation Service, I need to calculate named gross and statutory bases, so that the payroll capability operates with controlled, reproducible and auditable outcomes.","Gross, taxable, statutory and reporting bases are calculated independently from versioned memberships and never inferred from one universal gross. Source-derived checks: Gross earnings are derived through named bases rather than a hard-coded sum. / The remuneration balance used for payment may differ from total gross earnings.","The general formula engine, named bases, full dependency compiler, rounding/cap/gross-up policies, additional run types, simulations, parallel calculation and full failure-isolation model are not complete.",NO SPECIAL FLAG BEYOND NORMAL DESIGN REVIEW,"E03,E04,E05"
PLN-E06-013,E06,Calculation Engine,Apply statutory and salary-tax adapters,Business / Workflow,E06-01,R2,P6,Must,PARTIALLY EVIDENCED,PARTIALLY IMPLEMENTED,BASELINE RETAINED,No post-baseline story-level evidence change identified.,"As a Payroll Calculation Service, I need to apply statutory and salary-tax adapters, so that the payroll capability operates with controlled, reproducible and auditable outcomes.","Country-neutral core calls effective-dated rule adapters and retains coverage, base, rate, ceiling, registration and rule version. Source-derived checks: Statutory pension contribution / Other local statutory deductions / 27.1 Statutory result structure","The general formula engine, named bases, full dependency compiler, rounding/cap/gross-up policies, additional run types, simulations, parallel calculation and full failure-isolation model are not complete.",NO SPECIAL FLAG BEYOND NORMAL DESIGN REVIEW,"E03,E04,E05"
PLN-E06-014,E06,Calculation Engine,"Apply deduction priority, limits and minimum-net rules",Business / Workflow,E06-01,R2,P6,Must,NOT EVIDENCED,NOT EVIDENCED,BASELINE RETAINED,No post-baseline story-level evidence change identified.,"As a Payroll Calculation Service, I need to apply deduction priority, limits and minimum-net rules, so that the payroll capability operates with controlled, reproducible and auditable outcomes.","Mandatory and voluntary deductions follow configured priority, partial-deduction, carry-forward and protected-net policies. Source-derived checks: Each deduction must define: / Final ordering must remain configurable by jurisdiction and employer policy. / Calculate statutory deductions.","The general formula engine, named bases, full dependency compiler, rounding/cap/gross-up policies, additional run types, simulations, parallel calculation and full failure-isolation model are not complete.",NO SPECIAL FLAG BEYOND NORMAL DESIGN REVIEW,"E03,E04,E05"
PLN-E06-015,E06,Calculation Engine,"Resolve zero, negative and payment-eligible net pay",Business / Workflow,E06-01,R2,P6,Must,NOT EVIDENCED,NOT EVIDENCED,BASELINE RETAINED,No post-baseline story-level evidence change identified.,"As a Payroll Operations Lead, I need to resolve zero, negative and payment-eligible net pay, so that the payroll capability operates with controlled, reproducible and auditable outcomes.","The result distinguishes valid zero pay, blocked negative net, deferred recovery, receivable and approved settlement exceptions. Source-derived checks: Set payment to zero and retain negative balance / Allow negative result for final settlement only / The engine must distinguish a valid zero result from missing input or formula failure.","The general formula engine, named bases, full dependency compiler, rounding/cap/gross-up policies, additional run types, simulations, parallel calculation and full failure-isolation model are not complete.",NO SPECIAL FLAG BEYOND NORMAL DESIGN REVIEW,"E03,E04,E05"
PLN-E06-016,E06,Calculation Engine,Calculate employer contributions and provisions,Business / Workflow,E06-01,R2,P6,Must,NOT EVIDENCED,NOT EVIDENCED,BASELINE RETAINED,No post-baseline story-level evidence change identified.,"As a Payroll Calculation Service, I need to calculate employer contributions and provisions, so that the payroll capability operates with controlled, reproducible and auditable outcomes.","Employer liabilities are separate from employee deductions and retain base, rate, ceiling, registration and costing dimensions. Source-derived checks: Employer contributions must retain their:","The general formula engine, named bases, full dependency compiler, rounding/cap/gross-up policies, additional run types, simulations, parallel calculation and full failure-isolation model are not complete.",NO SPECIAL FLAG BEYOND NORMAL DESIGN REVIEW,"E03,E04,E05"
PLN-E06-017,E06,Calculation Engine,Finalise reconciled immutable results and trace,Business / Workflow,E06-01,R2,P6,Must,PARTIALLY EVIDENCED,PARTIALLY IMPLEMENTED,BASELINE RETAINED,No post-baseline story-level evidence change identified.,"As a Payroll Calculation Service, I need to finalise reconciled immutable results and trace, so that the payroll capability operates with controlled, reproducible and auditable outcomes.","Employee totals reconcile; blocking validation fails only affected scope; trace exposes inputs, formula, intermediate values, bases, rounding and result. Source-derived checks: The result cannot be finalised if any blocking validation remains.","The general formula engine, named bases, full dependency compiler, rounding/cap/gross-up policies, additional run types, simulations, parallel calculation and full failure-isolation model are not complete.",NO SPECIAL FLAG BEYOND NORMAL DESIGN REVIEW,"E03,E04,E05"
PLN-E06-018,E06,Calculation Engine,"Support retry, recalculation, rollback and reversal foundations",Business / Workflow,E06-01,R2,P6,Must,PARTIALLY EVIDENCED,PARTIALLY IMPLEMENTED,BASELINE RETAINED,No post-baseline story-level evidence change identified.,"As a Payroll Operations Lead, I need to support retry, recalculation, rollback and reversal foundations, so that the payroll capability operates with controlled, reproducible and auditable outcomes.",Each operation has distinct eligibility and lineage; retries use the same snapshot and cannot duplicate results or balance movements. Source-derived checks: Use when a technical execution fails. / Same business result version / Use when approved data changes before payroll approval.,"The general formula engine, named bases, full dependency compiler, rounding/cap/gross-up policies, additional run types, simulations, parallel calculation and full failure-isolation model are not complete.",NO SPECIAL FLAG BEYOND NORMAL DESIGN REVIEW,"E03,E04,E05"
PLN-E06-019,E06,Calculation Engine,Run non-posting simulations and parallel calculations,Business / Workflow,E06-01,R2,P6,Must,NOT EVIDENCED,NOT EVIDENCED,BASELINE RETAINED,No post-baseline story-level evidence change identified.,"As a Payroll Analyst, I need to run non-posting simulations and parallel calculations, so that the payroll capability operates with controlled, reproducible and auditable outcomes.",Simulation and parallel results are isolated from official balances and compare configuration variants with reproducible evidence. Source-derived checks: Parallel calculations must not update official balances.,"The general formula engine, named bases, full dependency compiler, rounding/cap/gross-up policies, additional run types, simulations, parallel calculation and full failure-isolation model are not complete.",NO SPECIAL FLAG BEYOND NORMAL DESIGN REVIEW,"E03,E04,E05"
PLN-E06-020,E06,Calculation Engine,Isolate employee failures and resume partitions,Business / Workflow,E06-01,R2,P6,Must,PARTIALLY EVIDENCED,PARTIALLY IMPLEMENTED,BASELINE RETAINED,No post-baseline story-level evidence change identified.,"As a Payroll Operations Lead, I need to isolate employee failures and resume partitions, so that the payroll capability operates with controlled, reproducible and auditable outcomes.",One employee or partition failure does not invalidate successful results; retries resume from durable checkpoints without duplicate effects. Source-derived checks: An error for one employee must not automatically fail all other employees. / The payroll run should complete with:,"The general formula engine, named bases, full dependency compiler, rounding/cap/gross-up policies, additional run types, simulations, parallel calculation and full failure-isolation model are not complete.",NO SPECIAL FLAG BEYOND NORMAL DESIGN REVIEW,"E03,E04,E05"
PLN-E07-001,E07,Balances & Retro,Define payroll balances by dimension and ownership,Business / Workflow,E07-01,R2,P8,Must,PARTIALLY EVIDENCED,PARTIALLY IMPLEMENTED,BASELINE RETAINED,No post-baseline story-level evidence change identified.,"As a Payroll Rule Administrator, I need to define payroll balances by dimension and ownership, so that the payroll capability operates with controlled, reproducible and auditable outcomes.","Each balance declares unit, feed, ownership level and period dimension such as run, pay period, tax year or contribution period. Source-derived checks: Balances should be updated through movements, not direct overwrites. / Every movement points to its source payroll result. / payroll_balance_definition","General payroll balances, append-only balance movements, chronological retroactive difference calculation, arrears, carry-forwards and retro settlement across payroll periods are not implemented.",NO SPECIAL FLAG BEYOND NORMAL DESIGN REVIEW,"E06,E08,E09"
PLN-E07-002,E07,Balances & Retro,Post append-only balance movements,Business / Workflow,E07-01,R2,P8,Must,PARTIALLY EVIDENCED,PARTIALLY IMPLEMENTED,BASELINE RETAINED,No post-baseline story-level evidence change identified.,"As a Payroll Calculation Service, I need to post append-only balance movements, so that the payroll capability operates with controlled, reproducible and auditable outcomes.","Opening, result, adjustment, retro and reversal movements are append-only, source-linked and reconcile to the closing balance. Source-derived checks: Balances should be updated through movements, not direct overwrites. / Every movement points to its source payroll result.","General payroll balances, append-only balance movements, chronological retroactive difference calculation, arrears, carry-forwards and retro settlement across payroll periods are not implemented.",NO SPECIAL FLAG BEYOND NORMAL DESIGN REVIEW,"E06,E08,E09"
PLN-E07-003,E07,Balances & Retro,Initialise approved opening balances,Business / Workflow,E07-01,R2,P8,Must,NOT EVIDENCED,NOT EVIDENCED,BASELINE RETAINED,No post-baseline story-level evidence change identified.,"As a Payroll Migration Specialist, I need to initialise approved opening balances, so that the payroll capability operates with controlled, reproducible and auditable outcomes.","Opening balances carry source, as-of date, approval and reconciliation totals and cannot be loaded twice. Source-derived checks: Balance initialisation must: / Retain source reconciliation totals. / Prevent duplicate initialisation.","General payroll balances, append-only balance movements, chronological retroactive difference calculation, arrears, carry-forwards and retro settlement across payroll periods are not implemented.",NO SPECIAL FLAG BEYOND NORMAL DESIGN REVIEW,"E06,E08,E09"
PLN-E07-004,E07,Balances & Retro,Detect and deduplicate retro triggers,Business / Workflow,E07-01,R2,P8,Must,NOT EVIDENCED,NOT EVIDENCED,BASELINE RETAINED,No post-baseline story-level evidence change identified.,"As a Payroll Retro Specialist, I need to detect and deduplicate retro triggers, so that the payroll capability operates with controlled, reproducible and auditable outcomes.","Source version, effective period and payload identity prevent repeated arrears while semantic duplicates enter review. Source-derived checks: A repeated source event must not cause repeated arrears. / The system must also detect semantic duplicates where: / A change is retroactive when its effective date falls before the current open calculation period and affects a payroll-relevant value.","General payroll balances, append-only balance movements, chronological retroactive difference calculation, arrears, carry-forwards and retro settlement across payroll periods are not implemented.",NO SPECIAL FLAG BEYOND NORMAL DESIGN REVIEW,"E06,E08,E09"
PLN-E07-005,E07,Balances & Retro,Resolve the retro anchor and affected periods,Business / Workflow,E07-01,R2,P8,Must,NOT EVIDENCED,NOT EVIDENCED,BASELINE RETAINED,No post-baseline story-level evidence change identified.,"As a Payroll Retro Specialist, I need to resolve the retro anchor and affected periods, so that the payroll capability operates with controlled, reproducible and auditable outcomes.","The earliest unprocessed effective date is determined within migration, retention, statutory and available-snapshot boundaries; truncation raises an exception. Source-derived checks: earliest effective date of all unprocessed / payroll-relevant historical changes / A limit must produce an exception rather than silently ignoring the earlier period.","General payroll balances, append-only balance movements, chronological retroactive difference calculation, arrears, carry-forwards and retro settlement across payroll periods are not implemented.",NO SPECIAL FLAG BEYOND NORMAL DESIGN REVIEW,"E06,E08,E09"
PLN-E07-006,E07,Balances & Retro,Resolve original and corrected historical snapshots,Business / Workflow,E07-01,R2,P8,Must,NOT EVIDENCED,NOT EVIDENCED,BASELINE RETAINED,No post-baseline story-level evidence change identified.,"As a Payroll Retro Specialist, I need to resolve original and corrected historical snapshots, so that the payroll capability operates with controlled, reproducible and auditable outcomes.",The calculation retains the original historical view and the corrected effective-dated view used for each period. Source-derived checks: Explicit rule-resolution policy / The calculation trace must show both.,"General payroll balances, append-only balance movements, chronological retroactive difference calculation, arrears, carry-forwards and retro settlement across payroll periods are not implemented.",NO SPECIAL FLAG BEYOND NORMAL DESIGN REVIEW,"E06,E08,E09"
PLN-E07-007,E07,Balances & Retro,Apply explicit historical rule-resolution policy,Business / Workflow,E07-01,R2,P8,Must,NOT EVIDENCED,NOT EVIDENCED,BASELINE RETAINED,No post-baseline story-level evidence change identified.,"As a Payroll Rule Administrator, I need to apply explicit historical rule-resolution policy, so that the payroll capability operates with controlled, reproducible and auditable outcomes.","Each rule declares original-period, corrected-historical, current-payment, transition, prospective-only or manual-review treatment. Source-derived checks: Each rule type must declare its retro policy:","General payroll balances, append-only balance movements, chronological retroactive difference calculation, arrears, carry-forwards and retro settlement across payroll periods are not implemented.",NO SPECIAL FLAG BEYOND NORMAL DESIGN REVIEW,"E06,E08,E09"
PLN-E07-008,E07,Balances & Retro,Recalculate affected periods chronologically,Business / Workflow,E07-01,R2,P8,Must,NOT EVIDENCED,NOT EVIDENCED,BASELINE RETAINED,No post-baseline story-level evidence change identified.,"As a Payroll Calculation Service, I need to recalculate affected periods chronologically, so that the payroll capability operates with controlled, reproducible and auditable outcomes.","Historical periods are recalculated in sequence, dependent balances are rebuilt and downstream periods receive cascaded impacts. Source-derived checks: Use when approved data changes before payroll approval. / New business result version / Previous result superseded","General payroll balances, append-only balance movements, chronological retroactive difference calculation, arrears, carry-forwards and retro settlement across payroll periods are not implemented.",NO SPECIAL FLAG BEYOND NORMAL DESIGN REVIEW,"E06,E08,E09"
PLN-E07-009,E07,Balances & Retro,Produce component-level retro differences,Business / Workflow,E07-01,R2,P8,Must,NOT EVIDENCED,NOT EVIDENCED,BASELINE RETAINED,No post-baseline story-level evidence change identified.,"As a Payroll Calculation Service, I need to produce component-level retro differences, so that the payroll capability operates with controlled, reproducible and auditable outcomes.","Differences preserve original and recalculated results by period and component, including gross, tax, statutory, employer-cost and net effects. Source-derived checks: The engine should generate differences by: / The current payroll consumes only the approved difference result, not a rewritten historical payment. / Employer-only liability difference","General payroll balances, append-only balance movements, chronological retroactive difference calculation, arrears, carry-forwards and retro settlement across payroll periods are not implemented.",NO SPECIAL FLAG BEYOND NORMAL DESIGN REVIEW,"E06,E08,E09"
PLN-E07-010,E07,Balances & Retro,Maintain chained corrected-result lineage,Business / Workflow,E07-01,R2,P8,Must,NOT EVIDENCED,NOT EVIDENCED,BASELINE RETAINED,No post-baseline story-level evidence change identified.,"As a Payroll Calculation Service, I need to maintain chained corrected-result lineage, so that the payroll capability operates with controlled, reproducible and auditable outcomes.",A later correction compares with the latest accepted corrected result rather than always with the original result. Source-derived checks: The August retro must use the already corrected April salary. / The system must maintain a historical result lineage: / It must not compare every new correction only with the original result. It should compare with the latest accepted corrected historical result.,"General payroll balances, append-only balance movements, chronological retroactive difference calculation, arrears, carry-forwards and retro settlement across payroll periods are not implemented.",NO SPECIAL FLAG BEYOND NORMAL DESIGN REVIEW,"E06,E08,E09"
PLN-E07-011,E07,Balances & Retro,Net retro payments without losing period detail,Business / Workflow,E07-01,R2,P8,Must,NOT EVIDENCED,NOT EVIDENCED,BASELINE RETAINED,No post-baseline story-level evidence change identified.,"As a Payroll Retro Specialist, I need to net retro payments without losing period detail, so that the payroll capability operates with controlled, reproducible and auditable outcomes.",Approved netting dimensions are enforced while every contributing period and component remains individually traceable. Source-derived checks: The system must retain the individual periods and components even when payment is netted. / Cross-employer netting should not occur by default.,"General payroll balances, append-only balance movements, chronological retroactive difference calculation, arrears, carry-forwards and retro settlement across payroll periods are not implemented.",NO SPECIAL FLAG BEYOND NORMAL DESIGN REVIEW,"E06,E08,E09"
PLN-E07-012,E07,Balances & Retro,Handle retro across tax years and statutory returns,Business / Workflow,E07-01,R2,P8,Must,NOT EVIDENCED,NOT EVIDENCED,BASELINE RETAINED,No post-baseline story-level evidence change identified.,"As a Payroll Tax and Compliance Specialists, I need to handle retro across tax years and statutory returns, so that the payroll capability operates with controlled, reproducible and auditable outcomes.","Earning year, payment year, tax treatment, statutory correction route and certificate disclosure remain separate. Source-derived checks: When retro crosses a tax-year boundary, the system must distinguish: / Include prior taxable salary and previous-employer income. / Calculate remaining annual tax.","General payroll balances, append-only balance movements, chronological retroactive difference calculation, arrears, carry-forwards and retro settlement across payroll periods are not implemented.",NO SPECIAL FLAG BEYOND NORMAL DESIGN REVIEW,"E06,E08,E09"
PLN-E07-013,E07,Balances & Retro,"Reconcile retro payment, statutory and accounting outcomes",Business / Workflow,E07-01,R2,P8,Must,NOT EVIDENCED,NOT EVIDENCED,BASELINE RETAINED,No post-baseline story-level evidence change identified.,"As a Payroll Reconciliation Analyst, I need to reconcile retro payment, statutory and accounting outcomes, so that the payroll capability operates with controlled, reproducible and auditable outcomes.","Retro differences reconcile to payment/recovery, statutory corrections, accounting adjustments and employee statements before closure. Source-derived checks: Recalculated historical result / latest accepted historical result / = approved retro difference","General payroll balances, append-only balance movements, chronological retroactive difference calculation, arrears, carry-forwards and retro settlement across payroll periods are not implemented.",NO SPECIAL FLAG BEYOND NORMAL DESIGN REVIEW,"E06,E08,E09"
PLN-E08-001,E08,Payroll Operations,Create and govern payroll-cycle identities and states,Business / Workflow,E08-01,R2,P6,Must,PARTIALLY EVIDENCED,PARTIALLY IMPLEMENTED,BASELINE RETAINED,No post-baseline story-level evidence change identified.,"As a Payroll Operations Lead, I need to create and govern payroll-cycle identities and states, so that the payroll capability operates with controlled, reproducible and auditable outcomes.","One operational cycle is created per PSU, pay group, period and currency; transitions are controlled and versioned.","Input-source catalogue, delivery windows, cut-offs, source-owner certification, trial payroll replacement, full approval/lock/release workflow, checklists, resumable partitions and operational reconciliations are incomplete.",NO SPECIAL FLAG BEYOND NORMAL DESIGN REVIEW,"E01,E02,E05,E06"
PLN-E08-002,E08,Payroll Operations,Initiate cycles from published calendars,Business / Workflow,E08-01,R2,P6,Must,PARTIALLY EVIDENCED,PARTIALLY IMPLEMENTED,BASELINE RETAINED,No post-baseline story-level evidence change identified.,"As a Payroll Operations Lead, I need to initiate cycles from published calendars, so that the payroll capability operates with controlled, reproducible and auditable outcomes.","Initiation resolves population, milestones, sources, checklist tasks, prior adjustments and readiness risks from approved configuration. Source-derived checks: Identify required input sources. / Validate statutory and bank readiness.","Input-source catalogue, delivery windows, cut-offs, source-owner certification, trial payroll replacement, full approval/lock/release workflow, checklists, resumable partitions and operational reconciliations are incomplete.",NO SPECIAL FLAG BEYOND NORMAL DESIGN REVIEW,"E01,E02,E05,E06"
PLN-E08-003,E08,Payroll Operations,Operate configurable payroll checklists,Business / Workflow,E08-01,R2,P6,Must,NOT EVIDENCED,NOT EVIDENCED,BASELINE RETAINED,No post-baseline story-level evidence change identified.,"As a Payroll Operations Lead, I need to operate configurable payroll checklists, so that the payroll capability operates with controlled, reproducible and auditable outcomes.","Checklist items have owner, deadline and blocking status and cannot be bypassed without an approved exception. Source-derived checks: Every cycle should have a configurable checklist.","Input-source catalogue, delivery windows, cut-offs, source-owner certification, trial payroll replacement, full approval/lock/release workflow, checklists, resumable partitions and operational reconciliations are incomplete.",NO SPECIAL FLAG BEYOND NORMAL DESIGN REVIEW,"E01,E02,E05,E06"
PLN-E08-004,E08,Payroll Operations,Register payroll input sources and criticality,Business / Workflow,E08-01,R2,P6,Must,NOT EVIDENCED,NOT EVIDENCED,BASELINE RETAINED,No post-baseline story-level evidence change identified.,"As a Payroll Integration Administrator, I need to register payroll input sources and criticality, so that the payroll capability operates with controlled, reproducible and auditable outcomes.","Each source declares domain, method, owner, expected delivery, certification, validation and criticality. Source-derived checks: Each source feeding payroll must be registered.","Input-source catalogue, delivery windows, cut-offs, source-owner certification, trial payroll replacement, full approval/lock/release workflow, checklists, resumable partitions and operational reconciliations are incomplete.",NO SPECIAL FLAG BEYOND NORMAL DESIGN REVIEW,"E01,E02,E05,E06"
PLN-E08-005,E08,Payroll Operations,Open and enforce source-specific input windows,Business / Workflow,E08-01,R2,P6,Must,NOT EVIDENCED,NOT EVIDENCED,BASELINE RETAINED,No post-baseline story-level evidence change identified.,"As a Payroll Operations Lead, I need to open and enforce source-specific input windows, so that the payroll capability operates with controlled, reproducible and auditable outcomes.","Soft, hard, emergency and payment cut-offs route late data according to policy and preserve the actual generated timestamps. Source-derived checks: Explicit routing decision / After this point, only authorised emergency changes are accepted for the current payroll.","Input-source catalogue, delivery windows, cut-offs, source-owner certification, trial payroll replacement, full approval/lock/release workflow, checklists, resumable partitions and operational reconciliations are incomplete.",NO SPECIAL FLAG BEYOND NORMAL DESIGN REVIEW,"E01,E02,E05,E06"
PLN-E08-006,E08,Payroll Operations,Ingest canonical input batches and records,Business / Workflow,E08-01,R2,P6,Must,PARTIALLY EVIDENCED,PARTIALLY IMPLEMENTED,BASELINE RETAINED,No post-baseline story-level evidence change identified.,"As a Payroll Integration Service, I need to ingest canonical input batches and records, so that the payroll capability operates with controlled, reproducible and auditable outcomes.","Every batch and record retains source IDs, version, control totals, status, employee/component reference and original lineage. Source-derived checks: Inputs received together should form a batch.","Input-source catalogue, delivery windows, cut-offs, source-owner certification, trial payroll replacement, full approval/lock/release workflow, checklists, resumable partitions and operational reconciliations are incomplete.",NO SPECIAL FLAG BEYOND NORMAL DESIGN REVIEW,"E01,E02,E05,E06"
PLN-E08-007,E08,Payroll Operations,Secure file and API input delivery,Business / Workflow,E08-01,R2,P6,Must,PARTIALLY EVIDENCED,PARTIALLY IMPLEMENTED,BASELINE RETAINED,No post-baseline story-level evidence change identified.,"As a Payroll Integration Service, I need to secure file and API input delivery, so that the payroll capability operates with controlled, reproducible and auditable outcomes.","Files and APIs enforce authentication, schema/template version, malware safety, idempotency, control totals and row-level errors. Source-derived checks: The input file must be retained or archived according to audit policy, together with its checksum.","Input-source catalogue, delivery windows, cut-offs, source-owner certification, trial payroll replacement, full approval/lock/release workflow, checklists, resumable partitions and operational reconciliations are incomplete.",NO SPECIAL FLAG BEYOND NORMAL DESIGN REVIEW,"E01,E02,E05,E06"
PLN-E08-008,E08,Payroll Operations,"Detect duplicate, conflicting and superseded inputs",Business / Workflow,E08-01,R2,P6,Must,PARTIALLY EVIDENCED,PARTIALLY IMPLEMENTED,BASELINE RETAINED,No post-baseline story-level evidence change identified.,"As a Payroll Integration Service, I need to detect duplicate, conflicting and superseded inputs, so that the payroll capability operates with controlled, reproducible and auditable outcomes.",Exact duplicates are ignored idempotently; business duplicates and conflicts are quarantined; later versions supersede without deletion. Source-derived checks: Duplicate detection should use several levels. / These remain separate but may aggregate during calculation.,"Input-source catalogue, delivery windows, cut-offs, source-owner certification, trial payroll replacement, full approval/lock/release workflow, checklists, resumable partitions and operational reconciliations are incomplete.",NO SPECIAL FLAG BEYOND NORMAL DESIGN REVIEW,"E01,E02,E05,E06"
PLN-E08-009,E08,Payroll Operations,Require source-owner certification or certified zero,Business / Workflow,E08-01,R2,P6,Must,NOT EVIDENCED,NOT EVIDENCED,BASELINE RETAINED,No post-baseline story-level evidence change identified.,"As a Source Owner, I need to require source-owner certification or certified zero, so that the payroll capability operates with controlled, reproducible and auditable outcomes.","Critical sources submit approved data, certified zero or explicit non-applicability before sealing. Source-derived checks: Every critical source must certify its submission. / Certification statement should include:","Input-source catalogue, delivery windows, cut-offs, source-owner certification, trial payroll replacement, full approval/lock/release workflow, checklists, resumable partitions and operational reconciliations are incomplete.",NO SPECIAL FLAG BEYOND NORMAL DESIGN REVIEW,"E01,E02,E05,E06"
PLN-E08-010,E08,Payroll Operations,Reconcile source completeness,Business / Workflow,E08-01,R2,P6,Must,NOT EVIDENCED,NOT EVIDENCED,BASELINE RETAINED,No post-baseline story-level evidence change identified.,"As a Payroll Operations Lead, I need to reconcile source completeness, so that the payroll capability operates with controlled, reproducible and auditable outcomes.","Expected, received, validated and certified states are visible by source and blocking gaps prevent progression. Source-derived checks: The payroll cycle should maintain: / The payroll operator must be able to see whether a missing source is:","Input-source catalogue, delivery windows, cut-offs, source-owner certification, trial payroll replacement, full approval/lock/release workflow, checklists, resumable partitions and operational reconciliations are incomplete.",NO SPECIAL FLAG BEYOND NORMAL DESIGN REVIEW,"E01,E02,E05,E06"
PLN-E08-011,E08,Payroll Operations,Collect payroll-ready attendance and leave summaries,Business / Workflow,E08-01,R2,P6,Must,NOT EVIDENCED,NOT EVIDENCED,BASELINE RETAINED,No post-baseline story-level evidence change identified.,"As a Time and Leave Operations, I need to collect payroll-ready attendance and leave summaries, so that the payroll capability operates with controlled, reproducible and auditable outcomes.",Approved summaries retain source approval and exceptions; payroll does not infer pay treatment from raw punches or leave names. Source-derived checks: Payroll should consume approved payroll-ready time summaries rather than raw punches by default.,"Input-source catalogue, delivery windows, cut-offs, source-owner certification, trial payroll replacement, full approval/lock/release workflow, checklists, resumable partitions and operational reconciliations are incomplete.",NO SPECIAL FLAG BEYOND NORMAL DESIGN REVIEW,"E01,E02,E05,E06"
PLN-E08-012,E08,Payroll Operations,"Collect compensation, joiner, exit and variable inputs",Business / Workflow,E08-01,R2,P6,Must,PARTIALLY EVIDENCED,PARTIALLY IMPLEMENTED,BASELINE RETAINED,No post-baseline story-level evidence change identified.,"As a Payroll Operations Specialist, I need to collect compensation, joiner, exit and variable inputs, so that the payroll capability operates with controlled, reproducible and auditable outcomes.","Approved changes are classified current, future or retro; joiners and leavers receive an explicit current/off-cycle/defer/hold route. Source-derived checks: Before payroll cut-off, the system must identify:","Input-source catalogue, delivery windows, cut-offs, source-owner certification, trial payroll replacement, full approval/lock/release workflow, checklists, resumable partitions and operational reconciliations are incomplete.",NO SPECIAL FLAG BEYOND NORMAL DESIGN REVIEW,"E01,E02,E05,E06"
PLN-E08-013,E08,Payroll Operations,Control high-risk manual inputs,Business / Workflow,E08-01,R2,P6,Must,NOT EVIDENCED,NOT EVIDENCED,BASELINE RETAINED,No post-baseline story-level evidence change identified.,"As a Payroll Operations Specialist, I need to control high-risk manual inputs, so that the payroll capability operates with controlled, reproducible and auditable outcomes.","Manual entries require reason, evidence, maker-checker and elevated approval for net, tax, statutory, bank or large-value changes. Source-derived checks: Manual entry should require: / Manual inputs should be visibly marked in:","Input-source catalogue, delivery windows, cut-offs, source-owner certification, trial payroll replacement, full approval/lock/release workflow, checklists, resumable partitions and operational reconciliations are incomplete.",NO SPECIAL FLAG BEYOND NORMAL DESIGN REVIEW,"E01,E02,E05,E06"
PLN-E08-014,E08,Payroll Operations,Route late inputs by downstream state and risk,Business / Workflow,E08-01,R2,P6,Must,NOT EVIDENCED,NOT EVIDENCED,BASELINE RETAINED,No post-baseline story-level evidence change identified.,"As a Payroll Operations Lead, I need to route late inputs by downstream state and risk, so that the payroll capability operates with controlled, reproducible and auditable outcomes.","The engine recommends current, recalculate, off-cycle, next-period, retro or reject routing; an authorised user records the final decision. Source-derived checks: Every input type needs a late-input routing policy.","Input-source catalogue, delivery windows, cut-offs, source-owner certification, trial payroll replacement, full approval/lock/release workflow, checklists, resumable partitions and operational reconciliations are incomplete.",NO SPECIAL FLAG BEYOND NORMAL DESIGN REVIEW,"E01,E02,E05,E06"
PLN-E08-015,E08,Payroll Operations,Resolve and freeze the payroll population,Business / Workflow,E08-01,R2,P6,Must,PARTIALLY EVIDENCED,PARTIALLY IMPLEMENTED,BASELINE RETAINED,No post-baseline story-level evidence change identified.,"As a Payroll Operations Lead, I need to resolve and freeze the payroll population, so that the payroll capability operates with controlled, reproducible and auditable outcomes.","Expected population reconciles from prior period, joiners, transfers and exits; inclusion/exclusion reasons are versioned before freeze. Source-derived checks: The payroll population should be derived using: / Population inclusion and exclusion must have reason codes. / Prevent unexplained missing employees.","Input-source catalogue, delivery windows, cut-offs, source-owner certification, trial payroll replacement, full approval/lock/release workflow, checklists, resumable partitions and operational reconciliations are incomplete.",NO SPECIAL FLAG BEYOND NORMAL DESIGN REVIEW,"E01,E02,E05,E06"
PLN-E08-016,E08,Payroll Operations,Seal immutable input snapshots,Business / Workflow,E08-01,R2,P6,Must,PARTIALLY EVIDENCED,PARTIALLY IMPLEMENTED,BASELINE RETAINED,No post-baseline story-level evidence change identified.,"As a Payroll Operations Lead, I need to seal immutable input snapshots, so that the payroll capability operates with controlled, reproducible and auditable outcomes.","Critical sources, population and approvals are complete; the sealed snapshot receives a content hash and cannot be edited. Source-derived checks: Required source reconciliations pass. / The resulting input-snapshot hash must be stored with every payroll calculation. / Every correction must preserve earlier versions and trial-result relationships.","Input-source catalogue, delivery windows, cut-offs, source-owner certification, trial payroll replacement, full approval/lock/release workflow, checklists, resumable partitions and operational reconciliations are incomplete.",NO SPECIAL FLAG BEYOND NORMAL DESIGN REVIEW,"E01,E02,E05,E06"
PLN-E08-017,E08,Payroll Operations,Run replaceable trial payroll and incremental recalculation,Business / Workflow,E08-01,R2,P6,Must,PARTIALLY EVIDENCED,PARTIALLY IMPLEMENTED,BASELINE RETAINED,No post-baseline story-level evidence change identified.,"As a Payroll Operations Lead, I need to run replaceable trial payroll and incremental recalculation, so that the payroll capability operates with controlled, reproducible and auditable outcomes.",Trials are numbered and replaceable; official balances are unaffected; limited corrections recalculate only impacted employees/dependencies. Source-derived checks: Update trial balances only. / Retain prior trial results. / Prevent trial results from reaching payment.,"Input-source catalogue, delivery windows, cut-offs, source-owner certification, trial payroll replacement, full approval/lock/release workflow, checklists, resumable partitions and operational reconciliations are incomplete.",NO SPECIAL FLAG BEYOND NORMAL DESIGN REVIEW,"E01,E02,E05,E06"
PLN-E08-018,E08,Payroll Operations,"Manage exceptions, variance and reconciliation",Business / Workflow,E08-01,R2,P6,Must,PARTIALLY EVIDENCED,PARTIALLY IMPLEMENTED,BASELINE RETAINED,No post-baseline story-level evidence change identified.,"As a Payroll Operations Lead, I need to manage exceptions, variance and reconciliation, so that the payroll capability operates with controlled, reproducible and auditable outcomes.","Exceptions have severity, owner, due date and blocking scope; variances and control totals reconcile before approval. Source-derived checks: Every exception should have:","Input-source catalogue, delivery windows, cut-offs, source-owner certification, trial payroll replacement, full approval/lock/release workflow, checklists, resumable partitions and operational reconciliations are incomplete.",NO SPECIAL FLAG BEYOND NORMAL DESIGN REVIEW,"E01,E02,E05,E06"
PLN-E08-019,E08,Payroll Operations,"Review, approve, lock and release payroll",Business / Workflow,E08-01,R2,P6,Must,NOT EVIDENCED,NOT EVIDENCED,BASELINE RETAINED,No post-baseline story-level evidence change identified.,"As a Payroll Approver, I need to review, approve, lock and release payroll, so that the payroll capability operates with controlled, reproducible and auditable outcomes.",Independent approval follows reconciliations; locked snapshots/results cannot change; release to payment is distinct from payment execution. Source-derived checks: Produce a payroll review pack. / Execute multi-level review. / Approve a specific result version.,"Input-source catalogue, delivery windows, cut-offs, source-owner certification, trial payroll replacement, full approval/lock/release workflow, checklists, resumable partitions and operational reconciliations are incomplete.",NO SPECIAL FLAG BEYOND NORMAL DESIGN REVIEW,"E01,E02,E05,E06"
PLN-E08-020,E08,Payroll Operations,Reopen payroll through controlled supersession,Business / Workflow,E08-01,R2,P6,Must,PARTIALLY EVIDENCED,PARTIALLY IMPLEMENTED,BASELINE RETAINED,No post-baseline story-level evidence change identified.,"As a Payroll Manager, I need to reopen payroll through controlled supersession, so that the payroll capability operates with controlled, reproducible and auditable outcomes.","Reopening requires reason and approval, supersedes prior snapshots/results and triggers renewed reconciliation and approval. Source-derived checks: A payroll cycle may need reopening because of: / Statutory calculation defect / Approved emergency change","Input-source catalogue, delivery windows, cut-offs, source-owner certification, trial payroll replacement, full approval/lock/release workflow, checklists, resumable partitions and operational reconciliations are incomplete.",NO SPECIAL FLAG BEYOND NORMAL DESIGN REVIEW,"E01,E02,E05,E06"
PLN-E08-021,E08,Payroll Operations,Provide payroll operations dashboards and workbench,Business / Workflow,E08-01,R2,P6,Must,PARTIALLY EVIDENCED,PARTIALLY IMPLEMENTED,BASELINE RETAINED,No post-baseline story-level evidence change identified.,"As a Payroll Operations Lead, I need to provide payroll operations dashboards and workbench, so that the payroll capability operates with controlled, reproducible and auditable outcomes.","The workspace shows timeline risk, source completeness, population, calculation progress, exceptions, variance, approval and release state. Source-derived checks: The dashboard should show:","Input-source catalogue, delivery windows, cut-offs, source-owner certification, trial payroll replacement, full approval/lock/release workflow, checklists, resumable partitions and operational reconciliations are incomplete.",NO SPECIAL FLAG BEYOND NORMAL DESIGN REVIEW,"E01,E02,E05,E06"
PLN-E09-001,E09,India Statutory Rules,Establish the India rule-pack hierarchy and precedence,Business / Workflow,E09-01,R2,P7,Must,LEGAL/DOMAIN REVALIDATION,LEGAL/DOMAIN REVALIDATION,BASELINE RETAINED,No post-baseline story-level evidence change identified.,"As a Payroll Compliance Architect, I need to establish the India rule-pack hierarchy and precedence, so that the payroll capability operates with controlled, reproducible and auditable outcomes.","Country, central labour, central tax, state, establishment and employee rule layers resolve through explicit precedence and retain the winning rule version. Source-derived checks: ├── Central Labour Rule Pack / ├── Central Tax Rule Pack / │ └── Tax forms and remittance","PF, EPS, EDLI, ESI, PT, LWF, NPS, gratuity, bonus, salary TDS, minimum wage, overtime, deduction limits, legal forms, filing and settlement are explicitly not implemented.",MANDATORY LEGAL/DOMAIN REVALIDATION BEFORE IMPLEMENTATION,"E01,E03,E05,E06,E08"
PLN-E09-002,E09,India Statutory Rules,Maintain effective-dated statutory rule versions,Business / Workflow,E09-01,R2,P7,Must,LEGAL/DOMAIN REVALIDATION,LEGAL/DOMAIN REVALIDATION,BASELINE RETAINED,No post-baseline story-level evidence change identified.,"As a Payroll Compliance Administrator, I need to maintain effective-dated statutory rule versions, so that the payroll capability operates with controlled, reproducible and auditable outcomes.","Publication, legal effect, operational start, retrospective date, transition and grandfathering are distinct; overlapping approved versions are blocked. Source-derived checks: Every statutory object must support: / The system must identify affected historical payroll periods and create a retro-impact record.","PF, EPS, EDLI, ESI, PT, LWF, NPS, gratuity, bonus, salary TDS, minimum wage, overtime, deduction limits, legal forms, filing and settlement are explicitly not implemented.",MANDATORY LEGAL/DOMAIN REVALIDATION BEFORE IMPLEMENTATION,"E01,E03,E05,E06,E08"
PLN-E09-003,E09,India Statutory Rules,Register statutory obligations and legal owners,Business / Workflow,E09-01,R2,P7,Must,LEGAL/DOMAIN REVALIDATION,LEGAL/DOMAIN REVALIDATION,BASELINE RETAINED,No post-baseline story-level evidence change identified.,"As a Payroll Compliance Administrator, I need to register statutory obligations and legal owners, so that the payroll capability operates with controlled, reproducible and auditable outcomes.","Each obligation identifies legal entity, PSU, establishment, registration, jurisdiction, due-date rule and responsible team. Source-derived checks: Each payroll statutory unit and establishment must have an obligation registry.","PF, EPS, EDLI, ESI, PT, LWF, NPS, gratuity, bonus, salary TDS, minimum wage, overtime, deduction limits, legal forms, filing and settlement are explicitly not implemented.",MANDATORY LEGAL/DOMAIN REVALIDATION BEFORE IMPLEMENTATION,"E01,E03,E05,E06,E08"
PLN-E09-004,E09,India Statutory Rules,Model distinct statutory wage bases,Business / Workflow,E09-01,R2,P7,Must,LEGAL/DOMAIN REVALIDATION,LEGAL/DOMAIN REVALIDATION,BASELINE RETAINED,No post-baseline story-level evidence change identified.,"As a Payroll Rule Administrator, I need to model distinct statutory wage bases, so that the payroll capability operates with controlled, reproducible and auditable outcomes.","Code wages, minimum wage, overtime, PF/EPS/EDLI, ESI, gratuity, bonus, PT/LWF, NPS and tax bases remain separate. Source-derived checks: The system must not use one universal value called statutory_wage. / Separate named bases are required: / Even when two bases produce the same value, they must remain separate because their legal definitions can diverge later.","PF, EPS, EDLI, ESI, PT, LWF, NPS, gratuity, bonus, salary TDS, minimum wage, overtime, deduction limits, legal forms, filing and settlement are explicitly not implemented.",MANDATORY LEGAL/DOMAIN REVALIDATION BEFORE IMPLEMENTATION,"E01,E03,E05,E06,E08"
PLN-E09-005,E09,India Statutory Rules,Calculate labour-code wage inclusion and add-back,Business / Workflow,E09-01,R2,P7,Must,LEGAL/DOMAIN REVALIDATION,LEGAL/DOMAIN REVALIDATION,BASELINE RETAINED,No post-baseline story-level evidence change identified.,"As a Payroll Rule Administrator, I need to calculate labour-code wage inclusion and add-back, so that the payroll capability operates with controlled, reproducible and auditable outcomes.","Component classification, remuneration, permitted exclusion and add-back use the effective rule; every result cites the legal source. Source-derived checks: The statutory wage engine must classify every compensation component into: / + other remuneration required by rule version / The current central framework uses 50% as the relevant exclusion limitation. This percentage must nevertheless remain an effective-dated parameter.","PF, EPS, EDLI, ESI, PT, LWF, NPS, gratuity, bonus, salary TDS, minimum wage, overtime, deduction limits, legal forms, filing and settlement are explicitly not implemented.",MANDATORY LEGAL/DOMAIN REVALIDATION BEFORE IMPLEMENTATION,"E01,E03,E05,E06,E08"
PLN-E09-006,E09,India Statutory Rules,Enforce wage-payment timelines and deduction limits,Business / Workflow,E09-01,R2,P7,Must,LEGAL/DOMAIN REVALIDATION,LEGAL/DOMAIN REVALIDATION,BASELINE RETAINED,No post-baseline story-level evidence change identified.,"As a Payroll Compliance Specialist, I need to enforce wage-payment timelines and deduction limits, so that the payroll capability operates with controlled, reproducible and auditable outcomes.","Period-specific payment deadlines and authorised-deduction capacity are calculated, monitored and escalated using the applicable rule. Source-derived checks: The payroll calendar must support: / The compliance-calendar engine must: / Adjust only where legally permitted","PF, EPS, EDLI, ESI, PT, LWF, NPS, gratuity, bonus, salary TDS, minimum wage, overtime, deduction limits, legal forms, filing and settlement are explicitly not implemented.",MANDATORY LEGAL/DOMAIN REVALIDATION BEFORE IMPLEMENTATION,"E01,E03,E05,E06,E08"
PLN-E09-007,E09,India Statutory Rules,Calculate overtime under effective jurisdiction rules,Business / Workflow,E09-01,R2,P7,Must,LEGAL/DOMAIN REVALIDATION,LEGAL/DOMAIN REVALIDATION,BASELINE RETAINED,No post-baseline story-level evidence change identified.,"As a Payroll Rule Administrator, I need to calculate overtime under effective jurisdiction rules, so that the payroll capability operates with controlled, reproducible and auditable outcomes.","Daily/weekly thresholds, normal-rate wage, multiplier, maximum hours and approval are effective-dated and prevent double counting. Source-derived checks: The overtime module must support: / The divisor, normal-rate base, daily threshold, weekly threshold and multiplier must be effective-dated.","PF, EPS, EDLI, ESI, PT, LWF, NPS, gratuity, bonus, salary TDS, minimum wage, overtime, deduction limits, legal forms, filing and settlement are explicitly not implemented.",MANDATORY LEGAL/DOMAIN REVALIDATION BEFORE IMPLEMENTATION,"E01,E03,E05,E06,E08"
PLN-E09-008,E09,India Statutory Rules,Resolve and validate minimum wages,Business / Workflow,E09-01,R2,P7,Must,LEGAL/DOMAIN REVALIDATION,LEGAL/DOMAIN REVALIDATION,BASELINE RETAINED,No post-baseline story-level evidence change identified.,"As a Payroll Compliance Specialist, I need to resolve and validate minimum wages, so that the payroll capability operates with controlled, reproducible and auditable outcomes.","Jurisdiction, industry, occupation, skill, worker category and effective date select the rate; shortfall is separate and traceable. Source-derived checks: Minimum wages must be configured by the appropriate government and work jurisdiction. / Required dimensions include: / The Code on Wages provides for government-fixed minimum wages and a central floor wage framework; a state minimum wage already above the applicable floor must not be reduced merely because of the floor wage.","PF, EPS, EDLI, ESI, PT, LWF, NPS, gratuity, bonus, salary TDS, minimum wage, overtime, deduction limits, legal forms, filing and settlement are explicitly not implemented.",MANDATORY LEGAL/DOMAIN REVALIDATION BEFORE IMPLEMENTATION,"E01,E03,E05,E06,E08"
PLN-E09-009,E09,India Statutory Rules,Calculate EPF employee and employer liabilities,Business / Workflow,E09-01,R2,P7,Must,LEGAL/DOMAIN REVALIDATION,LEGAL/DOMAIN REVALIDATION,BASELINE RETAINED,No post-baseline story-level evidence change identified.,"As a Payroll Statutory Specialist, I need to calculate EPF employee and employer liabilities, so that the payroll capability operates with controlled, reproducible and auditable outcomes.","Employee EPF, employer EPF, EPS, EDLI and charges are separate results using establishment and employee membership profiles. Source-derived checks: EPF processing must treat the following as separate liabilities: / Separate handling for international workers and approved higher-wage cases / Every value must be stored in rate tables, not application code.","PF, EPS, EDLI, ESI, PT, LWF, NPS, gratuity, bonus, salary TDS, minimum wage, overtime, deduction limits, legal forms, filing and settlement are explicitly not implemented.",MANDATORY LEGAL/DOMAIN REVALIDATION BEFORE IMPLEMENTATION,"E01,E03,E05,E06,E08"
PLN-E09-010,E09,India Statutory Rules,"Handle VPF, EPS exceptions and higher-wage cases",Business / Workflow,E09-01,R2,P7,Must,LEGAL/DOMAIN REVALIDATION,LEGAL/DOMAIN REVALIDATION,BASELINE RETAINED,No post-baseline story-level evidence change identified.,"As a Payroll Statutory Specialist, I need to handle VPF, EPS exceptions and higher-wage cases, so that the payroll capability operates with controlled, reproducible and auditable outcomes.","VPF is separately elected; EPS eligibility, higher-wage and exempted/international-worker cases use explicit approved profiles. Source-derived checks: The VPF module must support: / VPF must remain a separate result component and should not modify the statutory employee EPF result.","PF, EPS, EDLI, ESI, PT, LWF, NPS, gratuity, bonus, salary TDS, minimum wage, overtime, deduction limits, legal forms, filing and settlement are explicitly not implemented.",MANDATORY LEGAL/DOMAIN REVALIDATION BEFORE IMPLEMENTATION,"E01,E03,E05,E06,E08"
PLN-E09-011,E09,India Statutory Rules,Generate and reconcile EPFO outputs and corrections,Business / Workflow,E09-01,R2,P7,Must,LEGAL/DOMAIN REVALIDATION,LEGAL/DOMAIN REVALIDATION,BASELINE RETAINED,No post-baseline story-level evidence change identified.,"As a Payroll Statutory Operations, I need to generate and reconcile EPFO outputs and corrections, so that the payroll capability operates with controlled, reproducible and auditable outcomes.","Member-level results reconcile to submission, payment, acknowledgement and correction routes without collapsing return types. Source-derived checks: Required outputs include: / The output adapter must preserve the PF registration and wage month associated with each employee result. / Standard contribution class","PF, EPS, EDLI, ESI, PT, LWF, NPS, gratuity, bonus, salary TDS, minimum wage, overtime, deduction limits, legal forms, filing and settlement are explicitly not implemented.",MANDATORY LEGAL/DOMAIN REVALIDATION BEFORE IMPLEMENTATION,"E01,E03,E05,E06,E08"
PLN-E09-012,E09,India Statutory Rules,Determine ESI coverage and contributions,Business / Workflow,E09-01,R2,P7,Must,LEGAL/DOMAIN REVALIDATION,LEGAL/DOMAIN REVALIDATION,BASELINE RETAINED,No post-baseline story-level evidence change identified.,"As a Payroll Statutory Specialist, I need to determine ESI coverage and contributions, so that the payroll capability operates with controlled, reproducible and auditable outcomes.","Coverage, continuity, contribution wage, employee/employer rates, registration and contribution period are separately resolved. Source-derived checks: ESI requires separate treatment for: / Person-with-disability threshold / Continuing contribution-period coverage","PF, EPS, EDLI, ESI, PT, LWF, NPS, gratuity, bonus, salary TDS, minimum wage, overtime, deduction limits, legal forms, filing and settlement are explicitly not implemented.",MANDATORY LEGAL/DOMAIN REVALIDATION BEFORE IMPLEMENTATION,"E01,E03,E05,E06,E08"
PLN-E09-013,E09,India Statutory Rules,Configure state-specific professional tax,Business / Workflow,E09-01,R2,P7,Must,LEGAL/DOMAIN REVALIDATION,LEGAL/DOMAIN REVALIDATION,BASELINE RETAINED,No post-baseline story-level evidence change identified.,"As a Payroll State Compliance Specialist, I need to configure state-specific professional tax, so that the payroll capability operates with controlled, reproducible and auditable outcomes.","State-specific slabs, exemptions, frequency, special months, annual cap, jurisdiction resolution and returns are effective-dated. Source-derived checks: Professional tax must be implemented as independent state rule packs. / No national PT table should be created. / Employer-borne perquisite tax","PF, EPS, EDLI, ESI, PT, LWF, NPS, gratuity, bonus, salary TDS, minimum wage, overtime, deduction limits, legal forms, filing and settlement are explicitly not implemented.",MANDATORY LEGAL/DOMAIN REVALIDATION BEFORE IMPLEMENTATION,"E01,E03,E05,E06,E08"
PLN-E09-014,E09,India Statutory Rules,Configure state-specific labour welfare fund,Business / Workflow,E09-01,R2,P7,Must,LEGAL/DOMAIN REVALIDATION,LEGAL/DOMAIN REVALIDATION,BASELINE RETAINED,No post-baseline story-level evidence change identified.,"As a Payroll State Compliance Specialist, I need to configure state-specific labour welfare fund, so that the payroll capability operates with controlled, reproducible and auditable outcomes.","Applicability, employee/employer amount, contribution month, exemptions, registration and due date are state-rule-pack driven. Source-derived checks: LWF must also be implemented as state-specific rule packs. / Required configuration includes: / Separate components are required:","PF, EPS, EDLI, ESI, PT, LWF, NPS, gratuity, bonus, salary TDS, minimum wage, overtime, deduction limits, legal forms, filing and settlement are explicitly not implemented.",MANDATORY LEGAL/DOMAIN REVALIDATION BEFORE IMPLEMENTATION,"E01,E03,E05,E06,E08"
PLN-E09-015,E09,India Statutory Rules,Calculate corporate NPS contributions,Business / Workflow,E09-01,R2,P7,Must,LEGAL/DOMAIN REVALIDATION,LEGAL/DOMAIN REVALIDATION,BASELINE RETAINED,No post-baseline story-level evidence change identified.,"As a Payroll Statutory Specialist, I need to calculate corporate NPS contributions, so that the payroll capability operates with controlled, reproducible and auditable outcomes.","PRAN, corporate association, employee/employer elections, bases and transaction references remain separate and reconciled. Source-derived checks: NPS payroll must support: / Employer-only contribution / Employee-only contribution","PF, EPS, EDLI, ESI, PT, LWF, NPS, gratuity, bonus, salary TDS, minimum wage, overtime, deduction limits, legal forms, filing and settlement are explicitly not implemented.",MANDATORY LEGAL/DOMAIN REVALIDATION BEFORE IMPLEMENTATION,"E01,E03,E05,E06,E08"
PLN-E09-016,E09,India Statutory Rules,Calculate and settle gratuity,Business / Workflow,E09-01,R2,P7,Must,LEGAL/DOMAIN REVALIDATION,LEGAL/DOMAIN REVALIDATION,BASELINE RETAINED,No post-baseline story-level evidence change identified.,"As a Payroll Statutory Specialist, I need to calculate and settle gratuity, so that the payroll capability operates with controlled, reproducible and auditable outcomes.","Eligibility, continuous service, wage base, service rounding, ceiling and event treatment use the applicable rule version. Source-derived checks: The gratuity rule pack must support: / Support fixed-term and exceptional events. / Separate provision from settlement.","PF, EPS, EDLI, ESI, PT, LWF, NPS, gratuity, bonus, salary TDS, minimum wage, overtime, deduction limits, legal forms, filing and settlement are explicitly not implemented.",MANDATORY LEGAL/DOMAIN REVALIDATION BEFORE IMPLEMENTATION,"E01,E03,E05,E06,E08"
PLN-E09-017,E09,India Statutory Rules,Calculate statutory bonus,Business / Workflow,E09-01,R2,P7,Must,LEGAL/DOMAIN REVALIDATION,LEGAL/DOMAIN REVALIDATION,BASELINE RETAINED,No post-baseline story-level evidence change identified.,"As a Payroll Statutory Specialist, I need to calculate statutory bonus, so that the payroll capability operates with controlled, reproducible and auditable outcomes.","Eligibility, accounting year, wage limits, minimum/maximum rate, allocable surplus and set-on/set-off are separately evidenced. Source-derived checks: Statutory bonus must remain separate from: / Support set-on and set-off.","PF, EPS, EDLI, ESI, PT, LWF, NPS, gratuity, bonus, salary TDS, minimum wage, overtime, deduction limits, legal forms, filing and settlement are explicitly not implemented.",MANDATORY LEGAL/DOMAIN REVALIDATION BEFORE IMPLEMENTATION,"E01,E03,E05,E06,E08"
PLN-E09-018,E09,India Statutory Rules,Project annual salary tax and periodic TDS,Business / Workflow,E09-01,R2,P7,Must,LEGAL/DOMAIN REVALIDATION,LEGAL/DOMAIN REVALIDATION,BASELINE RETAINED,No post-baseline story-level evidence change identified.,"As a Payroll Tax Specialist, I need to project annual salary tax and periodic TDS, so that the payroll capability operates with controlled, reproducible and auditable outcomes.","Tax-year rule pack, regime, projected salary, exemptions, deductions, relief, prior TDS and current allocation are traceable. Source-derived checks: The salary-tax engine must be versioned by: / Employer-borne perquisite tax","PF, EPS, EDLI, ESI, PT, LWF, NPS, gratuity, bonus, salary TDS, minimum wage, overtime, deduction limits, legal forms, filing and settlement are explicitly not implemented.",MANDATORY LEGAL/DOMAIN REVALIDATION BEFORE IMPLEMENTATION,"E01,E03,E05,E06,E08"
PLN-E09-019,E09,India Statutory Rules,Value perquisites and employer-paid tax,Business / Workflow,E09-01,R2,P7,Must,LEGAL/DOMAIN REVALIDATION,LEGAL/DOMAIN REVALIDATION,BASELINE RETAINED,No post-baseline story-level evidence change identified.,"As a Payroll Tax Specialist, I need to value perquisites and employer-paid tax, so that the payroll capability operates with controlled, reproducible and auditable outcomes.",Cash and non-cash items apply effective valuation and gross-up/tax treatment without conflating payment and taxability. Source-derived checks: The product must support:,"PF, EPS, EDLI, ESI, PT, LWF, NPS, gratuity, bonus, salary TDS, minimum wage, overtime, deduction limits, legal forms, filing and settlement are explicitly not implemented.",MANDATORY LEGAL/DOMAIN REVALIDATION BEFORE IMPLEMENTATION,"E01,E03,E05,E06,E08"
PLN-E09-020,E09,India Statutory Rules,Process previous-employer income and evidence,Business / Workflow,E09-01,R2,P7,Must,LEGAL/DOMAIN REVALIDATION,LEGAL/DOMAIN REVALIDATION,BASELINE RETAINED,No post-baseline story-level evidence change identified.,"As a Payroll Tax Specialist, I need to process previous-employer income and evidence, so that the payroll capability operates with controlled, reproducible and auditable outcomes.","Prior salary/TDS, employee declarations, proofs and approval state affect projection only through approved tax-year records. Source-derived checks: The current employer tax profile must accept:","PF, EPS, EDLI, ESI, PT, LWF, NPS, gratuity, bonus, salary TDS, minimum wage, overtime, deduction limits, legal forms, filing and settlement are explicitly not implemented.",MANDATORY LEGAL/DOMAIN REVALIDATION BEFORE IMPLEMENTATION,"E01,E03,E05,E06,E08"
PLN-E09-021,E09,India Statutory Rules,"Generate tax forms, remittance and reconciliation",Business / Workflow,E09-01,R2,P7,Must,LEGAL/DOMAIN REVALIDATION,LEGAL/DOMAIN REVALIDATION,BASELINE RETAINED,No post-baseline story-level evidence change identified.,"As a Payroll Tax Operations, I need to generate tax forms, remittance and reconciliation, so that the payroll capability operates with controlled, reproducible and auditable outcomes.","Form/version, remittance deadline, employee certificate and authority submission reconcile to tax results and acknowledgements. Source-derived checks: Required configurable outputs include: / Employer-borne perquisite tax","PF, EPS, EDLI, ESI, PT, LWF, NPS, gratuity, bonus, salary TDS, minimum wage, overtime, deduction limits, legal forms, filing and settlement are explicitly not implemented.",MANDATORY LEGAL/DOMAIN REVALIDATION BEFORE IMPLEMENTATION,"E01,E03,E05,E06,E08"
PLN-E09-022,E09,India Statutory Rules,"Generate statutory obligations, outputs and acknowledgements",Business / Workflow,E09-01,R2,P7,Must,LEGAL/DOMAIN REVALIDATION,LEGAL/DOMAIN REVALIDATION,BASELINE RETAINED,No post-baseline story-level evidence change identified.,"As a Payroll Statutory Operations, I need to generate statutory obligations, outputs and acknowledgements, so that the payroll capability operates with controlled, reproducible and auditable outcomes.","Liabilities group by registration and period; submissions are versioned, idempotent and linked to authority acknowledgements. Source-derived checks: Each scheme adapter must remain separate.","PF, EPS, EDLI, ESI, PT, LWF, NPS, gratuity, bonus, salary TDS, minimum wage, overtime, deduction limits, legal forms, filing and settlement are explicitly not implemented.",MANDATORY LEGAL/DOMAIN REVALIDATION BEFORE IMPLEMENTATION,"E01,E03,E05,E06,E08"
PLN-E09-023,E09,India Statutory Rules,Route statutory corrections without rewriting history,Business / Workflow,E09-01,R2,P7,Must,LEGAL/DOMAIN REVALIDATION,LEGAL/DOMAIN REVALIDATION,BASELINE RETAINED,No post-baseline story-level evidence change identified.,"As a Payroll Statutory Operations, I need to route statutory corrections without rewriting history, so that the payroll capability operates with controlled, reproducible and auditable outcomes.","Correction type, original submission, replacement values, interest/penalty impact and authority state are retained. Source-derived checks: Corrections must support: / Corrections must create movements rather than editing the original liability.","PF, EPS, EDLI, ESI, PT, LWF, NPS, gratuity, bonus, salary TDS, minimum wage, overtime, deduction limits, legal forms, filing and settlement are explicitly not implemented.",MANDATORY LEGAL/DOMAIN REVALIDATION BEFORE IMPLEMENTATION,"E01,E03,E05,E06,E08"
PLN-E09-024,E09,India Statutory Rules,Maintain legal-source and rule lineage,Business / Workflow,E09-01,R2,P7,Must,LEGAL/DOMAIN REVALIDATION,LEGAL/DOMAIN REVALIDATION,BASELINE RETAINED,No post-baseline story-level evidence change identified.,"As a Payroll Compliance Counsel, I need to maintain legal-source and rule lineage, so that the payroll capability operates with controlled, reproducible and auditable outcomes.","Every rule version links to authority, document, publication/effective dates, review status and approval evidence. Source-derived checks: No production statutory rule should be activated without a linked legal or authority source.","PF, EPS, EDLI, ESI, PT, LWF, NPS, gratuity, bonus, salary TDS, minimum wage, overtime, deduction limits, legal forms, filing and settlement are explicitly not implemented.",MANDATORY LEGAL/DOMAIN REVALIDATION BEFORE IMPLEMENTATION,"E01,E03,E05,E06,E08"
PLN-E09-025,E09,India Statutory Rules,"Provide statutory calendar, exceptions and reconciliation dashboards",Business / Workflow,E09-01,R2,P7,Must,LEGAL/DOMAIN REVALIDATION,LEGAL/DOMAIN REVALIDATION,BASELINE RETAINED,No post-baseline story-level evidence change identified.,"As a Payroll Compliance Lead, I need to provide statutory calendar, exceptions and reconciliation dashboards, so that the payroll capability operates with controlled, reproducible and auditable outcomes.","Upcoming obligations, unresolved coverage/configuration exceptions, submission status and liability/payment differences are visible. Source-derived checks: The statutory calendar must generate obligation instances for:","PF, EPS, EDLI, ESI, PT, LWF, NPS, gratuity, bonus, salary TDS, minimum wage, overtime, deduction limits, legal forms, filing and settlement are explicitly not implemented.",MANDATORY LEGAL/DOMAIN REVALIDATION BEFORE IMPLEMENTATION,"E01,E03,E05,E06,E08"
PLN-E10-001,E10,Off-cycle & Final Settlement,Create a correction case and route decision,Business / Workflow,E10-01,R3,P8,Must,NOT STARTED,NOT STARTED,BASELINE RETAINED,No post-baseline story-level evidence change identified.,"As a Payroll Corrections Specialist, I need to create a correction case and route decision, so that the payroll capability operates with controlled, reproducible and auditable outcomes.","Effective date, payroll, payment, filing and accounting states produce a recommended route; an authorised user records the approved route. Source-derived checks: Every changed record should be routed using:","Retro corrections, off-cycle runs, reversals, recoveries, advances, negative-net handling, final settlement, legal deadlines and settlement documents.",NO SPECIAL FLAG BEYOND NORMAL DESIGN REVIEW,"E06,E07,E08,E09"
PLN-E10-002,E10,Off-cycle & Final Settlement,Operate correction-case lifecycle and partial completion,Business / Workflow,E10-01,R3,P8,Must,NOT STARTED,NOT STARTED,BASELINE RETAINED,No post-baseline story-level evidence change identified.,"As a Payroll Corrections Specialist, I need to operate correction-case lifecycle and partial completion, so that the payroll capability operates with controlled, reproducible and auditable outcomes.","Cases preserve assessment, approval, calculation, payment/recovery, statutory and accounting completion independently. Source-derived checks: A case may remain partially completed when payroll payment is complete but statutory or accounting correction is pending.","Retro corrections, off-cycle runs, reversals, recoveries, advances, negative-net handling, final settlement, legal deadlines and settlement documents.",NO SPECIAL FLAG BEYOND NORMAL DESIGN REVIEW,"E06,E07,E08,E09"
PLN-E10-003,E10,Off-cycle & Final Settlement,Create controlled off-cycle payroll runs,Business / Workflow,E10-01,R3,P8,Must,NOT STARTED,NOT STARTED,BASELINE RETAINED,No post-baseline story-level evidence change identified.,"As a Payroll Operations Lead, I need to create controlled off-cycle payroll runs, so that the payroll capability operates with controlled, reproducible and auditable outcomes.","Off-cycle runs use approved calculation, tax, statutory, balance, approval and audit controls outside the regular schedule. Source-derived checks: An off-cycle payroll is a controlled payroll calculation and payment process outside the employee’s regular payroll schedule.","Retro corrections, off-cycle runs, reversals, recoveries, advances, negative-net handling, final settlement, legal deadlines and settlement documents.",NO SPECIAL FLAG BEYOND NORMAL DESIGN REVIEW,"E06,E07,E08,E09"
PLN-E10-004,E10,Off-cycle & Final Settlement,Support explicit off-cycle types and policies,Business / Workflow,E10-01,R3,P8,Must,NOT STARTED,NOT STARTED,BASELINE RETAINED,No post-baseline story-level evidence change identified.,"As a Payroll Operations Lead, I need to support explicit off-cycle types and policies, so that the payroll capability operates with controlled, reproducible and auditable outcomes.","Each type defines eligible components, population, tax/statutory treatment, deductions, payment method and statement type. Source-derived checks: Payslip or statement type / Whether deductions are applied / Whether regular salary is included","Retro corrections, off-cycle runs, reversals, recoveries, advances, negative-net handling, final settlement, legal deadlines and settlement documents.",NO SPECIAL FLAG BEYOND NORMAL DESIGN REVIEW,"E06,E07,E08,E09"
PLN-E10-005,E10,Off-cycle & Final Settlement,Resolve off-cycle population and deductions,Business / Workflow,E10-01,R3,P8,Must,NOT STARTED,NOT STARTED,BASELINE RETAINED,No post-baseline story-level evidence change identified.,"As a Payroll Operations Specialist, I need to resolve off-cycle population and deductions, so that the payroll capability operates with controlled, reproducible and auditable outcomes.",Every included employee has a reason; deductions and balance feeds follow type-specific policy and prevent accidental regular-population inclusion. Source-derived checks: Every employee requires an inclusion reason. / An off-cycle run must not automatically include the entire regular pay group unless expressly configured.,"Retro corrections, off-cycle runs, reversals, recoveries, advances, negative-net handling, final settlement, legal deadlines and settlement documents.",NO SPECIAL FLAG BEYOND NORMAL DESIGN REVIEW,"E06,E07,E08,E09"
PLN-E10-006,E10,Off-cycle & Final Settlement,Route missed regular payments correctly,Business / Workflow,E10-01,R3,P8,Must,NOT STARTED,NOT STARTED,BASELINE RETAINED,No post-baseline story-level evidence change identified.,"As a Payroll Operations Specialist, I need to route missed regular payments correctly, so that the payroll capability operates with controlled, reproducible and auditable outcomes.","The route distinguishes not calculated, not approved, unreleased, unsubmitted, rejected, returned and paid states. Source-derived checks: The system must determine whether payroll was:","Retro corrections, off-cycle runs, reversals, recoveries, advances, negative-net handling, final settlement, legal deadlines and settlement documents.",NO SPECIAL FLAG BEYOND NORMAL DESIGN REVIEW,"E06,E07,E08,E09"
PLN-E10-007,E10,Off-cycle & Final Settlement,"Process bonus, commission and emergency payments",Business / Workflow,E10-01,R3,P8,Must,NOT STARTED,NOT STARTED,BASELINE RETAINED,No post-baseline story-level evidence change identified.,"As a Payroll Operations Specialist, I need to process bonus, commission and emergency payments, so that the payroll capability operates with controlled, reproducible and auditable outcomes.","Earning period, approval, tax/statutory classification, cost allocation, duplicate check and later reconciliation are mandatory. Source-derived checks: Target versus actual bonus / Negative commission carried forward","Retro corrections, off-cycle runs, reversals, recoveries, advances, negative-net handling, final settlement, legal deadlines and settlement documents.",NO SPECIAL FLAG BEYOND NORMAL DESIGN REVIEW,"E06,E07,E08,E09"
PLN-E10-008,E10,Off-cycle & Final Settlement,Manage salary advances separately from loans and earned-wage access,Business / Workflow,E10-01,R3,P8,Must,NOT STARTED,NOT STARTED,BASELINE RETAINED,No post-baseline story-level evidence change identified.,"As a Payroll Operations Specialist, I need to manage salary advances separately from loans and earned-wage access, so that the payroll capability operates with controlled, reproducible and auditable outcomes.","Product type determines authority, disbursement, recovery schedule, tax/accounting treatment and employee consent. Source-derived checks: The system must distinguish:","Retro corrections, off-cycle runs, reversals, recoveries, advances, negative-net handling, final settlement, legal deadlines and settlement documents.",NO SPECIAL FLAG BEYOND NORMAL DESIGN REVIEW,"E06,E07,E08,E09"
PLN-E10-009,E10,Off-cycle & Final Settlement,Create authorised recovery cases and plans,Business / Workflow,E10-01,R3,P8,Must,NOT STARTED,NOT STARTED,BASELINE RETAINED,No post-baseline story-level evidence change identified.,"As a Payroll Recovery Specialist, I need to create authorised recovery cases and plans, so that the payroll capability operates with controlled, reproducible and auditable outcomes.","Recoveries retain source liability, authority, consent, priority, permitted instalment and dispute status; negative earnings are not a substitute. Source-derived checks: Recoveries may arise from: / Final-settlement shortfall","Retro corrections, off-cycle runs, reversals, recoveries, advances, negative-net handling, final settlement, legal deadlines and settlement documents.",NO SPECIAL FLAG BEYOND NORMAL DESIGN REVIEW,"E06,E07,E08,E09"
PLN-E10-010,E10,Off-cycle & Final Settlement,Calculate recovery capacity and shortfall,Business / Workflow,E10-01,R3,P8,Must,NOT STARTED,NOT STARTED,BASELINE RETAINED,No post-baseline story-level evidence change identified.,"As a Payroll Recovery Service, I need to calculate recovery capacity and shortfall, so that the payroll capability operates with controlled, reproducible and auditable outcomes.","Current recovery is capped by outstanding balance, scheduled amount, legal capacity and protected net; shortfall follows an approved route. Source-derived checks: available_recovery_capacity = / permitted_deduction_capacity / higher_priority_deductions","Retro corrections, off-cycle runs, reversals, recoveries, advances, negative-net handling, final settlement, legal deadlines and settlement documents.",NO SPECIAL FLAG BEYOND NORMAL DESIGN REVIEW,"E06,E07,E08,E09"
PLN-E10-011,E10,Off-cycle & Final Settlement,Classify and resolve payroll overpayments,Business / Workflow,E10-01,R3,P8,Must,NOT STARTED,NOT STARTED,BASELINE RETAINED,No post-baseline story-level evidence change identified.,"As a Payroll Recovery Specialist, I need to classify and resolve payroll overpayments, so that the payroll capability operates with controlled, reproducible and auditable outcomes.","Gross, net, tax, contribution, duplicate-payment and non-payroll receivable cases use distinct correction and recovery treatment. Source-derived checks: The system must distinguish:","Retro corrections, off-cycle runs, reversals, recoveries, advances, negative-net handling, final settlement, legal deadlines and settlement documents.",NO SPECIAL FLAG BEYOND NORMAL DESIGN REVIEW,"E06,E07,E08,E09"
PLN-E10-012,E10,Off-cycle & Final Settlement,"Process refunds, waivers and write-offs",Business / Workflow,E10-01,R3,P8,Must,NOT STARTED,NOT STARTED,BASELINE RETAINED,No post-baseline story-level evidence change identified.,"As a Payroll Recovery Specialist, I need to process refunds, waivers and write-offs, so that the payroll capability operates with controlled, reproducible and auditable outcomes.",Refunds reference original deductions; waiver and write-off remain separate approved actions with tax and accounting impact. Source-derived checks: Refunds must reference the original deduction result. / A refund must not be entered as an unrelated allowance.,"Retro corrections, off-cycle runs, reversals, recoveries, advances, negative-net handling, final settlement, legal deadlines and settlement documents.",NO SPECIAL FLAG BEYOND NORMAL DESIGN REVIEW,"E06,E07,E08,E09"
PLN-E10-013,E10,Off-cycle & Final Settlement,Create full and partial reversals,Business / Workflow,E10-01,R3,P8,Must,NOT STARTED,NOT STARTED,BASELINE RETAINED,No post-baseline story-level evidence change identified.,"As a Payroll Corrections Specialist, I need to create full and partial reversals, so that the payroll capability operates with controlled, reproducible and auditable outcomes.","Reversals create equal-and-opposite component, base, balance, liability and costing movements and do not imply cash recovery. Source-derived checks: A reversal creates equal and opposite payroll movements. / Original PF deduction -₹6,000 / Reversal PF deduction +₹6,000","Retro corrections, off-cycle runs, reversals, recoveries, advances, negative-net handling, final settlement, legal deadlines and settlement documents.",NO SPECIAL FLAG BEYOND NORMAL DESIGN REVIEW,"E06,E07,E08,E09"
PLN-E10-014,E10,Off-cycle & Final Settlement,"Validate reversal, void and cancellation eligibility",Business / Workflow,E10-01,R3,P8,Must,NOT STARTED,NOT STARTED,BASELINE RETAINED,No post-baseline story-level evidence change identified.,"As a Payroll Corrections Specialist, I need to validate reversal, void and cancellation eligibility, so that the payroll capability operates with controlled, reproducible and auditable outcomes.","Original result, subsequent dependencies, payment, filing and accounting state are validated before the permitted action. Source-derived checks: The system must validate: / Required approval is complete / A reversal creates equal and opposite payroll movements.","Retro corrections, off-cycle runs, reversals, recoveries, advances, negative-net handling, final settlement, legal deadlines and settlement documents.",NO SPECIAL FLAG BEYOND NORMAL DESIGN REVIEW,"E06,E07,E08,E09"
PLN-E10-015,E10,Off-cycle & Final Settlement,Create final-settlement cases and obligation clocks,Business / Workflow,E10-01,R3,P8,Must,NOT STARTED,NOT STARTED,BASELINE RETAINED,No post-baseline story-level evidence change identified.,"As a Final Settlement Specialist, I need to create final-settlement cases and obligation clocks, so that the payroll capability operates with controlled, reproducible and auditable outcomes.","Separation events create a case with distinct due dates for wages, gratuity, reimbursements, variable pay and recoveries. Source-derived checks: A final-settlement case is the orchestration object that collects separation data, calculates all employee and employer obligations, manages holds and generates one or more payments.","Retro corrections, off-cycle runs, reversals, recoveries, advances, negative-net handling, final settlement, legal deadlines and settlement documents.",LEGAL/DOMAIN REVIEW REQUIRED,"E06,E07,E08,E09"
PLN-E10-016,E10,Off-cycle & Final Settlement,Operate final-settlement workflow and statuses,Business / Workflow,E10-01,R3,P8,Must,NOT STARTED,NOT STARTED,BASELINE RETAINED,No post-baseline story-level evidence change identified.,"As a Final Settlement Specialist, I need to operate final-settlement workflow and statuses, so that the payroll capability operates with controlled, reproducible and auditable outcomes.","Source data, preliminary calculation, clearance-scoped holds, approval, payment and post-settlement corrections are independently tracked. Source-derived checks: Employment and payroll dates validated / Regular payroll inclusion decision / Settlement obligations generated","Retro corrections, off-cycle runs, reversals, recoveries, advances, negative-net handling, final settlement, legal deadlines and settlement documents.",LEGAL/DOMAIN REVIEW REQUIRED,"E06,E07,E08,E09"
PLN-E10-017,E10,Off-cycle & Final Settlement,Calculate settlement components and date semantics,Business / Workflow,E10-01,R3,P8,Must,NOT STARTED,NOT STARTED,BASELINE RETAINED,No post-baseline story-level evidence change identified.,"As a Final Settlement Service, I need to calculate settlement components and date semantics, so that the payroll capability operates with controlled, reproducible and auditable outcomes.","Regular earnings, leave, notice, gratuity, severance, reimbursements, tax, recoveries and beneficiary amounts retain earning and payment dates. Source-derived checks: Salary through salary-stop date / Shift or location allowance / Notice pay payable by employer","Retro corrections, off-cycle runs, reversals, recoveries, advances, negative-net handling, final settlement, legal deadlines and settlement documents.",LEGAL/DOMAIN REVIEW REQUIRED,"E06,E07,E08,E09"
PLN-E10-018,E10,Off-cycle & Final Settlement,Separate preliminary and final settlement,Business / Workflow,E10-01,R3,P8,Must,NOT STARTED,NOT STARTED,BASELINE RETAINED,No post-baseline story-level evidence change identified.,"As a Final Settlement Specialist, I need to separate preliminary and final settlement, so that the payroll capability operates with controlled, reproducible and auditable outcomes.",Ready obligations may be paid while contingent items remain open; later payments preserve the same case lineage. Source-derived checks: The employee settlement statement must show each payment and remaining open obligation.,"Retro corrections, off-cycle runs, reversals, recoveries, advances, negative-net handling, final settlement, legal deadlines and settlement documents.",LEGAL/DOMAIN REVIEW REQUIRED,"E06,E07,E08,E09"
PLN-E10-019,E10,Off-cycle & Final Settlement,"Apply notice pay, leave encashment, gratuity and severance rules",Business / Workflow,E10-01,R3,P8,Must,NOT STARTED,NOT STARTED,BASELINE RETAINED,No post-baseline story-level evidence change identified.,"As a Final Settlement Service, I need to apply notice pay, leave encashment, gratuity and severance rules, so that the payroll capability operates with controlled, reproducible and auditable outcomes.","Each obligation uses its own eligibility, base, date, approval and legal/policy reference rather than one generic settlement amount. Source-derived checks: Notice processing must support: / Employer notice pay and employee notice recovery must be separate components.","Retro corrections, off-cycle runs, reversals, recoveries, advances, negative-net handling, final settlement, legal deadlines and settlement documents.",LEGAL/DOMAIN REVIEW REQUIRED,"E06,E07,E08,E09"
PLN-E10-020,E10,Off-cycle & Final Settlement,Handle post-exit variable pay and reimbursements,Business / Workflow,E10-01,R3,P8,Must,NOT STARTED,NOT STARTED,BASELINE RETAINED,No post-baseline story-level evidence change identified.,"As a Final Settlement Specialist, I need to handle post-exit variable pay and reimbursements, so that the payroll capability operates with controlled, reproducible and auditable outcomes.","Post-exit entitlement, approval, tax, payment instruction and document treatment are explicit and do not reopen employment. Source-derived checks: The settlement case must determine whether the item is:","Retro corrections, off-cycle runs, reversals, recoveries, advances, negative-net handling, final settlement, legal deadlines and settlement documents.",NO SPECIAL FLAG BEYOND NORMAL DESIGN REVIEW,"E06,E07,E08,E09"
PLN-E10-021,E10,Off-cycle & Final Settlement,Apply final tax and statutory corrections,Business / Workflow,E10-01,R3,P8,Must,NOT STARTED,NOT STARTED,BASELINE RETAINED,No post-baseline story-level evidence change identified.,"As a Payroll Tax and Compliance Specialists, I need to apply final tax and statutory corrections, so that the payroll capability operates with controlled, reproducible and auditable outcomes.",Final tax projection and scheme liabilities reconcile with regular/off-cycle results and route required corrections. Source-derived checks: Final settlement must evaluate:,"Retro corrections, off-cycle runs, reversals, recoveries, advances, negative-net handling, final settlement, legal deadlines and settlement documents.",LEGAL/DOMAIN REVIEW REQUIRED,"E06,E07,E08,E09"
PLN-E10-022,E10,Off-cycle & Final Settlement,Manage asset clearance and scoped settlement holds,Business / Workflow,E10-01,R3,P8,Must,NOT STARTED,NOT STARTED,BASELINE RETAINED,No post-baseline story-level evidence change identified.,"As a Final Settlement Specialist, I need to manage asset clearance and scoped settlement holds, so that the payroll capability operates with controlled, reproducible and auditable outcomes.","A hold identifies which obligation it may block, owner, due date and release evidence; wages are not universally held. Source-derived checks: An asset issue should create a proposed recovery case. It should not directly deduct an arbitrary amount from payroll.","Retro corrections, off-cycle runs, reversals, recoveries, advances, negative-net handling, final settlement, legal deadlines and settlement documents.",LEGAL/DOMAIN REVIEW REQUIRED,"E06,E07,E08,E09"
PLN-E10-023,E10,Off-cycle & Final Settlement,Process death-in-service and beneficiary payments,Business / Workflow,E10-01,R3,P8,Must,NOT STARTED,NOT STARTED,BASELINE RETAINED,No post-baseline story-level evidence change identified.,"As a Final Settlement Specialist, I need to process death-in-service and beneficiary payments, so that the payroll capability operates with controlled, reproducible and auditable outcomes.","Employee, nominee, legal representative and estate payments are separated with verified authority and privacy controls. Source-derived checks: The death workflow must support: / A nominee record must not by itself be treated as universal authority for every payment type.","Retro corrections, off-cycle runs, reversals, recoveries, advances, negative-net handling, final settlement, legal deadlines and settlement documents.",LEGAL/DOMAIN REVIEW REQUIRED,"E06,E07,E08,E09"
PLN-E10-024,E10,Off-cycle & Final Settlement,"Handle absconding, exit cancellation and rehire",Business / Workflow,E10-01,R3,P8,Must,NOT STARTED,NOT STARTED,BASELINE RETAINED,No post-baseline story-level evidence change identified.,"As a Final Settlement Specialist, I need to handle absconding, exit cancellation and rehire, so that the payroll capability operates with controlled, reproducible and auditable outcomes.","Unreachable employee, cancelled exit and rehire scenarios preserve original events and avoid duplicate settlement or payroll relationships. Source-derived checks: Absconding should not be represented merely by deleting the employee from payroll.","Retro corrections, off-cycle runs, reversals, recoveries, advances, negative-net handling, final settlement, legal deadlines and settlement documents.",NO SPECIAL FLAG BEYOND NORMAL DESIGN REVIEW,"E06,E07,E08,E09"
PLN-E10-025,E10,Off-cycle & Final Settlement,Generate settlement statements and close reconciliation,Business / Workflow,E10-01,R3,P8,Must,NOT STARTED,NOT STARTED,BASELINE RETAINED,No post-baseline story-level evidence change identified.,"As a Final Settlement Specialist, I need to generate settlement statements and close reconciliation, so that the payroll capability operates with controlled, reproducible and auditable outcomes.","The statement explains each obligation, payment, recovery and pending item; closure requires payroll, payment, statutory and accounting reconciliation. Source-derived checks: The employee-facing settlement statement should include: / The statement must distinguish estimated, approved, paid and pending values.","Retro corrections, off-cycle runs, reversals, recoveries, advances, negative-net handling, final settlement, legal deadlines and settlement documents.",LEGAL/DOMAIN REVIEW REQUIRED,"E06,E07,E08,E09"
PLN-E10-026,E10,Off-cycle & Final Settlement,"Provide correction, off-cycle, recovery and settlement workbenches",Business / Workflow,E10-01,R3,P8,Must,NOT STARTED,NOT STARTED,BASELINE RETAINED,No post-baseline story-level evidence change identified.,"As a Payroll Operations Lead, I need to provide correction, off-cycle, recovery and settlement workbenches, so that the payroll capability operates with controlled, reproducible and auditable outcomes.","Workbenches expose case lineage, route, approval, deadlines, results, downstream status, exceptions and evidence. Source-derived checks: 84.1 Correction and retro workbench / Tax and statutory effects / 84.2 Employee retro timeline","Retro corrections, off-cycle runs, reversals, recoveries, advances, negative-net handling, final settlement, legal deadlines and settlement documents.",LEGAL/DOMAIN REVIEW REQUIRED,"E06,E07,E08,E09"
PLN-E11-001,E11,Payments,Create payment entitlements from approved payroll results,Business / Workflow,E11-01,R3,P9,Must,NOT STARTED,NOT STARTED,BASELINE RETAINED,No post-baseline story-level evidence change identified.,"As a Payroll Payments Service, I need to create payment entitlements from approved payroll results, so that the payroll capability operates with controlled, reproducible and auditable outcomes.","One entitlement references the immutable payable result, recipient, amount, currency and legal owner and cannot be created twice. Source-derived checks: Source result must be approved and locked. / Payment amount must equal the approved payment-eligible net amount. / Payment holds must be resolved or explicitly excluded.","Payment entitlement/instructions, employer bank and treasury profiles, routing, batches, maker-checker, files/APIs, submission, acknowledgements, returns, retries and bank reconciliation.",BANK/PAYMENT-NETWORK FORMAT AND RULE REVALIDATION REQUIRED,"E08,E10"
PLN-E11-002,E11,Payments,Maintain versioned employee and beneficiary payment instructions,Business / Workflow,E11-01,R3,P9,Must,NOT STARTED,NOT STARTED,BASELINE RETAINED,No post-baseline story-level evidence change identified.,"As a Payroll Payments Administrator, I need to maintain versioned employee and beneficiary payment instructions, so that the payroll capability operates with controlled, reproducible and auditable outcomes.","Instructions are verified, effective-dated and status-controlled; allocation totals are valid and historical instructions remain immutable. Source-derived checks: A payment instruction applies routing and recipient bank data to an entitlement. It is versioned separately so a failed payment can be reissued without recalculating payroll. / recipient_bank_account_version_id / payment_channel_profile_id","Payment entitlement/instructions, employer bank and treasury profiles, routing, batches, maker-checker, files/APIs, submission, acknowledgements, returns, retries and bank reconciliation.",BANK/PAYMENT-NETWORK FORMAT AND RULE REVALIDATION REQUIRED,"E08,E10"
PLN-E11-003,E11,Payments,Configure employer bank and treasury profiles,Business / Workflow,E11-01,R3,P9,Must,NOT STARTED,NOT STARTED,BASELINE RETAINED,No post-baseline story-level evidence change identified.,"As a Treasury Administrator, I need to configure employer bank and treasury profiles, so that the payroll capability operates with controlled, reproducible and auditable outcomes.","Funding account selection, currency, limits, signatories and readiness are effective-dated and scoped to the legal owner. Source-derived checks: Explicit approved payment override","Payment entitlement/instructions, employer bank and treasury profiles, routing, batches, maker-checker, files/APIs, submission, acknowledgements, returns, retries and bank reconciliation.",BANK/PAYMENT-NETWORK FORMAT AND RULE REVALIDATION REQUIRED,"E08,E10"
PLN-E11-004,E11,Payments,Configure payment channels and routing rules,Business / Workflow,E11-01,R3,P9,Must,NOT STARTED,NOT STARTED,BASELINE RETAINED,No post-baseline story-level evidence change identified.,"As a Treasury Administrator, I need to configure payment channels and routing rules, so that the payroll capability operates with controlled, reproducible and auditable outcomes.","Channel, bank, amount, currency, urgency, recipient and cut-off rules deterministically select an eligible route. Source-derived checks: A payment channel profile encapsulates the bank and rail requirements. The canonical payroll model must not be polluted with bank-specific column names or file layouts.","Payment entitlement/instructions, employer bank and treasury profiles, routing, batches, maker-checker, files/APIs, submission, acknowledgements, returns, retries and bank reconciliation.",BANK/PAYMENT-NETWORK FORMAT AND RULE REVALIDATION REQUIRED,"E08,E10"
PLN-E11-005,E11,Payments,Create grouped payment batches with control totals,Business / Workflow,E11-01,R3,P9,Must,NOT STARTED,NOT STARTED,BASELINE RETAINED,No post-baseline story-level evidence change identified.,"As a Payroll Payments Operator, I need to create grouped payment batches with control totals, so that the payroll capability operates with controlled, reproducible and auditable outcomes.","Items group only by compatible legal owner, account, currency, value date and channel; control totals reconcile to entitlements. Source-derived checks: Confidential/executive population where required","Payment entitlement/instructions, employer bank and treasury profiles, routing, batches, maker-checker, files/APIs, submission, acknowledgements, returns, retries and bank reconciliation.",BANK/PAYMENT-NETWORK FORMAT AND RULE REVALIDATION REQUIRED,"E08,E10"
PLN-E11-006,E11,Payments,Run pre-submission and bank-change validations,Business / Workflow,E11-01,R3,P9,Must,NOT STARTED,NOT STARTED,BASELINE RETAINED,No post-baseline story-level evidence change identified.,"As a Payroll Payments Operator, I need to run pre-submission and bank-change validations, so that the payroll capability operates with controlled, reproducible and auditable outcomes.","Duplicate, account, amount, hold, funding, cut-off and post-payroll bank-change risks are resolved before approval.","Payment entitlement/instructions, employer bank and treasury profiles, routing, batches, maker-checker, files/APIs, submission, acknowledgements, returns, retries and bank reconciliation.",BANK/PAYMENT-NETWORK FORMAT AND RULE REVALIDATION REQUIRED,"E08,E10"
PLN-E11-007,E11,Payments,Apply maker-checker and value-based approval,Business / Workflow,E11-01,R3,P9,Must,NOT STARTED,NOT STARTED,BASELINE RETAINED,No post-baseline story-level evidence change identified.,"As a Payment Approver, I need to apply maker-checker and value-based approval, so that the payroll capability operates with controlled, reproducible and auditable outcomes.","Makers cannot approve their own batches; approval levels respect amount, risk, account and channel policy. Source-derived checks: Batch creator cannot be the final approver. / Payroll approver must not automatically become bank authoriser. / Treasury cannot alter payroll entitlement amounts.","Payment entitlement/instructions, employer bank and treasury profiles, routing, batches, maker-checker, files/APIs, submission, acknowledgements, returns, retries and bank reconciliation.",BANK/PAYMENT-NETWORK FORMAT AND RULE REVALIDATION REQUIRED,"E08,E10"
PLN-E11-008,E11,Payments,Generate secure bank files and API requests,Business / Workflow,E11-01,R3,P9,Must,NOT STARTED,NOT STARTED,BASELINE RETAINED,No post-baseline story-level evidence change identified.,"As a Payment Integration Service, I need to generate secure bank files and API requests, so that the payroll capability operates with controlled, reproducible and auditable outcomes.","Output version, sequence, encryption/signature, checksum, idempotency and control totals are retained. Source-derived checks: The bank adapter transforms ordered canonical instructions into the bank-prescribed format. It must retain the transformation version and a mapping trace for every field. / Detached or embedded digital signature where required","Payment entitlement/instructions, employer bank and treasury profiles, routing, batches, maker-checker, files/APIs, submission, acknowledgements, returns, retries and bank reconciliation.",BANK/PAYMENT-NETWORK FORMAT AND RULE REVALIDATION REQUIRED,"E08,E10"
PLN-E11-009,E11,Payments,Transmit payments with durable attempt history,Business / Workflow,E11-01,R3,P9,Must,NOT STARTED,NOT STARTED,BASELINE RETAINED,No post-baseline story-level evidence change identified.,"As a Payment Integration Service, I need to transmit payments with durable attempt history, so that the payroll capability operates with controlled, reproducible and auditable outcomes.","Every attempt has a unique idempotency key, timestamp, payload identity and outcome; retry cannot duplicate accepted items. Source-derived checks: A timeout after transmission must be treated as an ambiguous outcome. The system must query bank status using the client/batch reference before resubmitting.","Payment entitlement/instructions, employer bank and treasury profiles, routing, batches, maker-checker, files/APIs, submission, acknowledgements, returns, retries and bank reconciliation.",BANK/PAYMENT-NETWORK FORMAT AND RULE REVALIDATION REQUIRED,"E08,E10"
PLN-E11-010,E11,Payments,Process bank acknowledgements and transaction references,Business / Workflow,E11-01,R3,P9,Must,NOT STARTED,NOT STARTED,BASELINE RETAINED,No post-baseline story-level evidence change identified.,"As a Payment Integration Service, I need to process bank acknowledgements and transaction references, so that the payroll capability operates with controlled, reproducible and auditable outcomes.","Batch and item acknowledgements map to original instructions and preserve bank reference, status and reason codes.","Payment entitlement/instructions, employer bank and treasury profiles, routing, batches, maker-checker, files/APIs, submission, acknowledgements, returns, retries and bank reconciliation.",BANK/PAYMENT-NETWORK FORMAT AND RULE REVALIDATION REQUIRED,"E08,E10"
PLN-E11-011,E11,Payments,Track payment status through settlement,Business / Workflow,E11-01,R3,P9,Must,NOT STARTED,NOT STARTED,BASELINE RETAINED,No post-baseline story-level evidence change identified.,"As a Payroll Payments Operator, I need to track payment status through settlement, so that the payroll capability operates with controlled, reproducible and auditable outcomes.","Created, approved, submitted, accepted, credited, rejected, returned, cancelled and reissued states are distinct. Source-derived checks: Batch status must not be used as a substitute for individual instruction status. A batch can be completed with a mixture of credited and returned instructions.","Payment entitlement/instructions, employer bank and treasury profiles, routing, batches, maker-checker, files/APIs, submission, acknowledgements, returns, retries and bank reconciliation.",BANK/PAYMENT-NETWORK FORMAT AND RULE REVALIDATION REQUIRED,"E08,E10"
PLN-E11-012,E11,Payments,"Apply NEFT, RTGS and NACH-specific controls",Business / Workflow,E11-01,R3,P9,Must,NOT STARTED,NOT STARTED,BASELINE RETAINED,No post-baseline story-level evidence change identified.,"As a Payment Integration Specialist, I need to apply NEFT, RTGS and NACH-specific controls, so that the payroll capability operates with controlled, reproducible and auditable outcomes.","Rail-specific eligibility, cut-offs, value dates, reference requirements and returns are configuration-driven. Source-derived checks: Support 24x7 processing and bank-specific submission windows. / Retain beneficiary name, account number, account type, bank/branch and IFSC required by the bank adapter.","Payment entitlement/instructions, employer bank and treasury profiles, routing, batches, maker-checker, files/APIs, submission, acknowledgements, returns, retries and bank reconciliation.",BANK/PAYMENT-NETWORK FORMAT AND RULE REVALIDATION REQUIRED,"E08,E10"
PLN-E11-013,E11,Payments,"Control holds, stops and cancellations",Business / Workflow,E11-01,R3,P9,Must,NOT STARTED,NOT STARTED,BASELINE RETAINED,No post-baseline story-level evidence change identified.,"As a Payroll Payments Lead, I need to control holds, stops and cancellations, so that the payroll capability operates with controlled, reproducible and auditable outcomes.","Action eligibility depends on transmission/settlement state and requires reason, approval and bank response evidence. Source-derived checks: Cancellation is permitted only while the bank/channel state supports it. Once a payment is irrevocably settled, the route changes to recovery, recall request or beneficiary cooperation rather than status manipulation.","Payment entitlement/instructions, employer bank and treasury profiles, routing, batches, maker-checker, files/APIs, submission, acknowledgements, returns, retries and bank reconciliation.",BANK/PAYMENT-NETWORK FORMAT AND RULE REVALIDATION REQUIRED,"E08,E10"
PLN-E11-014,E11,Payments,"Process rejections, returns and reissues",Business / Workflow,E11-01,R3,P9,Must,NOT STARTED,NOT STARTED,BASELINE RETAINED,No post-baseline story-level evidence change identified.,"As a Payroll Payments Operator, I need to process rejections, returns and reissues, so that the payroll capability operates with controlled, reproducible and auditable outcomes.",A returned item does not recalculate payroll; reissue references the same entitlement unless payroll itself is corrected. Source-derived checks: Invalid or closed account / Name or account validation failure under bank policy / Employer account/funding issue,"Payment entitlement/instructions, employer bank and treasury profiles, routing, batches, maker-checker, files/APIs, submission, acknowledgements, returns, retries and bank reconciliation.",BANK/PAYMENT-NETWORK FORMAT AND RULE REVALIDATION REQUIRED,"E08,E10"
PLN-E11-015,E11,Payments,Handle partial batch success,Business / Workflow,E11-01,R3,P9,Must,NOT STARTED,NOT STARTED,BASELINE RETAINED,No post-baseline story-level evidence change identified.,"As a Payroll Payments Operator, I need to handle partial batch success, so that the payroll capability operates with controlled, reproducible and auditable outcomes.","Accepted items remain final while failed items are isolated for correction or reissue without resubmitting successful payments. Source-derived checks: A batch can contain accepted, rejected, pending and returned instructions. The batch control amount must therefore be represented by lifecycle totals rather than one final status. / Reconciliation must never close a batch merely because the bank marked the file as processed.","Payment entitlement/instructions, employer bank and treasury profiles, routing, batches, maker-checker, files/APIs, submission, acknowledgements, returns, retries and bank reconciliation.",BANK/PAYMENT-NETWORK FORMAT AND RULE REVALIDATION REQUIRED,"E08,E10"
PLN-E11-016,E11,Payments,Perform multi-way payment reconciliation,Business / Workflow,E11-01,R3,P9,Must,NOT STARTED,NOT STARTED,BASELINE RETAINED,No post-baseline story-level evidence change identified.,"As a Payment Reconciliation Analyst, I need to perform multi-way payment reconciliation, so that the payroll capability operates with controlled, reproducible and auditable outcomes.","Payroll entitlement, batch, bank acknowledgement, bank statement and accounting clearing reconcile by item and control total. Source-derived checks: Approved Payroll Entitlements / Beneficiary Credit or Return / Closed Payment Reconciliation","Payment entitlement/instructions, employer bank and treasury profiles, routing, batches, maker-checker, files/APIs, submission, acknowledgements, returns, retries and bank reconciliation.",BANK/PAYMENT-NETWORK FORMAT AND RULE REVALIDATION REQUIRED,"E08,E10"
PLN-E11-017,E11,Payments,Ingest and match bank statements,Business / Workflow,E11-01,R3,P9,Must,NOT STARTED,NOT STARTED,BASELINE RETAINED,No post-baseline story-level evidence change identified.,"As a Payment Reconciliation Analyst, I need to ingest and match bank statements, so that the payroll capability operates with controlled, reproducible and auditable outcomes.","Statement lines are normalised, deduplicated and matched with confidence/reason; unresolved lines enter exception workflow. Source-derived checks: The system should match using deterministic references first, then controlled amount/date/reference heuristics. Heuristic matches require confidence scoring and reviewer approval when below the configured threshold.","Payment entitlement/instructions, employer bank and treasury profiles, routing, batches, maker-checker, files/APIs, submission, acknowledgements, returns, retries and bank reconciliation.",BANK/PAYMENT-NETWORK FORMAT AND RULE REVALIDATION REQUIRED,"E08,E10"
PLN-E11-018,E11,Payments,Control funding and liquidity readiness,Business / Workflow,E11-01,R3,P9,Must,NOT STARTED,NOT STARTED,BASELINE RETAINED,No post-baseline story-level evidence change identified.,"As a Treasury Lead, I need to control funding and liquidity readiness, so that the payroll capability operates with controlled, reproducible and auditable outcomes.","Funding requests, approvals, balances, cut-offs and shortfalls are visible and can block submission. Source-derived checks: Funding confirmation must reference the exact payment control total. / Cash forecast should include regular, off-cycle, final-settlement and statutory payments separately.","Payment entitlement/instructions, employer bank and treasury profiles, routing, batches, maker-checker, files/APIs, submission, acknowledgements, returns, retries and bank reconciliation.",BANK/PAYMENT-NETWORK FORMAT AND RULE REVALIDATION REQUIRED,"E08,E10"
PLN-E11-019,E11,Payments,"Support multi-bank, multi-account and multi-currency payment",Business / Workflow,E11-01,R3,P9,Must,NOT STARTED,NOT STARTED,BASELINE RETAINED,No post-baseline story-level evidence change identified.,"As a Treasury Administrator, I need to support multi-bank, multi-account and multi-currency payment, so that the payroll capability operates with controlled, reproducible and auditable outcomes.",Routing and reconciliation remain correct across accounts/currencies; cross-border or unsupported cases require explicit policy. Source-derived checks: Prevent the same entitlement from appearing in more than one active bank batch. / Support on-us and off-us populations without changing employee net pay. / Allow contingency rerouting only after cancellation/confirmation of the original instruction.,"Payment entitlement/instructions, employer bank and treasury profiles, routing, batches, maker-checker, files/APIs, submission, acknowledgements, returns, retries and bank reconciliation.",BANK/PAYMENT-NETWORK FORMAT AND RULE REVALIDATION REQUIRED,"E08,E10"
PLN-E11-020,E11,Payments,Detect fraud and protect payment data,Business / Workflow,E11-01,R3,P9,Must,NOT STARTED,NOT STARTED,BASELINE RETAINED,No post-baseline story-level evidence change identified.,"As a Payment Security Officer, I need to detect fraud and protect payment data, so that the payroll capability operates with controlled, reproducible and auditable outcomes.","Account data is encrypted/tokenised, access is restricted, high-risk changes and anomalies are independently reviewed.","Payment entitlement/instructions, employer bank and treasury profiles, routing, batches, maker-checker, files/APIs, submission, acknowledgements, returns, retries and bank reconciliation.",BANK/PAYMENT-NETWORK FORMAT AND RULE REVALIDATION REQUIRED,"E08,E10"
PLN-E11-021,E11,Payments,"Provide payment dashboards, workbench and employee timeline",Business / Workflow,E11-01,R3,P9,Must,NOT STARTED,NOT STARTED,BASELINE RETAINED,No post-baseline story-level evidence change identified.,"As a Payroll Payments Lead, I need to provide payment dashboards, workbench and employee timeline, so that the payroll capability operates with controlled, reproducible and auditable outcomes.","Users can view funding, approval, transmission, outcome, exceptions, reconciliation and employee-level payment history. Source-derived checks: Payroll releases awaiting payment preparation / Batches awaiting approval / Accepted, credited, returned and pending amounts","Payment entitlement/instructions, employer bank and treasury profiles, routing, batches, maker-checker, files/APIs, submission, acknowledgements, returns, retries and bank reconciliation.",BANK/PAYMENT-NETWORK FORMAT AND RULE REVALIDATION REQUIRED,"E08,E10"
PLN-E12-001,E12,Accounting,Create immutable accounting events from payroll outcomes,Business / Workflow,E12-01,R3,P10,Must,NOT STARTED,NOT STARTED,BASELINE RETAINED,No post-baseline story-level evidence change identified.,"As a Payroll Accounting Service, I need to create immutable accounting events from payroll outcomes, so that the payroll capability operates with controlled, reproducible and auditable outcomes.","Each event identifies source result, event type, accounting date, currency and legal owner and is created idempotently. Source-derived checks: Source result must be approved for official accounting. / Each business event must have an immutable idempotency key. / The source amount and currency must reconcile to the accounting-event total.","Accounting events, costing, chart-of-account mapping, journals, accruals, reversals, ERP transfer, drill-back and reconciliation.",NO SPECIAL FLAG BEYOND NORMAL DESIGN REVIEW,"E06,E07,E10,E11"
PLN-E12-002,E12,Accounting,Separate payroll costing streams,Business / Workflow,E12-01,R3,P10,Must,NOT STARTED,NOT STARTED,BASELINE RETAINED,No post-baseline story-level evidence change identified.,"As a Payroll Accounting Administrator, I need to separate payroll costing streams, so that the payroll capability operates with controlled, reproducible and auditable outcomes.","Calculation, payment, statutory, accrual, reversal and correction streams remain independently traceable.","Accounting events, costing, chart-of-account mapping, journals, accruals, reversals, ERP transfer, drill-back and reconciliation.",NO SPECIAL FLAG BEYOND NORMAL DESIGN REVIEW,"E06,E07,E10,E11"
PLN-E12-003,E12,Accounting,Configure chart of accounts and ledger dimensions,Business / Workflow,E12-01,R3,P10,Must,NOT STARTED,NOT STARTED,BASELINE RETAINED,No post-baseline story-level evidence change identified.,"As a Finance Integration Administrator, I need to configure chart of accounts and ledger dimensions, so that the payroll capability operates with controlled, reproducible and auditable outcomes.","Ledger, account, company, cost centre, project, intercompany and currency dimensions are effective-dated and validated. Source-derived checks: The payroll accounting model must support several ERP structures without embedding one vendor’s chart-field terminology.","Accounting events, costing, chart-of-account mapping, journals, accruals, reversals, ERP transfer, drill-back and reconciliation.",NO SPECIAL FLAG BEYOND NORMAL DESIGN REVIEW,"E06,E07,E10,E11"
PLN-E12-004,E12,Accounting,Resolve accounts through determination hierarchy,Business / Workflow,E12-01,R3,P10,Must,NOT STARTED,NOT STARTED,BASELINE RETAINED,No post-baseline story-level evidence change identified.,"As a Payroll Accounting Administrator, I need to resolve accounts through determination hierarchy, so that the payroll capability operates with controlled, reproducible and auditable outcomes.","Component, event, legal entity, employee group, location and other dimensions select one valid rule with explicit fallback and error. Source-derived checks: Account determination must resolve the most specific approved rule and fall back only through explicitly authorised levels. / Suspense — only if policy permits","Accounting events, costing, chart-of-account mapping, journals, accruals, reversals, ERP transfer, drill-back and reconciliation.",NO SPECIAL FLAG BEYOND NORMAL DESIGN REVIEW,"E06,E07,E10,E11"
PLN-E12-005,E12,Accounting,Classify components for accounting,Business / Workflow,E12-01,R3,P10,Must,NOT STARTED,NOT STARTED,BASELINE RETAINED,No post-baseline story-level evidence change identified.,"As a Payroll Accounting Administrator, I need to classify components for accounting, so that the payroll capability operates with controlled, reproducible and auditable outcomes.","Expense, liability, receivable, cash, provision and clearing classifications are versioned and linked to component versions. Source-derived checks: Each approved pay-component version must have an accounting classification independent from its tax and statutory classifications.","Accounting events, costing, chart-of-account mapping, journals, accruals, reversals, ERP transfer, drill-back and reconciliation.",NO SPECIAL FLAG BEYOND NORMAL DESIGN REVIEW,"E06,E07,E10,E11"
PLN-E12-006,E12,Accounting,"Allocate costs by percentage, units and assignments",Business / Workflow,E12-01,R3,P10,Must,NOT STARTED,NOT STARTED,BASELINE RETAINED,No post-baseline story-level evidence change identified.,"As a Costing Analyst, I need to allocate costs by percentage, units and assignments, so that the payroll capability operates with controlled, reproducible and auditable outcomes.","Allocations reconcile to 100% or source units, support effective-dated overrides and preserve originating assignment/result lineage. Source-derived checks: Payroll cost allocation should resolve from transaction-specific distributions before using employee defaults.","Accounting events, costing, chart-of-account mapping, journals, accruals, reversals, ERP transfer, drill-back and reconciliation.",NO SPECIAL FLAG BEYOND NORMAL DESIGN REVIEW,"E06,E07,E10,E11"
PLN-E12-007,E12,Accounting,Generate payroll calculation journals,Business / Workflow,E12-01,R3,P10,Must,NOT STARTED,NOT STARTED,BASELINE RETAINED,No post-baseline story-level evidence change identified.,"As a Payroll Accounting Service, I need to generate payroll calculation journals, so that the payroll capability operates with controlled, reproducible and auditable outcomes.","Gross, deductions, employer liabilities and net-pay payable produce balanced journal lines with drill-back to results. Source-derived checks: The payroll calculation journal recognises expenses and liabilities from an approved payroll result. / Dr Salary Expense 500,000 / Dr Employer PF Expense 50,000","Accounting events, costing, chart-of-account mapping, journals, accruals, reversals, ERP transfer, drill-back and reconciliation.",NO SPECIAL FLAG BEYOND NORMAL DESIGN REVIEW,"E06,E07,E10,E11"
PLN-E12-008,E12,Accounting,"Generate payment, statutory and receivable journals",Business / Workflow,E12-01,R3,P10,Must,NOT STARTED,NOT STARTED,BASELINE RETAINED,No post-baseline story-level evidence change identified.,"As a Payroll Accounting Service, I need to generate payment, statutory and receivable journals, so that the payroll capability operates with controlled, reproducible and auditable outcomes.","Settlement, clearing, remittance and employee-receivable events are recognised separately from payroll expense. Source-derived checks: Payment accounting clears the approved payroll payable against bank clearing or cash. It must not duplicate salary expense. / A single-stage posting directly from payroll payable to bank may be supported, but two-stage clearing is recommended where bank acknowledgements and returns must be reconciled.","Accounting events, costing, chart-of-account mapping, journals, accruals, reversals, ERP transfer, drill-back and reconciliation.",NO SPECIAL FLAG BEYOND NORMAL DESIGN REVIEW,"E06,E07,E10,E11"
PLN-E12-009,E12,Accounting,Calculate accruals and provisions,Business / Workflow,E12-01,R3,P10,Must,NOT STARTED,NOT STARTED,BASELINE RETAINED,No post-baseline story-level evidence change identified.,"As a Payroll Accounting Service, I need to calculate accruals and provisions, so that the payroll capability operates with controlled, reproducible and auditable outcomes.","Bonus, leave, gratuity and other provisions use approved methods, partial-period treatment and automatic reversal policy. Source-derived checks: Accruals estimate payroll cost when the earning period and accounting period do not align or payroll has not been finalised by month-end. / Partial payroll-period accrual / Unprocessed payroll accrual","Accounting events, costing, chart-of-account mapping, journals, accruals, reversals, ERP transfer, drill-back and reconciliation.",NO SPECIAL FLAG BEYOND NORMAL DESIGN REVIEW,"E06,E07,E10,E11"
PLN-E12-010,E12,Accounting,Handle accounting dates and closed periods,Business / Workflow,E12-01,R3,P10,Must,NOT STARTED,NOT STARTED,BASELINE RETAINED,No post-baseline story-level evidence change identified.,"As a Payroll Accounting Lead, I need to handle accounting dates and closed periods, so that the payroll capability operates with controlled, reproducible and auditable outcomes.",Accounting date selection is explicit; closed-period items follow approved next-open-period or exception treatment. Source-derived checks: The selected accounting date and the policy that selected it must be retained on every journal line.,"Accounting events, costing, chart-of-account mapping, journals, accruals, reversals, ERP transfer, drill-back and reconciliation.",NO SPECIAL FLAG BEYOND NORMAL DESIGN REVIEW,"E06,E07,E10,E11"
PLN-E12-011,E12,Accounting,Apply currency conversion and FX controls,Business / Workflow,E12-01,R3,P10,Must,NOT STARTED,NOT STARTED,BASELINE RETAINED,No post-baseline story-level evidence change identified.,"As a Payroll Accounting Service, I need to apply currency conversion and FX controls, so that the payroll capability operates with controlled, reproducible and auditable outcomes.","Transaction, payroll and ledger currencies retain approved rate source/date and balancing difference treatment. Source-derived checks: Accounting must distinguish transaction, payroll, ledger and reporting currencies. / Retain original and converted amounts. / Balance each journal in required currencies.","Accounting events, costing, chart-of-account mapping, journals, accruals, reversals, ERP transfer, drill-back and reconciliation.",NO SPECIAL FLAG BEYOND NORMAL DESIGN REVIEW,"E06,E07,E10,E11"
PLN-E12-012,E12,Accounting,Summarise journals without exposing payroll detail,Business / Workflow,E12-01,R3,P10,Must,NOT STARTED,NOT STARTED,BASELINE RETAINED,No post-baseline story-level evidence change identified.,"As a Payroll Accounting Lead, I need to summarise journals without exposing payroll detail, so that the payroll capability operates with controlled, reproducible and auditable outcomes.",Configured summarisation retains reconciliation and drill-back while restricting sensitive employee-level data. Source-derived checks: Employee names and numbers should not appear in GL descriptions by default. / Individual drill-back should require payroll-sensitive access. / Executive payroll may use more restrictive summarisation and separate journals.,"Accounting events, costing, chart-of-account mapping, journals, accruals, reversals, ERP transfer, drill-back and reconciliation.",NO SPECIAL FLAG BEYOND NORMAL DESIGN REVIEW,"E06,E07,E10,E11"
PLN-E12-013,E12,Accounting,Generate and validate balanced journal lines,Business / Workflow,E12-01,R3,P10,Must,NOT STARTED,NOT STARTED,BASELINE RETAINED,No post-baseline story-level evidence change identified.,"As a Payroll Accounting Service, I need to generate and validate balanced journal lines, so that the payroll capability operates with controlled, reproducible and auditable outcomes.",Debit and credit totals balance by ledger/currency; mandatory dimensions and account status are validated before approval. Source-derived checks: No zero-value lines unless explicitly required. / Balanced journal by required balancing segments and currencies.,"Accounting events, costing, chart-of-account mapping, journals, accruals, reversals, ERP transfer, drill-back and reconciliation.",NO SPECIAL FLAG BEYOND NORMAL DESIGN REVIEW,"E06,E07,E10,E11"
PLN-E12-014,E12,Accounting,"Support intercompany, shared-service and project costing",Business / Workflow,E12-01,R3,P10,Must,NOT STARTED,NOT STARTED,BASELINE RETAINED,No post-baseline story-level evidence change identified.,"As a Costing Analyst, I need to support intercompany, shared-service and project costing, so that the payroll capability operates with controlled, reproducible and auditable outcomes.","Due-to/due-from, recharge, project, grant and fund allocations are balanced and linked to the payroll source. Source-derived checks: The system must preserve employing entity, benefiting entity, allocation basis, transfer-pricing policy reference and matched intercompany partner.","Accounting events, costing, chart-of-account mapping, journals, accruals, reversals, ERP transfer, drill-back and reconciliation.",NO SPECIAL FLAG BEYOND NORMAL DESIGN REVIEW,"E06,E07,E10,E11"
PLN-E12-015,E12,Accounting,Generate retro costing and cost adjustments,Business / Workflow,E12-01,R3,P10,Must,NOT STARTED,NOT STARTED,BASELINE RETAINED,No post-baseline story-level evidence change identified.,"As a Payroll Accounting Service, I need to generate retro costing and cost adjustments, so that the payroll capability operates with controlled, reproducible and auditable outcomes.","Retro differences, reallocations and accounting-only corrections reference original postings and create delta or reversal entries. Source-derived checks: Retroactive costing recalculates cost distributions or accounts for approved historical differences without rewriting original journals. / Cost centre or project changed / Statutory contribution changed","Accounting events, costing, chart-of-account mapping, journals, accruals, reversals, ERP transfer, drill-back and reconciliation.",NO SPECIAL FLAG BEYOND NORMAL DESIGN REVIEW,"E06,E07,E10,E11"
PLN-E12-016,E12,Accounting,Reverse payroll and accounting results correctly,Business / Workflow,E12-01,R3,P10,Must,NOT STARTED,NOT STARTED,BASELINE RETAINED,No post-baseline story-level evidence change identified.,"As a Payroll Accounting Service, I need to reverse payroll and accounting results correctly, so that the payroll capability operates with controlled, reproducible and auditable outcomes.","Payroll reversal accounting follows the payroll lineage; accounting-only reversal does not alter payroll results. Source-derived checks: A payroll reversal from Iteration 7 creates opposite expense, liability, balance and payment-accounting entries for the approved reversal scope. / Original salary expense Dr 50,000 / Payroll payable Cr 50,000","Accounting events, costing, chart-of-account mapping, journals, accruals, reversals, ERP transfer, drill-back and reconciliation.",NO SPECIAL FLAG BEYOND NORMAL DESIGN REVIEW,"E06,E07,E10,E11"
PLN-E12-017,E12,Accounting,"Operate posting runs, simulation and approval",Business / Workflow,E12-01,R3,P10,Must,NOT STARTED,NOT STARTED,BASELINE RETAINED,No post-baseline story-level evidence change identified.,"As a Payroll Accounting Lead, I need to operate posting runs, simulation and approval, so that the payroll capability operates with controlled, reproducible and auditable outcomes.","Posting runs move through draft, simulated, reconciled, approved, locked, submitted and completed states with maker-checker. Source-derived checks: Additional statuses: FAILED, PARTIALLY_ACCEPTED, REJECTED, CANCELLED, REVERSAL_REQUIRED, REOPENED.","Accounting events, costing, chart-of-account mapping, journals, accruals, reversals, ERP transfer, drill-back and reconciliation.",NO SPECIAL FLAG BEYOND NORMAL DESIGN REVIEW,"E06,E07,E10,E11"
PLN-E12-018,E12,Accounting,Transfer journals to ERP idempotently,Business / Workflow,E12-01,R3,P10,Must,NOT STARTED,NOT STARTED,BASELINE RETAINED,No post-baseline story-level evidence change identified.,"As a ERP Integration Service, I need to transfer journals to ERP idempotently, so that the payroll capability operates with controlled, reproducible and auditable outcomes.","Transfer packages are versioned, signed/checksummed as required and retried without duplicate ERP posting.","Accounting events, costing, chart-of-account mapping, journals, accruals, reversals, ERP transfer, drill-back and reconciliation.",NO SPECIAL FLAG BEYOND NORMAL DESIGN REVIEW,"E06,E07,E10,E11"
PLN-E12-019,E12,Accounting,"Process ERP acknowledgement, rejection and partial acceptance",Business / Workflow,E12-01,R3,P10,Must,NOT STARTED,NOT STARTED,BASELINE RETAINED,No post-baseline story-level evidence change identified.,"As a ERP Integration Service, I need to process ERP acknowledgement, rejection and partial acceptance, so that the payroll capability operates with controlled, reproducible and auditable outcomes.","Accepted, rejected and partially accepted journals map to original lines and preserve reason, retry and replacement lineage. Source-derived checks: The receiving ERP response should be tracked at package, document and line levels where supported.","Accounting events, costing, chart-of-account mapping, journals, accruals, reversals, ERP transfer, drill-back and reconciliation.",NO SPECIAL FLAG BEYOND NORMAL DESIGN REVIEW,"E06,E07,E10,E11"
PLN-E12-020,E12,Accounting,"Reconcile payroll, liabilities, bank and accruals to accounting",Business / Workflow,E12-01,R3,P10,Must,NOT STARTED,NOT STARTED,BASELINE RETAINED,No post-baseline story-level evidence change identified.,"As a Accounting Reconciliation Analyst, I need to reconcile payroll, liabilities, bank and accruals to accounting, so that the payroll capability operates with controlled, reproducible and auditable outcomes.","Component, liability, clearing and accrual totals reconcile to source and ERP outcomes before period close. Source-derived checks: Reconciliation must occur at multiple layers.","Accounting events, costing, chart-of-account mapping, journals, accruals, reversals, ERP transfer, drill-back and reconciliation.",NO SPECIAL FLAG BEYOND NORMAL DESIGN REVIEW,"E06,E07,E10,E11"
PLN-E12-021,E12,Accounting,Control payroll accounting period close,Business / Workflow,E12-01,R3,P10,Must,NOT STARTED,NOT STARTED,BASELINE RETAINED,No post-baseline story-level evidence change identified.,"As a Payroll Accounting Lead, I need to control payroll accounting period close, so that the payroll capability operates with controlled, reproducible and auditable outcomes.","Open exceptions, unposted events and unreconciled differences block close unless formally accepted with evidence. Source-derived checks: All approved payrolls costed / All posting simulations passed / Accrual requirements assessed","Accounting events, costing, chart-of-account mapping, journals, accruals, reversals, ERP transfer, drill-back and reconciliation.",NO SPECIAL FLAG BEYOND NORMAL DESIGN REVIEW,"E06,E07,E10,E11"
PLN-E12-022,E12,Accounting,Provide accounting workbench and drill-back,Business / Workflow,E12-01,R3,P10,Must,NOT STARTED,NOT STARTED,BASELINE RETAINED,No post-baseline story-level evidence change identified.,"As a Payroll Accounting Lead, I need to provide accounting workbench and drill-back, so that the payroll capability operates with controlled, reproducible and auditable outcomes.","Users can simulate, approve, post, investigate differences and drill from ERP journal to payroll evidence subject to privacy. Source-derived checks: 57.1 Payroll accounting dashboard / Payrolls awaiting costing / Costing validation status","Accounting events, costing, chart-of-account mapping, journals, accruals, reversals, ERP transfer, drill-back and reconciliation.",NO SPECIAL FLAG BEYOND NORMAL DESIGN REVIEW,"E06,E07,E10,E11"
PLN-E13-001,E13,Payslips & ESS,Maintain a versioned payroll document catalogue,Business / Workflow,E13-01,R3,P11,Should,NOT EVIDENCED,NOT EVIDENCED,BASELINE RETAINED,No post-baseline story-level evidence change identified.,"As a Payroll Document Administrator, I need to maintain a versioned payroll document catalogue, so that the payroll capability operates with controlled, reproducible and auditable outcomes.","Document types declare purpose, audience, legal owner, generation trigger, retention, access and correction policy.","Immutable published document snapshots, template lifecycle, authenticity, ESS, former-employee access, correction/replacement/revocation and certificates are not implemented.",NO SPECIAL FLAG BEYOND NORMAL DESIGN REVIEW,"E06,E08,E09,E10,E11"
PLN-E13-002,E13,Payslips & ESS,Version and approve document templates,Business / Workflow,E13-01,R3,P11,Should,NOT EVIDENCED,NOT EVIDENCED,BASELINE RETAINED,No post-baseline story-level evidence change identified.,"As a Payroll Document Administrator, I need to version and approve document templates, so that the payroll capability operates with controlled, reproducible and auditable outcomes.","Templates are effective-dated by jurisdiction, entity, language and tax year and cannot change previously generated documents. Source-derived checks: Only whitelisted data fields and formatting functions are available. / Mandatory statutory fields cannot be removed by tenant branding. / Template preview must use synthetic or masked employee data.","Immutable published document snapshots, template lifecycle, authenticity, ESS, former-employee access, correction/replacement/revocation and certificates are not implemented.",NO SPECIAL FLAG BEYOND NORMAL DESIGN REVIEW,"E06,E08,E09,E10,E11"
PLN-E13-003,E13,Payslips & ESS,Generate documents from immutable result snapshots,Business / Workflow,E13-01,R3,P11,Should,NOT EVIDENCED,NOT EVIDENCED,BASELINE RETAINED,No post-baseline story-level evidence change identified.,"As a Payroll Document Service, I need to generate documents from immutable result snapshots, so that the payroll capability operates with controlled, reproducible and auditable outcomes.","Every document retains source result, template version, generation inputs and content hash and can be reproduced. Source-derived checks: A generated document must retain:","Immutable published document snapshots, template lifecycle, authenticity, ESS, former-employee access, correction/replacement/revocation and certificates are not implemented.",NO SPECIAL FLAG BEYOND NORMAL DESIGN REVIEW,"E06,E08,E09,E10,E11"
PLN-E13-004,E13,Payslips & ESS,Operate the payslip lifecycle,Business / Workflow,E13-01,R3,P11,Should,PARTIALLY EVIDENCED,PARTIALLY IMPLEMENTED,BASELINE RETAINED,No post-baseline story-level evidence change identified.,"As a Payroll Operations Lead, I need to operate the payslip lifecycle, so that the payroll capability operates with controlled, reproducible and auditable outcomes.","Payslips move through generated, validated, approved, published, replaced/revoked and archived states with publication gates. Source-derived checks: Where policy requires payment confirmation, the required payment status is available.","Immutable published document snapshots, template lifecycle, authenticity, ESS, former-employee access, correction/replacement/revocation and certificates are not implemented.",NO SPECIAL FLAG BEYOND NORMAL DESIGN REVIEW,"E06,E08,E09,E10,E11"
PLN-E13-005,E13,Payslips & ESS,Render complete and privacy-aware payslip content,Business / Workflow,E13-01,R3,P11,Should,PARTIALLY EVIDENCED,PARTIALLY IMPLEMENTED,BASELINE RETAINED,No post-baseline story-level evidence change identified.,"As a Payroll Document Service, I need to render complete and privacy-aware payslip content, so that the payroll capability operates with controlled, reproducible and auditable outcomes.","Required employer/employee/period/earnings/deductions/net data appears while sensitive identifiers are masked by policy. Source-derived checks: The 2026 central Form V wage slip contains establishment and employee identity, UAN, bank account number, wage period, basic/DA/allowance rates, attendance or units, overtime wages, gross wages, deductions including PF and ESI, and net wages. [R1]","Immutable published document snapshots, template lifecycle, authenticity, ESS, former-employee access, correction/replacement/revocation and certificates are not implemented.",NO SPECIAL FLAG BEYOND NORMAL DESIGN REVIEW,"E06,E08,E09,E10,E11"
PLN-E13-006,E13,Payslips & ESS,"Support regular, off-cycle, retro and settlement variants",Business / Workflow,E13-01,R3,P11,Should,NOT EVIDENCED,NOT EVIDENCED,BASELINE RETAINED,No post-baseline story-level evidence change identified.,"As a Payroll Document Service, I need to support regular, off-cycle, retro and settlement variants, so that the payroll capability operates with controlled, reproducible and auditable outcomes.","Each variant clearly identifies run type, earning periods, adjustments, reversals and payment status.","Immutable published document snapshots, template lifecycle, authenticity, ESS, former-employee access, correction/replacement/revocation and certificates are not implemented.",NO SPECIAL FLAG BEYOND NORMAL DESIGN REVIEW,"E06,E08,E09,E10,E11"
PLN-E13-007,E13,Payslips & ESS,Explain retroactive corrections without overwriting originals,Business / Workflow,E13-01,R3,P11,Should,NOT EVIDENCED,NOT EVIDENCED,BASELINE RETAINED,No post-baseline story-level evidence change identified.,"As a Payroll Document Service, I need to explain retroactive corrections without overwriting originals, so that the payroll capability operates with controlled, reproducible and auditable outcomes.","Original, correction, difference and replacement references remain visible and old documents remain retrievable. Source-derived checks: A retro document must retain the historical period and explain the difference from the latest accepted historical result. / A replacement payslip must identify the superseded document ID and issue date. / A reversal and a corrected replacement may be presented as separate documents or a consolidated correction statement, according to policy.","Immutable published document snapshots, template lifecycle, authenticity, ESS, former-employee access, correction/replacement/revocation and certificates are not implemented.",NO SPECIAL FLAG BEYOND NORMAL DESIGN REVIEW,"E06,E08,E09,E10,E11"
PLN-E13-008,E13,Payslips & ESS,"Handle zero, negative and held results",Business / Workflow,E13-01,R3,P11,Should,PARTIALLY EVIDENCED,PARTIALLY IMPLEMENTED,BASELINE RETAINED,No post-baseline story-level evidence change identified.,"As a Payroll Document Service, I need to handle zero, negative and held results, so that the payroll capability operates with controlled, reproducible and auditable outcomes.","The document distinguishes no-pay, negative balance, held payment and missing result and does not imply successful payment. Source-derived checks: Tax-only or information-only payroll / Never display a negative amount as a bank transfer instruction.","Immutable published document snapshots, template lifecycle, authenticity, ESS, former-employee access, correction/replacement/revocation and certificates are not implemented.",NO SPECIAL FLAG BEYOND NORMAL DESIGN REVIEW,"E06,E08,E09,E10,E11"
PLN-E13-009,E13,Payslips & ESS,"Support multi-assignment, employer and currency documents",Business / Workflow,E13-01,R3,P11,Should,NOT EVIDENCED,NOT EVIDENCED,BASELINE RETAINED,No post-baseline story-level evidence change identified.,"As a Payroll Document Service, I need to support multi-assignment, employer and currency documents, so that the payroll capability operates with controlled, reproducible and auditable outcomes.","Aggregation and separation follow legal employer, payroll relationship, payment and currency boundaries. Source-derived checks: Assignment-level costing must not be exposed unless employee policy requires it. / Concurrent legal employers must not be silently consolidated. / Original currency, payroll currency and payment currency must be clearly labelled.","Immutable published document snapshots, template lifecycle, authenticity, ESS, former-employee access, correction/replacement/revocation and certificates are not implemented.",NO SPECIAL FLAG BEYOND NORMAL DESIGN REVIEW,"E06,E08,E09,E10,E11"
PLN-E13-010,E13,Payslips & ESS,"Correct, replace and revoke payroll documents",Business / Workflow,E13-01,R3,P11,Should,NOT EVIDENCED,NOT EVIDENCED,BASELINE RETAINED,No post-baseline story-level evidence change identified.,"As a Payroll Document Administrator, I need to correct, replace and revoke payroll documents, so that the payroll capability operates with controlled, reproducible and auditable outcomes.","Corrections create a new immutable version, preserve the original, notify recipients and retain reason/approval. Source-derived checks: Previously downloaded documents cannot be technically recalled; the ESS portal must clearly identify the current valid version. / Revocation without replacement is allowed only where the business document is invalid and no corrected value is available. / Employee notification is required when the correction materially affects pay, tax, statutory contribution or settlement.","Immutable published document snapshots, template lifecycle, authenticity, ESS, former-employee access, correction/replacement/revocation and certificates are not implemented.",NO SPECIAL FLAG BEYOND NORMAL DESIGN REVIEW,"E06,E08,E09,E10,E11"
PLN-E13-011,E13,Payslips & ESS,Provide authenticity and verification controls,Business / Workflow,E13-01,R3,P11,Should,NOT EVIDENCED,NOT EVIDENCED,BASELINE RETAINED,No post-baseline story-level evidence change identified.,"As a Payroll Document Service, I need to provide authenticity and verification controls, so that the payroll capability operates with controlled, reproducible and auditable outcomes.",Documents carry tamper evidence or verification reference without exposing payroll data to unauthorised verifiers. Source-derived checks: QR code or short verification token that reveals only validity and limited metadata,"Immutable published document snapshots, template lifecycle, authenticity, ESS, former-employee access, correction/replacement/revocation and certificates are not implemented.",NO SPECIAL FLAG BEYOND NORMAL DESIGN REVIEW,"E06,E08,E09,E10,E11"
PLN-E13-012,E13,Payslips & ESS,Provide secure employee self-service access,Business / Workflow,E13-01,R3,P11,Should,PARTIALLY EVIDENCED,PARTIALLY IMPLEMENTED,BASELINE RETAINED,No post-baseline story-level evidence change identified.,"As a Employee, I need to provide secure employee self-service access, so that the payroll capability operates with controlled, reproducible and auditable outcomes.","Employees can search, view and download only authorised current and historical payroll documents with access logging. Source-derived checks: 19.1 Core employee functions / View current and historical payslips / Download accessible PDF or structured HTML","Immutable published document snapshots, template lifecycle, authenticity, ESS, former-employee access, correction/replacement/revocation and certificates are not implemented.",NO SPECIAL FLAG BEYOND NORMAL DESIGN REVIEW,"E06,E08,E09,E10,E11"
PLN-E13-013,E13,Payslips & ESS,Control sessions and sensitive downloads,Business / Workflow,E13-01,R3,P11,Should,NOT EVIDENCED,NOT EVIDENCED,BASELINE RETAINED,No post-baseline story-level evidence change identified.,"As a Security Administrator, I need to control sessions and sensitive downloads, so that the payroll capability operates with controlled, reproducible and auditable outcomes.","Step-up, session timeout, device/download controls and anti-enumeration protect payroll documents. Source-derived checks: Separate secure identity for former employees where enterprise SSO is unavailable / Tax Act, tax year, form and schema version are explicit. / A corrected tax return creates a corrected certificate when required.","Immutable published document snapshots, template lifecycle, authenticity, ESS, former-employee access, correction/replacement/revocation and certificates are not implemented.",NO SPECIAL FLAG BEYOND NORMAL DESIGN REVIEW,"E06,E08,E09,E10,E11"
PLN-E13-014,E13,Payslips & ESS,Support former employee and beneficiary access,Business / Workflow,E13-01,R3,P11,Should,NOT EVIDENCED,NOT EVIDENCED,BASELINE RETAINED,No post-baseline story-level evidence change identified.,"As a Payroll Document Administrator, I need to support former employee and beneficiary access, so that the payroll capability operates with controlled, reproducible and auditable outcomes.","Time-bounded former employee, nominee and legal-representative access requires verified identity and scoped authority. Source-derived checks: Former-employee access is a separate lifecycle, not an indefinite continuation of the active employee account. / Support tax certificates and corrected documents issued after exit. / Support account recovery without exposing payroll identifiers.","Immutable published document snapshots, template lifecycle, authenticity, ESS, former-employee access, correction/replacement/revocation and certificates are not implemented.",FORM/RETENTION RULE REVALIDATION REQUIRED,"E06,E08,E09,E10,E11"
PLN-E13-015,E13,Payslips & ESS,"Support print, kiosk and non-digital delivery",Business / Workflow,E13-01,R3,P11,Should,NOT EVIDENCED,NOT EVIDENCED,BASELINE RETAINED,No post-baseline story-level evidence change identified.,"As a Payroll Document Operations, I need to support print, kiosk and non-digital delivery, so that the payroll capability operates with controlled, reproducible and auditable outcomes.","Alternative delivery preserves confidentiality, acknowledgement and chain-of-custody evidence. Source-derived checks: Secure kiosk mode with strong employee authentication / One-time print jobs with no local caching / Sealed-envelope workflow for physical payslips","Immutable published document snapshots, template lifecycle, authenticity, ESS, former-employee access, correction/replacement/revocation and certificates are not implemented.",NO SPECIAL FLAG BEYOND NORMAL DESIGN REVIEW,"E06,E08,E09,E10,E11"
PLN-E13-016,E13,Payslips & ESS,Record delivery evidence and failures,Business / Workflow,E13-01,R3,P11,Should,NOT EVIDENCED,NOT EVIDENCED,BASELINE RETAINED,No post-baseline story-level evidence change identified.,"As a Payroll Document Service, I need to record delivery evidence and failures, so that the payroll capability operates with controlled, reproducible and auditable outcomes.","Every channel records send, delivery, access/acknowledgement, failure, retry and final disposition. Source-derived checks: Opening or downloading a payslip does not constitute agreement with its contents unless a specific lawful policy requires explicit acceptance.","Immutable published document snapshots, template lifecycle, authenticity, ESS, former-employee access, correction/replacement/revocation and certificates are not implemented.",NO SPECIAL FLAG BEYOND NORMAL DESIGN REVIEW,"E06,E08,E09,E10,E11"
PLN-E13-017,E13,Payslips & ESS,Manage employee payroll questions and document requests,Business / Workflow,E13-01,R3,P11,Should,NOT EVIDENCED,NOT EVIDENCED,BASELINE RETAINED,No post-baseline story-level evidence change identified.,"As a Payroll Support Agent, I need to manage employee payroll questions and document requests, so that the payroll capability operates with controlled, reproducible and auditable outcomes.","Cases reference the exact document/result, protect sensitive data and track response, correction and closure evidence. Source-derived checks: A case cannot directly edit payroll results. / Sensitive disciplinary or legal deductions are visible only to authorised handlers.","Immutable published document snapshots, template lifecycle, authenticity, ESS, former-employee access, correction/replacement/revocation and certificates are not implemented.",NO SPECIAL FLAG BEYOND NORMAL DESIGN REVIEW,"E06,E08,E09,E10,E11"
PLN-E13-018,E13,Payslips & ESS,Generate income-tax and social-security documents,Business / Workflow,E13-01,R3,P11,Should,NOT EVIDENCED,NOT EVIDENCED,BASELINE RETAINED,No post-baseline story-level evidence change identified.,"As a Payroll Tax and Compliance Operations, I need to generate income-tax and social-security documents, so that the payroll capability operates with controlled, reproducible and auditable outcomes.","Tax, contribution and employer certificates use the applicable rule/form/template version and reconcile to source results.","Immutable published document snapshots, template lifecycle, authenticity, ESS, former-employee access, correction/replacement/revocation and certificates are not implemented.",FORM/RETENTION RULE REVALIDATION REQUIRED,"E06,E08,E09,E10,E11"
PLN-E13-019,E13,Payslips & ESS,"Generate compensation, final-settlement and beneficiary documents",Business / Workflow,E13-01,R3,P11,Should,NOT EVIDENCED,NOT EVIDENCED,BASELINE RETAINED,No post-baseline story-level evidence change identified.,"As a Payroll Document Operations, I need to generate compensation, final-settlement and beneficiary documents, so that the payroll capability operates with controlled, reproducible and auditable outcomes.","Authorised certificates and settlement statements retain source data, approval, recipient and legal/policy basis.","Immutable published document snapshots, template lifecycle, authenticity, ESS, former-employee access, correction/replacement/revocation and certificates are not implemented.",NO SPECIAL FLAG BEYOND NORMAL DESIGN REVIEW,"E06,E08,E09,E10,E11"
PLN-E13-020,E13,Payslips & ESS,"Retain, archive and dispose payroll documents",Business / Workflow,E13-01,R3,P11,Should,NOT EVIDENCED,NOT EVIDENCED,BASELINE RETAINED,No post-baseline story-level evidence change identified.,"As a Records Manager, I need to retain, archive and dispose payroll documents, so that the payroll capability operates with controlled, reproducible and auditable outcomes.","Retention, legal hold, archive retrieval and secure disposal apply by document type and jurisdiction. Source-derived checks: Retention must be configured by document type, jurisdiction, employer and effective period. / The wage-rule baseline requires specified registers to be preserved for five years. The system should associate documents with the relevant record-retention policy without assuming that every document has the same period. [R1][R2]","Immutable published document snapshots, template lifecycle, authenticity, ESS, former-employee access, correction/replacement/revocation and certificates are not implemented.",NO SPECIAL FLAG BEYOND NORMAL DESIGN REVIEW,"E06,E08,E09,E10,E11"
PLN-E13-021,E13,Payslips & ESS,"Meet privacy, security, accessibility and localisation requirements",Business / Workflow,E13-01,R3,P11,Should,NOT EVIDENCED,NOT EVIDENCED,BASELINE RETAINED,No post-baseline story-level evidence change identified.,"As a Payroll Document Administrator, I need to meet privacy, security, accessibility and localisation requirements, so that the payroll capability operates with controlled, reproducible and auditable outcomes.","Data minimisation, masking, encryption, accessible formats, language and jurisdiction variants are verified before publication. Source-derived checks: The DPDP Rules baseline expressly refers to encryption, masking or virtual tokens, access control, logging, continuity and breach communications. These controls should be designed into the document vault and delivery services. [R4] / Tax Act, tax year, form and schema version are explicit. / A corrected tax return creates a corrected certificate when required.","Immutable published document snapshots, template lifecycle, authenticity, ESS, former-employee access, correction/replacement/revocation and certificates are not implemented.",NO SPECIAL FLAG BEYOND NORMAL DESIGN REVIEW,"E06,E08,E09,E10,E11"
PLN-E14-001,E14,Reporting & Communications,Define a governed payroll reporting architecture,Business / Workflow,E14-01,R3,P11,Should,NOT STARTED,NOT STARTED,BASELINE RETAINED,No post-baseline story-level evidence change identified.,"As a Payroll Reporting Administrator, I need to define a governed payroll reporting architecture, so that the payroll capability operates with controlled, reproducible and auditable outcomes.","Operational, finance, statutory, audit and management reports use governed definitions and immutable result sources. Source-derived checks: Operational reports should use controlled read models or reporting replicas. They should not execute unrestricted queries against live calculation tables. / payroll_report_definition / payroll_report_definition_version","Reconciled operational/statutory/management reports, analytics, secure distribution, employee communications, delivery evidence and report governance.",NO SPECIAL FLAG BEYOND NORMAL DESIGN REVIEW,E01-E13
PLN-E14-002,E14,Reporting & Communications,Maintain a versioned report catalogue,Business / Workflow,E14-01,R3,P11,Should,NOT STARTED,NOT STARTED,BASELINE RETAINED,No post-baseline story-level evidence change identified.,"As a Payroll Reporting Administrator, I need to maintain a versioned report catalogue, so that the payroll capability operates with controlled, reproducible and auditable outcomes.","Each report has owner, purpose, audience, data classification, parameters, retention and reconciliation rule.","Reconciled operational/statutory/management reports, analytics, secure distribution, employee communications, delivery evidence and report governance.",NO SPECIAL FLAG BEYOND NORMAL DESIGN REVIEW,E01-E13
PLN-E14-003,E14,Reporting & Communications,"Define report dimensions, measures and calculations",Business / Workflow,E14-01,R3,P11,Should,NOT STARTED,NOT STARTED,BASELINE RETAINED,No post-baseline story-level evidence change identified.,"As a Payroll Reporting Analyst, I need to define report dimensions, measures and calculations, so that the payroll capability operates with controlled, reproducible and auditable outcomes.","Measures use explicit grain, aggregation, currency and as-of semantics and are not silently recomputed from mutable data. Source-derived checks: Tenant, country, legal entity, PSU and establishment / Pay group, pay period and payroll run / Employee, employment and assignment","Reconciled operational/statutory/management reports, analytics, secure distribution, employee communications, delivery evidence and report governance.",NO SPECIAL FLAG BEYOND NORMAL DESIGN REVIEW,E01-E13
PLN-E14-004,E14,Reporting & Communications,Apply parameter and as-of date semantics,Business / Workflow,E14-01,R3,P11,Should,NOT STARTED,NOT STARTED,BASELINE RETAINED,No post-baseline story-level evidence change identified.,"As a Payroll Reporting Analyst, I need to apply parameter and as-of date semantics, so that the payroll capability operates with controlled, reproducible and auditable outcomes.","Period, run, earning, payment, tax and accounting dates are distinguishable and reported with source snapshot/version. Source-derived checks: Business effective date and system transaction date must be selectable for audit reports. / Payroll-period reports must identify the exact payroll result version. / Current-state employee attributes must not silently replace historical payroll attributes.","Reconciled operational/statutory/management reports, analytics, secure distribution, employee communications, delivery evidence and report governance.",NO SPECIAL FLAG BEYOND NORMAL DESIGN REVIEW,E01-E13
PLN-E14-005,E14,Reporting & Communications,"Enforce report row, field and purpose security",Business / Workflow,E14-01,R3,P11,Should,NOT STARTED,NOT STARTED,BASELINE RETAINED,No post-baseline story-level evidence change identified.,"As a Payroll Reporting Security Administrator, I need to enforce report row, field and purpose security, so that the payroll capability operates with controlled, reproducible and auditable outcomes.","Users receive only authorised populations and fields; sensitive exports are masked, watermarked or restricted. Source-derived checks: Export-specific permission separate from screen viewing","Reconciled operational/statutory/management reports, analytics, secure distribution, employee communications, delivery evidence and report governance.",NO SPECIAL FLAG BEYOND NORMAL DESIGN REVIEW,E01-E13
PLN-E14-006,E14,Reporting & Communications,Schedule and securely distribute reports,Business / Workflow,E14-01,R3,P11,Should,NOT STARTED,NOT STARTED,BASELINE RETAINED,No post-baseline story-level evidence change identified.,"As a Payroll Reporting Administrator, I need to schedule and securely distribute reports, so that the payroll capability operates with controlled, reproducible and auditable outcomes.","Schedules, recipients, delivery channels, encryption and expiry are approved and delivery evidence is retained. Source-derived checks: Event-triggered or calendar-triggered schedules / Business-calendar and time-zone awareness / Recipient groups resolved at execution time","Reconciled operational/statutory/management reports, analytics, secure distribution, employee communications, delivery evidence and report governance.",NO SPECIAL FLAG BEYOND NORMAL DESIGN REVIEW,E01-E13
PLN-E14-007,E14,Reporting & Communications,Execute large reports asynchronously and resumably,Business / Workflow,E14-01,R3,P11,Should,NOT STARTED,NOT STARTED,BASELINE RETAINED,No post-baseline story-level evidence change identified.,"As a Payroll Reporting Service, I need to execute large reports asynchronously and resumably, so that the payroll capability operates with controlled, reproducible and auditable outcomes.","Large reports use bounded resources, durable job state, cancellation, expiry and retry without duplicate distribution. Source-derived checks: Asynchronous jobs for large populations / Partitioning by legal entity, pay group or employee range / Snapshot-consistent results","Reconciled operational/statutory/management reports, analytics, secure distribution, employee communications, delivery evidence and report governance.",NO SPECIAL FLAG BEYOND NORMAL DESIGN REVIEW,E01-E13
PLN-E14-008,E14,Reporting & Communications,Reconcile reports and provide controlled drill-through,Business / Workflow,E14-01,R3,P11,Should,NOT STARTED,NOT STARTED,BASELINE RETAINED,No post-baseline story-level evidence change identified.,"As a Payroll Reconciliation Analyst, I need to reconcile reports and provide controlled drill-through, so that the payroll capability operates with controlled, reproducible and auditable outcomes.","Report totals reconcile to payroll, payment, statutory and accounting sources; drill-through respects privacy and scope. Source-derived checks: Every financial report should expose control totals and drill-through to the originating result. / Report totals must reconcile to the selected payroll result version.","Reconciled operational/statutory/management reports, analytics, secure distribution, employee communications, delivery evidence and report governance.",NO SPECIAL FLAG BEYOND NORMAL DESIGN REVIEW,E01-E13
PLN-E14-009,E14,Reporting & Communications,Publish payroll analytics and KPIs,Business / Workflow,E14-01,R3,P11,Should,NOT STARTED,NOT STARTED,BASELINE RETAINED,No post-baseline story-level evidence change identified.,"As a Payroll Management, I need to publish payroll analytics and KPIs, so that the payroll capability operates with controlled, reproducible and auditable outcomes.","KPIs define numerator, denominator, period and source and identify late, exception, correction, payment and cost trends. Source-derived checks: Analytics must not expose personal salary data to users who are authorised only for aggregate management information.","Reconciled operational/statutory/management reports, analytics, secure distribution, employee communications, delivery evidence and report governance.",NO SPECIAL FLAG BEYOND NORMAL DESIGN REVIEW,E01-E13
PLN-E14-010,E14,Reporting & Communications,Create event-driven employee communications,Business / Workflow,E14-01,R3,P11,Should,NOT STARTED,NOT STARTED,BASELINE RETAINED,No post-baseline story-level evidence change identified.,"As a Payroll Communications Administrator, I need to create event-driven employee communications, so that the payroll capability operates with controlled, reproducible and auditable outcomes.",Communications are generated from approved events and templates and never expose salary amounts through insecure channels. Source-derived checks: > Recipient and preference resolution / > Language and template resolution / > Sensitive-content filtering,"Reconciled operational/statutory/management reports, analytics, secure distribution, employee communications, delivery evidence and report governance.",NO SPECIAL FLAG BEYOND NORMAL DESIGN REVIEW,E01-E13
PLN-E14-011,E14,Reporting & Communications,Maintain communication templates and preferences,Business / Workflow,E14-01,R3,P11,Should,NOT STARTED,NOT STARTED,BASELINE RETAINED,No post-baseline story-level evidence change identified.,"As a Payroll Communications Administrator, I need to maintain communication templates and preferences, so that the payroll capability operates with controlled, reproducible and auditable outcomes.",Templates are versioned; employee preference and legally required delivery are resolved separately. Source-derived checks: Communication templates must not accept arbitrary source-system HTML. Links should use trusted domains and signed short-lived tokens.,"Reconciled operational/statutory/management reports, analytics, secure distribution, employee communications, delivery evidence and report governance.",NO SPECIAL FLAG BEYOND NORMAL DESIGN REVIEW,E01-E13
PLN-E14-012,E14,Reporting & Communications,Protect sensitive communications,Business / Workflow,E14-01,R3,P11,Should,NOT STARTED,NOT STARTED,BASELINE RETAINED,No post-baseline story-level evidence change identified.,"As a Payroll Security Officer, I need to protect sensitive communications, so that the payroll capability operates with controlled, reproducible and auditable outcomes.","Channels, message content, links, expiry and authentication reflect data sensitivity and recipient status. Source-derived checks: All message links must expire and require authentication. / Communication-provider logs must not contain full sensitive payloads.","Reconciled operational/statutory/management reports, analytics, secure distribution, employee communications, delivery evidence and report governance.",NO SPECIAL FLAG BEYOND NORMAL DESIGN REVIEW,E01-E13
PLN-E14-013,E14,Reporting & Communications,Retry delivery failures without duplicate messages,Business / Workflow,E14-01,R3,P11,Should,NOT STARTED,NOT STARTED,BASELINE RETAINED,No post-baseline story-level evidence change identified.,"As a Payroll Communications Service, I need to retry delivery failures without duplicate messages, so that the payroll capability operates with controlled, reproducible and auditable outcomes.","Failure reason, retry policy, deduplication key and final disposition are retained per recipient.","Reconciled operational/statutory/management reports, analytics, secure distribution, employee communications, delivery evidence and report governance.",NO SPECIAL FLAG BEYOND NORMAL DESIGN REVIEW,E01-E13
PLN-E14-014,E14,Reporting & Communications,Control mass communication campaigns,Business / Workflow,E14-01,R3,P11,Should,NOT STARTED,NOT STARTED,BASELINE RETAINED,No post-baseline story-level evidence change identified.,"As a Payroll Communications Lead, I need to control mass communication campaigns, so that the payroll capability operates with controlled, reproducible and auditable outcomes.","Population, template, schedule, approval, preview, suppression and control totals are verified before release. Source-derived checks: Support cancellation before provider acceptance. / Prevent resending to already delivered recipients unless the campaign is explicitly revised.","Reconciled operational/statutory/management reports, analytics, secure distribution, employee communications, delivery evidence and report governance.",NO SPECIAL FLAG BEYOND NORMAL DESIGN REVIEW,E01-E13
PLN-E14-015,E14,Reporting & Communications,Preserve report and communication lineage,Business / Workflow,E14-01,R3,P11,Should,NOT STARTED,NOT STARTED,BASELINE RETAINED,No post-baseline story-level evidence change identified.,"As a Payroll Reporting Service, I need to preserve report and communication lineage, so that the payroll capability operates with controlled, reproducible and auditable outcomes.","Output links to source snapshot/result, definition/template version, parameters, actor and delivery evidence. Source-derived checks: 55.1 Required lineage fields","Reconciled operational/statutory/management reports, analytics, secure distribution, employee communications, delivery evidence and report governance.",NO SPECIAL FLAG BEYOND NORMAL DESIGN REVIEW,E01-E13
PLN-E15-001,E15,Audit & Security,Establish payroll governance and accountable ownership,Business / Workflow,E15-01,R1-R4,P12,Must,PARTIALLY EVIDENCED,PARTIALLY IMPLEMENTED,BASELINE RETAINED,No post-baseline story-level evidence change identified.,"As a Payroll Governance Lead, I need to establish payroll governance and accountable ownership, so that the payroll capability operates with controlled, reproducible and auditable outcomes.","Policy, control, data, security, operations and product owners have explicit decision rights, evidence and escalation paths. Source-derived checks: Board / Executive Oversight / Payroll Governance Committee / Process Owners + Control Owners + Data Owners","Formal SoD catalog and conflict engine, JML/access reviews, privileged/break-glass access, encryption/key lifecycle, retention/legal hold, incident controls, control testing, governance administration and full BCP operations are incomplete.",NO SPECIAL FLAG BEYOND NORMAL DESIGN REVIEW,CROSS-CUTTING
PLN-E15-002,E15,Audit & Security,Maintain a payroll risk and control catalogue,Business / Workflow,E15-01,R1-R4,P12,Must,PARTIALLY EVIDENCED,PARTIALLY IMPLEMENTED,BASELINE RETAINED,No post-baseline story-level evidence change identified.,"As a Payroll Controls Manager, I need to maintain a payroll risk and control catalogue, so that the payroll capability operates with controlled, reproducible and auditable outcomes.","Risks map to preventive, detective and corrective controls with owner, frequency, evidence, threshold and remediation. Source-derived checks: Every control must be linked to one or more risks, processes, systems, data elements, roles and evidence sources.","Formal SoD catalog and conflict engine, JML/access reviews, privileged/break-glass access, encryption/key lifecycle, retention/legal hold, incident controls, control testing, governance administration and full BCP operations are incomplete.",NO SPECIAL FLAG BEYOND NORMAL DESIGN REVIEW,CROSS-CUTTING
PLN-E15-003,E15,Audit & Security,Operate the control lifecycle,Business / Workflow,E15-01,R1-R4,P12,Must,PARTIALLY EVIDENCED,PARTIALLY IMPLEMENTED,BASELINE RETAINED,No post-baseline story-level evidence change identified.,"As a Payroll Controls Manager, I need to operate the control lifecycle, so that the payroll capability operates with controlled, reproducible and auditable outcomes.","Controls are designed, approved, scheduled, executed, evidenced, tested and retired without deleting prior results. Source-derived checks: Control recertified or retired","Formal SoD catalog and conflict engine, JML/access reviews, privileged/break-glass access, encryption/key lifecycle, retention/legal hold, incident controls, control testing, governance administration and full BCP operations are incomplete.",NO SPECIAL FLAG BEYOND NORMAL DESIGN REVIEW,CROSS-CUTTING
PLN-E15-004,E15,Audit & Security,Enforce segregation of duties,Business / Workflow,E15-01,R1-R4,P12,Must,PARTIALLY EVIDENCED,PARTIALLY IMPLEMENTED,BASELINE RETAINED,No post-baseline story-level evidence change identified.,"As a Security Governance Administrator, I need to enforce segregation of duties, so that the payroll capability operates with controlled, reproducible and auditable outcomes.","Conflicting roles and same-actor maker/checker combinations are prevented or require documented compensating control. Source-derived checks: Segregation must be evaluated at both role-assignment time and transaction-execution time. A user may hold two roles that are normally compatible but become incompatible for a specific payroll, employee population or action they initiated. / A conflict exception must be time-bound and supported by a compensating control. It must specify the exact action, object scope, risk, approver, expiry and independent review.","Formal SoD catalog and conflict engine, JML/access reviews, privileged/break-glass access, encryption/key lifecycle, retention/legal hold, incident controls, control testing, governance administration and full BCP operations are incomplete.",NO SPECIAL FLAG BEYOND NORMAL DESIGN REVIEW,CROSS-CUTTING
PLN-E15-005,E15,Audit & Security,Maintain granular role and permission models,Business / Workflow,E15-01,R1-R4,P12,Must,PARTIALLY EVIDENCED,PARTIALLY IMPLEMENTED,BASELINE RETAINED,No post-baseline story-level evidence change identified.,"As a Security Administrator, I need to maintain granular role and permission models, so that the payroll capability operates with controlled, reproducible and auditable outcomes.","Permissions are task, population and data-field scoped; tenant and legal-entity boundaries are enforced. Source-derived checks: Condition: Non-executive population only","Formal SoD catalog and conflict engine, JML/access reviews, privileged/break-glass access, encryption/key lifecycle, retention/legal hold, incident controls, control testing, governance administration and full BCP operations are incomplete.",NO SPECIAL FLAG BEYOND NORMAL DESIGN REVIEW,CROSS-CUTTING
PLN-E15-006,E15,Audit & Security,Control access provisioning and deprovisioning,Business / Workflow,E15-01,R1-R4,P12,Must,NOT EVIDENCED,NOT EVIDENCED,BASELINE RETAINED,No post-baseline story-level evidence change identified.,"As a Access Governance Administrator, I need to control access provisioning and deprovisioning, so that the payroll capability operates with controlled, reproducible and auditable outcomes.","Access has requester, approver, business justification, start/end date, review cycle and prompt removal on role/termination changes. Source-derived checks: Mover events recalculate rather than only add permissions.","Formal SoD catalog and conflict engine, JML/access reviews, privileged/break-glass access, encryption/key lifecycle, retention/legal hold, incident controls, control testing, governance administration and full BCP operations are incomplete.",NO SPECIAL FLAG BEYOND NORMAL DESIGN REVIEW,CROSS-CUTTING
PLN-E15-007,E15,Audit & Security,Govern privileged and emergency access,Business / Workflow,E15-01,R1-R4,P12,Must,NOT EVIDENCED,NOT EVIDENCED,BASELINE RETAINED,No post-baseline story-level evidence change identified.,"As a Security Operations Lead, I need to govern privileged and emergency access, so that the payroll capability operates with controlled, reproducible and auditable outcomes.","Privileged access is time-bound, approved, monitored and reviewed; break-glass use creates immediate evidence and follow-up. Source-derived checks: Separate named administrative identity from normal user identity.","Formal SoD catalog and conflict engine, JML/access reviews, privileged/break-glass access, encryption/key lifecycle, retention/legal hold, incident controls, control testing, governance administration and full BCP operations are incomplete.",NO SPECIAL FLAG BEYOND NORMAL DESIGN REVIEW,CROSS-CUTTING
PLN-E15-008,E15,Audit & Security,Govern service accounts and machine identities,Business / Workflow,E15-01,R1-R4,P12,Must,NOT EVIDENCED,NOT EVIDENCED,BASELINE RETAINED,No post-baseline story-level evidence change identified.,"As a Platform Security Administrator, I need to govern service accounts and machine identities, so that the payroll capability operates with controlled, reproducible and auditable outcomes.","Machine identities have owner, purpose, least privilege, credential rotation and non-interactive restrictions. Source-derived checks: Every integration, scheduler, calculation worker and reporting service must have an owned, purpose-specific machine identity.","Formal SoD catalog and conflict engine, JML/access reviews, privileged/break-glass access, encryption/key lifecycle, retention/legal hold, incident controls, control testing, governance administration and full BCP operations are incomplete.",NO SPECIAL FLAG BEYOND NORMAL DESIGN REVIEW,CROSS-CUTTING
PLN-E15-009,E15,Audit & Security,Apply strong authentication and zero-trust session controls,Business / Workflow,E15-01,R1-R4,P12,Must,PARTIALLY EVIDENCED,PARTIALLY IMPLEMENTED,BASELINE RETAINED,No post-baseline story-level evidence change identified.,"As a Security Architect, I need to apply strong authentication and zero-trust session controls, so that the payroll capability operates with controlled, reproducible and auditable outcomes.","MFA/step-up, session risk, device/network context and reauthentication protect high-risk payroll actions. Source-derived checks: Network location alone never grants payroll access.","Formal SoD catalog and conflict engine, JML/access reviews, privileged/break-glass access, encryption/key lifecycle, retention/legal hold, incident controls, control testing, governance administration and full BCP operations are incomplete.",NO SPECIAL FLAG BEYOND NORMAL DESIGN REVIEW,CROSS-CUTTING
PLN-E15-010,E15,Audit & Security,Apply field-level and purpose-based access,Business / Workflow,E15-01,R1-R4,P12,Must,PARTIALLY EVIDENCED,PARTIALLY IMPLEMENTED,BASELINE RETAINED,No post-baseline story-level evidence change identified.,"As a Data Protection Administrator, I need to apply field-level and purpose-based access, so that the payroll capability operates with controlled, reproducible and auditable outcomes.","Sensitive identifiers, bank, salary and tax data are masked or denied by purpose and user scope.","Formal SoD catalog and conflict engine, JML/access reviews, privileged/break-glass access, encryption/key lifecycle, retention/legal hold, incident controls, control testing, governance administration and full BCP operations are incomplete.",NO SPECIAL FLAG BEYOND NORMAL DESIGN REVIEW,CROSS-CUTTING
PLN-E15-011,E15,Audit & Security,Capture complete payroll audit events,Business / Workflow,E15-01,R1-R4,P12,Must,PARTIALLY EVIDENCED,PARTIALLY IMPLEMENTED,BASELINE RETAINED,No post-baseline story-level evidence change identified.,"As a Payroll Audit Administrator, I need to capture complete payroll audit events, so that the payroll capability operates with controlled, reproducible and auditable outcomes.","Material reads, writes, approvals, calculations, exports, access changes and administrative actions record actor, time, context and before/after evidence. Source-derived checks: Append-only after acceptance.","Formal SoD catalog and conflict engine, JML/access reviews, privileged/break-glass access, encryption/key lifecycle, retention/legal hold, incident controls, control testing, governance administration and full BCP operations are incomplete.",NO SPECIAL FLAG BEYOND NORMAL DESIGN REVIEW,CROSS-CUTTING
PLN-E15-012,E15,Audit & Security,Define and verify audit coverage,Business / Workflow,E15-01,R1-R4,P12,Must,PARTIALLY EVIDENCED,PARTIALLY IMPLEMENTED,BASELINE RETAINED,No post-baseline story-level evidence change identified.,"As a Internal Auditor, I need to define and verify audit coverage, so that the payroll capability operates with controlled, reproducible and auditable outcomes.","Every high-risk capability maps to required audit events, retention and investigator access, with automated coverage tests.","Formal SoD catalog and conflict engine, JML/access reviews, privileged/break-glass access, encryption/key lifecycle, retention/legal hold, incident controls, control testing, governance administration and full BCP operations are incomplete.",NO SPECIAL FLAG BEYOND NORMAL DESIGN REVIEW,CROSS-CUTTING
PLN-E15-013,E15,Audit & Security,Provide tamper-evident audit integrity,Business / Workflow,E15-01,R1-R4,P12,Must,PARTIALLY EVIDENCED,PARTIALLY IMPLEMENTED,BASELINE RETAINED,No post-baseline story-level evidence change identified.,"As a Security Architect, I need to provide tamper-evident audit integrity, so that the payroll capability operates with controlled, reproducible and auditable outcomes.","Audit records are append-only, access-controlled and verifiable for deletion or alteration attempts. Source-derived checks: Application administrators cannot update accepted audit records. / Hash chaining, signed batches or immutable storage should detect unauthorised alteration.","Formal SoD catalog and conflict engine, JML/access reviews, privileged/break-glass access, encryption/key lifecycle, retention/legal hold, incident controls, control testing, governance administration and full BCP operations are incomplete.",NO SPECIAL FLAG BEYOND NORMAL DESIGN REVIEW,CROSS-CUTTING
PLN-E15-014,E15,Audit & Security,Support audit search and investigation,Business / Workflow,E15-01,R1-R4,P12,Must,NOT EVIDENCED,NOT EVIDENCED,BASELINE RETAINED,No post-baseline story-level evidence change identified.,"As a Internal Auditor, I need to support audit search and investigation, so that the payroll capability operates with controlled, reproducible and auditable outcomes.","Investigators can search by actor, employee, object, period, correlation and action while sensitive fields remain protected. Source-derived checks: 17.2 Investigation package","Formal SoD catalog and conflict engine, JML/access reviews, privileged/break-glass access, encryption/key lifecycle, retention/legal hold, incident controls, control testing, governance administration and full BCP operations are incomplete.",NO SPECIAL FLAG BEYOND NORMAL DESIGN REVIEW,CROSS-CUTTING
PLN-E15-015,E15,Audit & Security,Continuously monitor controls and anomalies,Business / Workflow,E15-01,R1-R4,P12,Must,NOT EVIDENCED,NOT EVIDENCED,BASELINE RETAINED,No post-baseline story-level evidence change identified.,"As a Payroll Controls Manager, I need to continuously monitor controls and anomalies, so that the payroll capability operates with controlled, reproducible and auditable outcomes.","Control failures, unusual access, configuration changes, duplicate payments and other anomalies create assigned alerts. Source-derived checks: 18.1 Payroll monitoring scenarios / Unusual salary or net-pay increase. / New bank account followed by immediate high-value payment.","Formal SoD catalog and conflict engine, JML/access reviews, privileged/break-glass access, encryption/key lifecycle, retention/legal hold, incident controls, control testing, governance administration and full BCP operations are incomplete.",NO SPECIAL FLAG BEYOND NORMAL DESIGN REVIEW,CROSS-CUTTING
PLN-E15-016,E15,Audit & Security,Manage compliance obligations and attestations,Business / Workflow,E15-01,R1-R4,P12,Must,NOT EVIDENCED,NOT EVIDENCED,BASELINE RETAINED,No post-baseline story-level evidence change identified.,"As a Payroll Compliance Lead, I need to manage compliance obligations and attestations, so that the payroll capability operates with controlled, reproducible and auditable outcomes.","Obligations link authority, owner, due date, evidence, status, exceptions and attestation. Source-derived checks: Period-specific obligation instance / Evidence / filing / payment / Closure or breach remediation","Formal SoD catalog and conflict engine, JML/access reviews, privileged/break-glass access, encryption/key lifecycle, retention/legal hold, incident controls, control testing, governance administration and full BCP operations are incomplete.",NO SPECIAL FLAG BEYOND NORMAL DESIGN REVIEW,CROSS-CUTTING
PLN-E15-017,E15,Audit & Security,Track control deficiencies and remediation,Business / Workflow,E15-01,R1-R4,P12,Must,NOT EVIDENCED,NOT EVIDENCED,BASELINE RETAINED,No post-baseline story-level evidence change identified.,"As a Payroll Controls Manager, I need to track control deficiencies and remediation, so that the payroll capability operates with controlled, reproducible and auditable outcomes.","Deficiencies have severity, root cause, owner, action, due date, retest and closure approval. Source-derived checks: 22.1 Deficiency classification / privacy_or_security_impact","Formal SoD catalog and conflict engine, JML/access reviews, privileged/break-glass access, encryption/key lifecycle, retention/legal hold, incident controls, control testing, governance administration and full BCP operations are incomplete.",NO SPECIAL FLAG BEYOND NORMAL DESIGN REVIEW,CROSS-CUTTING
PLN-E15-018,E15,Audit & Security,Classify payroll data and processing purposes,Business / Workflow,E15-01,R1-R4,P12,Must,PARTIALLY EVIDENCED,PARTIALLY IMPLEMENTED,BASELINE RETAINED,No post-baseline story-level evidence change identified.,"As a Data Protection Officer, I need to classify payroll data and processing purposes, so that the payroll capability operates with controlled, reproducible and auditable outcomes.","Data elements are classified by sensitivity, purpose, jurisdiction, owner and permitted use.","Formal SoD catalog and conflict engine, JML/access reviews, privileged/break-glass access, encryption/key lifecycle, retention/legal hold, incident controls, control testing, governance administration and full BCP operations are incomplete.",NO SPECIAL FLAG BEYOND NORMAL DESIGN REVIEW,CROSS-CUTTING
PLN-E15-019,E15,Audit & Security,Maintain data inventory and processing records,Business / Workflow,E15-01,R1-R4,P12,Must,NOT EVIDENCED,NOT EVIDENCED,BASELINE RETAINED,No post-baseline story-level evidence change identified.,"As a Data Governance Lead, I need to maintain data inventory and processing records, so that the payroll capability operates with controlled, reproducible and auditable outcomes.","Systems, tables, fields, transfers, recipients, purpose, retention and lawful basis are inventoried. Source-derived checks: The platform should maintain an inventory of payroll data categories and processing activities sufficient to demonstrate ownership, purpose, source, recipients, storage location, retention and safeguards.","Formal SoD catalog and conflict engine, JML/access reviews, privileged/break-glass access, encryption/key lifecycle, retention/legal hold, incident controls, control testing, governance administration and full BCP operations are incomplete.",NO SPECIAL FLAG BEYOND NORMAL DESIGN REVIEW,CROSS-CUTTING
PLN-E15-020,E15,Audit & Security,Enforce purpose limitation and minimisation,Business / Workflow,E15-01,R1-R4,P12,Must,PARTIALLY EVIDENCED,PARTIALLY IMPLEMENTED,BASELINE RETAINED,No post-baseline story-level evidence change identified.,"As a Data Protection Officer, I need to enforce purpose limitation and minimisation, so that the payroll capability operates with controlled, reproducible and auditable outcomes.","Collection, access, export and retention are limited to payroll purpose and approved downstream need. Source-derived checks: Collect only fields required for payroll, tax, statutory, payment, benefit, accounting or approved support purposes. / Separate operational payroll data from development and test environments. / Limit support users to metadata and masked values.","Formal SoD catalog and conflict engine, JML/access reviews, privileged/break-glass access, encryption/key lifecycle, retention/legal hold, incident controls, control testing, governance administration and full BCP operations are incomplete.",NO SPECIAL FLAG BEYOND NORMAL DESIGN REVIEW,CROSS-CUTTING
PLN-E15-021,E15,Audit & Security,Operate data correction and quality controls,Business / Workflow,E15-01,R1-R4,P12,Must,NOT EVIDENCED,NOT EVIDENCED,BASELINE RETAINED,No post-baseline story-level evidence change identified.,"As a Data Governance Lead, I need to operate data correction and quality controls, so that the payroll capability operates with controlled, reproducible and auditable outcomes.","Correction requests preserve original value, authority, approval, downstream impact and completion status. Source-derived checks: The product must support correction requests without rewriting historical payroll evidence. A corrected master record creates a new effective-dated version; an incorrect historical payroll result uses the Iteration 7 correction process.","Formal SoD catalog and conflict engine, JML/access reviews, privileged/break-glass access, encryption/key lifecycle, retention/legal hold, incident controls, control testing, governance administration and full BCP operations are incomplete.",NO SPECIAL FLAG BEYOND NORMAL DESIGN REVIEW,CROSS-CUTTING
PLN-E15-022,E15,Audit & Security,Preserve end-to-end data lineage,Business / Workflow,E15-01,R1-R4,P12,Must,PARTIALLY EVIDENCED,PARTIALLY IMPLEMENTED,BASELINE RETAINED,No post-baseline story-level evidence change identified.,"As a Data Governance Lead, I need to preserve end-to-end data lineage, so that the payroll capability operates with controlled, reproducible and auditable outcomes.","Source event, transformation, snapshot, calculation, output and downstream acknowledgement are linked. Source-derived checks: Lineage must be queryable in both directions: from source to every downstream use, and from a payslip, payment or journal back to the original source and approvals.","Formal SoD catalog and conflict engine, JML/access reviews, privileged/break-glass access, encryption/key lifecycle, retention/legal hold, incident controls, control testing, governance administration and full BCP operations are incomplete.",NO SPECIAL FLAG BEYOND NORMAL DESIGN REVIEW,CROSS-CUTTING
PLN-E15-023,E15,Audit & Security,Apply retention policies and legal holds,Business / Workflow,E15-01,R1-R4,P12,Must,NOT EVIDENCED,NOT EVIDENCED,BASELINE RETAINED,No post-baseline story-level evidence change identified.,"As a Records Manager, I need to apply retention policies and legal holds, so that the payroll capability operates with controlled, reproducible and auditable outcomes.","Retention is effective-dated by record type/jurisdiction; legal hold suspends disposal and preserves scope/evidence. Source-derived checks: The longest possible period should not be used as a universal default. / Minimum statutory retention and maximum approved business retention should both be represented. / Disposal must be suspended for legal hold, investigation or unresolved correction.","Formal SoD catalog and conflict engine, JML/access reviews, privileged/break-glass access, encryption/key lifecycle, retention/legal hold, incident controls, control testing, governance administration and full BCP operations are incomplete.",PRIVACY/CYBER/RETENTION RULE REVALIDATION REQUIRED,CROSS-CUTTING
PLN-E15-024,E15,Audit & Security,Archive and securely dispose records,Business / Workflow,E15-01,R1-R4,P12,Must,NOT EVIDENCED,NOT EVIDENCED,BASELINE RETAINED,No post-baseline story-level evidence change identified.,"As a Records Manager, I need to archive and securely dispose records, so that the payroll capability operates with controlled, reproducible and auditable outcomes.","Archived records remain retrievable and verifiable; disposal is authorised, logged and irrecoverable to the required standard. Source-derived checks: 33.1 Archival requirements / Preserve data meaning, schema version, relationships and integrity hash. / Maintain search and authorised retrieval capability.","Formal SoD catalog and conflict engine, JML/access reviews, privileged/break-glass access, encryption/key lifecycle, retention/legal hold, incident controls, control testing, governance administration and full BCP operations are incomplete.",NO SPECIAL FLAG BEYOND NORMAL DESIGN REVIEW,CROSS-CUTTING
PLN-E15-025,E15,Audit & Security,Protect data residency and external transfers,Business / Workflow,E15-01,R1-R4,P12,Must,NOT EVIDENCED,NOT EVIDENCED,BASELINE RETAINED,No post-baseline story-level evidence change identified.,"As a Data Protection Officer, I need to protect data residency and external transfers, so that the payroll capability operates with controlled, reproducible and auditable outcomes.","Storage and transfer locations, processors, safeguards and approvals are recorded and enforced. Source-derived checks: The platform must maintain the physical and logical location of payroll data, logs, backups, documents and processors. It should support jurisdiction or employer restrictions without assuming that all data categories have the same residency rule.","Formal SoD catalog and conflict engine, JML/access reviews, privileged/break-glass access, encryption/key lifecycle, retention/legal hold, incident controls, control testing, governance administration and full BCP operations are incomplete.",PRIVACY/CYBER/RETENTION RULE REVALIDATION REQUIRED,CROSS-CUTTING
PLN-E15-026,E15,Audit & Security,Encrypt payroll data and manage keys,Business / Workflow,E15-01,R1-R4,P12,Must,PARTIALLY EVIDENCED,PARTIALLY IMPLEMENTED,BASELINE RETAINED,No post-baseline story-level evidence change identified.,"As a Security Architect, I need to encrypt payroll data and manage keys, so that the payroll capability operates with controlled, reproducible and auditable outcomes.","Sensitive data is encrypted in transit and at rest; keys are separated, rotated, access-controlled and recoverable.","Formal SoD catalog and conflict engine, JML/access reviews, privileged/break-glass access, encryption/key lifecycle, retention/legal hold, incident controls, control testing, governance administration and full BCP operations are incomplete.",NO SPECIAL FLAG BEYOND NORMAL DESIGN REVIEW,CROSS-CUTTING
PLN-E15-027,E15,Audit & Security,Manage secrets outside application code,Business / Workflow,E15-01,R1-R4,P12,Must,PARTIALLY EVIDENCED,PARTIALLY IMPLEMENTED,BASELINE RETAINED,No post-baseline story-level evidence change identified.,"As a Platform Security Administrator, I need to manage secrets outside application code, so that the payroll capability operates with controlled, reproducible and auditable outcomes.","Secrets use approved vaulting, rotation, access logging and emergency recovery and never appear in source, logs or images. Source-derived checks: No credentials in source code, spreadsheets, deployment manifests or logs. / Central vault for database, API, bank, statutory and signing secrets. / Automatic rotation where supported.","Formal SoD catalog and conflict engine, JML/access reviews, privileged/break-glass access, encryption/key lifecycle, retention/legal hold, incident controls, control testing, governance administration and full BCP operations are incomplete.",NO SPECIAL FLAG BEYOND NORMAL DESIGN REVIEW,CROSS-CUTTING
PLN-E15-028,E15,Audit & Security,Operate secure development and vulnerability management,Business / Workflow,E15-01,R1-R4,P12,Must,PARTIALLY EVIDENCED,PARTIALLY IMPLEMENTED,BASELINE RETAINED,No post-baseline story-level evidence change identified.,"As a Engineering Security Lead, I need to operate secure development and vulnerability management, so that the payroll capability operates with controlled, reproducible and auditable outcomes.","Threat modelling, dependency scanning, code review, testing, patch SLAs and exception governance are evidenced. Source-derived checks: Requirement and threat model / Code and dependency controls / Automated tests and security scanning","Formal SoD catalog and conflict engine, JML/access reviews, privileged/break-glass access, encryption/key lifecycle, retention/legal hold, incident controls, control testing, governance administration and full BCP operations are incomplete.",NO SPECIAL FLAG BEYOND NORMAL DESIGN REVIEW,CROSS-CUTTING
PLN-E15-029,E15,Audit & Security,Integrate security logging and incident response,Business / Workflow,E15-01,R1-R4,P12,Must,PARTIALLY EVIDENCED,PARTIALLY IMPLEMENTED,BASELINE RETAINED,No post-baseline story-level evidence change identified.,"As a Security Operations Lead, I need to integrate security logging and incident response, so that the payroll capability operates with controlled, reproducible and auditable outcomes.","Security events reach monitored logging with correlation, alerting, incident severity, containment and evidence preservation. Source-derived checks: 40.1 Security log sources / Identity provider and strong-authentication events / Application access and authorisation decisions","Formal SoD catalog and conflict engine, JML/access reviews, privileged/break-glass access, encryption/key lifecycle, retention/legal hold, incident controls, control testing, governance administration and full BCP operations are incomplete.",PRIVACY/CYBER/RETENTION RULE REVALIDATION REQUIRED,CROSS-CUTTING
PLN-E15-030,E15,Audit & Security,Manage personal-data breach response,Business / Workflow,E15-01,R1-R4,P12,Must,NOT EVIDENCED,NOT EVIDENCED,BASELINE RETAINED,No post-baseline story-level evidence change identified.,"As a Data Protection Officer, I need to manage personal-data breach response, so that the payroll capability operates with controlled, reproducible and auditable outcomes.","Assessment, containment, affected data/subjects, notification decision, deadlines and corrective actions are recorded.","Formal SoD catalog and conflict engine, JML/access reviews, privileged/break-glass access, encryption/key lifecycle, retention/legal hold, incident controls, control testing, governance administration and full BCP operations are incomplete.",PRIVACY/CYBER/RETENTION RULE REVALIDATION REQUIRED,CROSS-CUTTING
PLN-E15-031,E15,Audit & Security,Govern third parties and processors,Business / Workflow,E15-01,R1-R4,P12,Must,NOT EVIDENCED,NOT EVIDENCED,BASELINE RETAINED,No post-baseline story-level evidence change identified.,"As a Third-Party Risk Manager, I need to govern third parties and processors, so that the payroll capability operates with controlled, reproducible and auditable outcomes.","Due diligence, contract controls, data scope, security evidence, sub-processors and exit obligations are maintained. Source-derived checks: Support and implementation partners","Formal SoD catalog and conflict engine, JML/access reviews, privileged/break-glass access, encryption/key lifecycle, retention/legal hold, incident controls, control testing, governance administration and full BCP operations are incomplete.",PRIVACY/CYBER/RETENTION RULE REVALIDATION REQUIRED,CROSS-CUTTING
PLN-E15-032,E15,Audit & Security,Define business impact and recovery objectives,Business / Workflow,E15-01,R1-R4,P12,Must,NOT EVIDENCED,NOT EVIDENCED,BASELINE RETAINED,No post-baseline story-level evidence change identified.,"As a Business Continuity Lead, I need to define business impact and recovery objectives, so that the payroll capability operates with controlled, reproducible and auditable outcomes.","Critical payroll services, dependencies, maximum outage, RTO, RPO and minimum operating capability are approved. Source-derived checks: The business impact analysis identifies which payroll services must recover first, the maximum tolerable disruption and dependencies required to meet employee-payment and compliance obligations.","Formal SoD catalog and conflict engine, JML/access reviews, privileged/break-glass access, encryption/key lifecycle, retention/legal hold, incident controls, control testing, governance administration and full BCP operations are incomplete.",NO SPECIAL FLAG BEYOND NORMAL DESIGN REVIEW,CROSS-CUTTING
PLN-E15-033,E15,Audit & Security,"Provide disaster recovery, backup and restore",Business / Workflow,E15-01,R1-R4,P12,Must,PARTIALLY EVIDENCED,PARTIALLY IMPLEMENTED,BASELINE RETAINED,No post-baseline story-level evidence change identified.,"As a Platform Resilience Lead, I need to provide disaster recovery, backup and restore, so that the payroll capability operates with controlled, reproducible and auditable outcomes.","Backups are encrypted, tested and restorable; failover/failback meets approved RTO/RPO with evidence. Source-derived checks: Separate failure domain or recovery region.","Formal SoD catalog and conflict engine, JML/access reviews, privileged/break-glass access, encryption/key lifecycle, retention/legal hold, incident controls, control testing, governance administration and full BCP operations are incomplete.",NO SPECIAL FLAG BEYOND NORMAL DESIGN REVIEW,CROSS-CUTTING
PLN-E15-034,E15,Audit & Security,Operate contingency payroll and continuity testing,Business / Workflow,E15-01,R1-R4,P12,Must,NOT EVIDENCED,NOT EVIDENCED,BASELINE RETAINED,No post-baseline story-level evidence change identified.,"As a Payroll Continuity Lead, I need to operate contingency payroll and continuity testing, so that the payroll capability operates with controlled, reproducible and auditable outcomes.","A controlled minimum-payroll process, decision authority, data source, reconciliation and later recovery are rehearsed. Source-derived checks: A contingency payroll is a deliberately reduced but controlled operating mode used when the normal platform or critical dependency cannot recover before the payment deadline.","Formal SoD catalog and conflict engine, JML/access reviews, privileged/break-glass access, encryption/key lifecycle, retention/legal hold, incident controls, control testing, governance administration and full BCP operations are incomplete.",NO SPECIAL FLAG BEYOND NORMAL DESIGN REVIEW,CROSS-CUTTING
PLN-E15-035,E15,Audit & Security,Govern configuration promotion and releases,Business / Workflow,E15-01,R1-R4,P12,Must,PARTIALLY EVIDENCED,PARTIALLY IMPLEMENTED,BASELINE RETAINED,No post-baseline story-level evidence change identified.,"As a Payroll Product Administrator, I need to govern configuration promotion and releases, so that the payroll capability operates with controlled, reproducible and auditable outcomes.","Configuration/rule changes move through controlled environments with comparison, approval, rollback and evidence. Source-derived checks: Configuration is packaged with version and content hash. / Production changes are not manually re-keyed when promotion is possible. / Environment-specific secrets are excluded from the package.","Formal SoD catalog and conflict engine, JML/access reviews, privileged/break-glass access, encryption/key lifecycle, retention/legal hold, incident controls, control testing, governance administration and full BCP operations are incomplete.",NO SPECIAL FLAG BEYOND NORMAL DESIGN REVIEW,CROSS-CUTTING
PLN-E15-036,E15,Audit & Security,"Administer feature flags, rules, schedules and integrations",Business / Workflow,E15-01,R1-R4,P12,Must,PARTIALLY EVIDENCED,PARTIALLY IMPLEMENTED,BASELINE RETAINED,No post-baseline story-level evidence change identified.,"As a Payroll Product Administrator, I need to administer feature flags, rules, schedules and integrations, so that the payroll capability operates with controlled, reproducible and auditable outcomes.","Administrative changes are scoped, approved, audited and protected from unsafe production activation. Source-derived checks: A flag cannot bypass statutory or security controls.","Formal SoD catalog and conflict engine, JML/access reviews, privileged/break-glass access, encryption/key lifecycle, retention/legal hold, incident controls, control testing, governance administration and full BCP operations are incomplete.",NO SPECIAL FLAG BEYOND NORMAL DESIGN REVIEW,CROSS-CUTTING
PLN-E15-037,E15,Audit & Security,Administer tenants and system parameters,Business / Workflow,E15-01,R1-R4,P12,Must,PARTIALLY EVIDENCED,PARTIALLY IMPLEMENTED,BASELINE RETAINED,No post-baseline story-level evidence change identified.,"As a Platform Administrator, I need to administer tenants and system parameters, so that the payroll capability operates with controlled, reproducible and auditable outcomes.","Tenant provisioning, isolation, limits and system parameters are controlled without cross-tenant exposure. Source-derived checks: Tenant-specific encryption or key-separation policy where required. / No cross-tenant reports or exports without explicit platform authority.","Formal SoD catalog and conflict engine, JML/access reviews, privileged/break-glass access, encryption/key lifecycle, retention/legal hold, incident controls, control testing, governance administration and full BCP operations are incomplete.",NO SPECIAL FLAG BEYOND NORMAL DESIGN REVIEW,CROSS-CUTTING
PLN-E15-038,E15,Audit & Security,Provide governance dashboards and evidence packs,Business / Workflow,E15-01,R1-R4,P12,Must,NOT EVIDENCED,NOT EVIDENCED,BASELINE RETAINED,No post-baseline story-level evidence change identified.,"As a Payroll Governance Lead, I need to provide governance dashboards and evidence packs, so that the payroll capability operates with controlled, reproducible and auditable outcomes.","Dashboards show control, access, data quality, retention, incident and continuity status; evidence packs are reproducible. Source-derived checks: Payrolls completed on time / Employees paid late or incorrectly / Material control failures","Formal SoD catalog and conflict engine, JML/access reviews, privileged/break-glass access, encryption/key lifecycle, retention/legal hold, incident controls, control testing, governance administration and full BCP operations are incomplete.",NO SPECIAL FLAG BEYOND NORMAL DESIGN REVIEW,CROSS-CUTTING
PLN-E16-001,E16,Migration & Parallel,Govern implementation stage gates and scope traceability,Business / Workflow,E16-01,R4,P13,Must,NOT STARTED,NOT STARTED,BASELINE RETAINED,No post-baseline story-level evidence change identified.,"As a Programme Director, I need to govern implementation stage gates and scope traceability, so that the payroll capability operates with controlled, reproducible and auditable outcomes.","Each stage has entry/exit criteria, accountable approval and traceability from product requirement to evidence. Source-derived checks: Data and integration proving / System and end-to-end testing / Hypercare and stabilisation","Data inventory, profiling, source-to-target mapping, cleansing, migration zones, crosswalks, opening balances, mock conversions, parallel payroll and sign-off.",NO SPECIAL FLAG BEYOND NORMAL DESIGN REVIEW,"E01-E15,E18"
PLN-E16-002,E16,Migration & Parallel,Plan deployment waves and environment landscape,Business / Workflow,E16-01,R4,P13,Must,NOT STARTED,NOT STARTED,BASELINE RETAINED,No post-baseline story-level evidence change identified.,"As a Implementation Architect, I need to plan deployment waves and environment landscape, so that the payroll capability operates with controlled, reproducible and auditable outcomes.","Waves, tenants, populations, integrations and rollback boundaries are explicit across controlled environments. Source-derived checks: A wave must define how employees transferring between old and new platforms are handled, which system owns year-to-date balances, which platform files statutory returns, and how consolidated finance and management reporting is produced.","Data inventory, profiling, source-to-target mapping, cleansing, migration zones, crosswalks, opening balances, mock conversions, parallel payroll and sign-off.",NO SPECIAL FLAG BEYOND NORMAL DESIGN REVIEW,"E01-E15,E18"
PLN-E16-003,E16,Migration & Parallel,Prove non-functional readiness before migration,Business / Workflow,E16-01,R4,P13,Must,NOT STARTED,NOT STARTED,BASELINE RETAINED,No post-baseline story-level evidence change identified.,"As a Technical Programme Lead, I need to prove non-functional readiness before migration, so that the payroll capability operates with controlled, reproducible and auditable outcomes.","Capacity, security, resilience, observability and operational support evidence meet approved thresholds.","Data inventory, profiling, source-to-target mapping, cleansing, migration zones, crosswalks, opening balances, mock conversions, parallel payroll and sign-off.",NO SPECIAL FLAG BEYOND NORMAL DESIGN REVIEW,"E01-E15,E18"
PLN-E16-004,E16,Migration & Parallel,Implement and reconcile configuration,Business / Workflow,E16-01,R4,P13,Must,NOT STARTED,NOT STARTED,BASELINE RETAINED,No post-baseline story-level evidence change identified.,"As a Payroll Configuration Lead, I need to implement and reconcile configuration, so that the payroll capability operates with controlled, reproducible and auditable outcomes.","Configured organisations, rules, calendars, components and workflows are source-controlled, reviewed and reconciled to design. Source-derived checks: 9.1 Configuration domains / Tenants, legal entities, payroll statutory units and establishments / Pay groups, calendars, cut-offs and payment dates","Data inventory, profiling, source-to-target mapping, cleansing, migration zones, crosswalks, opening balances, mock conversions, parallel payroll and sign-off.",NO SPECIAL FLAG BEYOND NORMAL DESIGN REVIEW,"E01-E15,E18"
PLN-E16-005,E16,Migration & Parallel,Implement and certify integrations,Business / Workflow,E16-01,R4,P13,Must,NOT STARTED,NOT STARTED,BASELINE RETAINED,No post-baseline story-level evidence change identified.,"As a Integration Lead, I need to implement and certify integrations, so that the payroll capability operates with controlled, reproducible and auditable outcomes.","Contracts, authentication, idempotency, sequencing, reconciliation and failure recovery are certified end-to-end. Source-derived checks: 10.1 Integration certification / Schema and contract version accepted by both source and target owners. / Authentication, authorisation, encryption and certificate renewal proven.","Data inventory, profiling, source-to-target mapping, cleansing, migration zones, crosswalks, opening balances, mock conversions, parallel payroll and sign-off.",NO SPECIAL FLAG BEYOND NORMAL DESIGN REVIEW,"E01-E15,E18"
PLN-E16-006,E16,Migration & Parallel,Create a governed migration architecture,Business / Workflow,E16-01,R4,P13,Must,NOT STARTED,NOT STARTED,BASELINE RETAINED,No post-baseline story-level evidence change identified.,"As a Migration Architect, I need to create a governed migration architecture, so that the payroll capability operates with controlled, reproducible and auditable outcomes.","Extract, stage, transform, validate, approve and load steps are repeatable, restartable and isolated from production processing. Source-derived checks: Controlled source extracts / Profiling and quality rules / Transformation and cross-reference","Data inventory, profiling, source-to-target mapping, cleansing, migration zones, crosswalks, opening balances, mock conversions, parallel payroll and sign-off.",NO SPECIAL FLAG BEYOND NORMAL DESIGN REVIEW,"E01-E15,E18"
PLN-E16-007,E16,Migration & Parallel,Inventory and disposition source data,Business / Workflow,E16-01,R4,P13,Must,NOT STARTED,NOT STARTED,BASELINE RETAINED,No post-baseline story-level evidence change identified.,"As a Data Migration Lead, I need to inventory and disposition source data, so that the payroll capability operates with controlled, reproducible and auditable outcomes.","Every source object is classified migrate, archive, retain externally or dispose with owner and rationale. Source-derived checks: Migrate as read-only historical record / Retain in secure legacy archive / migration_source_snapshot","Data inventory, profiling, source-to-target mapping, cleansing, migration zones, crosswalks, opening balances, mock conversions, parallel payroll and sign-off.",NO SPECIAL FLAG BEYOND NORMAL DESIGN REVIEW,"E01-E15,E18"
PLN-E16-008,E16,Migration & Parallel,Profile and remediate migration data quality,Business / Workflow,E16-01,R4,P13,Must,NOT STARTED,NOT STARTED,BASELINE RETAINED,No post-baseline story-level evidence change identified.,"As a Data Migration Lead, I need to profile and remediate migration data quality, so that the payroll capability operates with controlled, reproducible and auditable outcomes.","Completeness, validity, uniqueness, referential integrity and payroll-critical defects are measured and assigned. Source-derived checks: 13.1 Data-quality issue lifecycle / Correct at source / transform / accept exception / 13.2 Migration exception classes","Data inventory, profiling, source-to-target mapping, cleansing, migration zones, crosswalks, opening balances, mock conversions, parallel payroll and sign-off.",NO SPECIAL FLAG BEYOND NORMAL DESIGN REVIEW,"E01-E15,E18"
PLN-E16-009,E16,Migration & Parallel,Approve source-to-target mappings and transformations,Business / Workflow,E16-01,R4,P13,Must,NOT STARTED,NOT STARTED,BASELINE RETAINED,No post-baseline story-level evidence change identified.,"As a Data Migration Analyst, I need to approve source-to-target mappings and transformations, so that the payroll capability operates with controlled, reproducible and auditable outcomes.","Each target field has source, transformation, default, validation, owner and sign-off; unsupported gaps are explicit. Source-derived checks: Every mapping must define source field, source meaning, target object, transformation, default policy, validation, effective-date treatment, sensitivity, ownership and reconciliation method.","Data inventory, profiling, source-to-target mapping, cleansing, migration zones, crosswalks, opening balances, mock conversions, parallel payroll and sign-off.",NO SPECIAL FLAG BEYOND NORMAL DESIGN REVIEW,"E01-E15,E18"
PLN-E16-010,E16,Migration & Parallel,Maintain stable identifier crosswalks,Business / Workflow,E16-01,R4,P13,Must,NOT STARTED,NOT STARTED,BASELINE RETAINED,No post-baseline story-level evidence change identified.,"As a Data Migration Lead, I need to maintain stable identifier crosswalks, so that the payroll capability operates with controlled, reproducible and auditable outcomes.","Legacy-to-target identifiers are unique, versioned and reusable across loads, reconciliation and defect correction. Source-derived checks: Generate stable target UUIDs and retain source-to-target crosswalk tables. / Version crosswalks and prevent silent remapping after accepted migration. / migration_source_snapshot","Data inventory, profiling, source-to-target mapping, cleansing, migration zones, crosswalks, opening balances, mock conversions, parallel payroll and sign-off.",NO SPECIAL FLAG BEYOND NORMAL DESIGN REVIEW,"E01-E15,E18"
PLN-E16-011,E16,Migration & Parallel,Execute migration load sequence safely,Business / Workflow,E16-01,R4,P13,Must,NOT STARTED,NOT STARTED,BASELINE RETAINED,No post-baseline story-level evidence change identified.,"As a Migration Operator, I need to execute migration load sequence safely, so that the payroll capability operates with controlled, reproducible and auditable outcomes.","Foundation, configuration, employee, balances and history load in dependency order with checkpoints and rollback. Source-derived checks: 1. Tenant, country, currency and reference configuration / 2. Legal entities, PSUs, establishments and statutory registrations / 3. Organisation, locations, grades, jobs, cost centres and finance references","Data inventory, profiling, source-to-target mapping, cleansing, migration zones, crosswalks, opening balances, mock conversions, parallel payroll and sign-off.",NO SPECIAL FLAG BEYOND NORMAL DESIGN REVIEW,"E01-E15,E18"
PLN-E16-012,E16,Migration & Parallel,Load and reconcile opening balances,Business / Workflow,E16-01,R4,P13,Must,NOT STARTED,NOT STARTED,BASELINE RETAINED,No post-baseline story-level evidence change identified.,"As a Payroll Migration Specialist, I need to load and reconcile opening balances, so that the payroll capability operates with controlled, reproducible and auditable outcomes.","Tax, statutory, payroll and recovery balances use an as-of date, source totals, approval and duplicate prevention. Source-derived checks: Gross and taxable salary year-to-date / Current-employer tax deducted year-to-date / Previous-employer salary and tax values","Data inventory, profiling, source-to-target mapping, cleansing, migration zones, crosswalks, opening balances, mock conversions, parallel payroll and sign-off.",NO SPECIAL FLAG BEYOND NORMAL DESIGN REVIEW,"E01-E15,E18"
PLN-E16-013,E16,Migration & Parallel,Apply historical payroll and document migration strategy,Business / Workflow,E16-01,R4,P13,Must,NOT STARTED,NOT STARTED,BASELINE RETAINED,No post-baseline story-level evidence change identified.,"As a Records and Migration Lead, I need to apply historical payroll and document migration strategy, so that the payroll capability operates with controlled, reproducible and auditable outcomes.","Detailed, summarised or external history treatment is approved by legal, operational, audit and access needs. Source-derived checks: Provide employee and auditor access to required historical payslips and certificates.","Data inventory, profiling, source-to-target mapping, cleansing, migration zones, crosswalks, opening balances, mock conversions, parallel payroll and sign-off.",NO SPECIAL FLAG BEYOND NORMAL DESIGN REVIEW,"E01-E15,E18"
PLN-E16-014,E16,Migration & Parallel,Reconcile migration batches and mock cycles,Business / Workflow,E16-01,R4,P13,Must,NOT STARTED,NOT STARTED,BASELINE RETAINED,No post-baseline story-level evidence change identified.,"As a Data Migration Lead, I need to reconcile migration batches and mock cycles, so that the payroll capability operates with controlled, reproducible and auditable outcomes.","Record counts, amounts, critical fields, rejects and transformations reconcile across repeatable mock migrations. Source-derived checks: 20.1 Reconciliation layers / 20.2 Reconciliation equation / + Approved migration variance","Data inventory, profiling, source-to-target mapping, cleansing, migration zones, crosswalks, opening balances, mock conversions, parallel payroll and sign-off.",NO SPECIAL FLAG BEYOND NORMAL DESIGN REVIEW,"E01-E15,E18"
PLN-E16-015,E16,Migration & Parallel,Execute the payroll test strategy and scenario coverage,Business / Workflow,E16-01,R4,P13,Must,NOT STARTED,NOT STARTED,BASELINE RETAINED,No post-baseline story-level evidence change identified.,"As a Test Manager, I need to execute the payroll test strategy and scenario coverage, so that the payroll capability operates with controlled, reproducible and auditable outcomes.","Unit, integration, security, performance, migration, UAT and payroll scenario suites trace to requirements and defects. Source-derived checks: Use synthetic data by default and masked production-derived data only under approved controls. / Ensure test bank accounts, identifiers and communications cannot reach real external recipients.","Data inventory, profiling, source-to-target mapping, cleansing, migration zones, crosswalks, opening balances, mock conversions, parallel payroll and sign-off.",NO SPECIAL FLAG BEYOND NORMAL DESIGN REVIEW,"E01-E15,E18"
PLN-E16-016,E16,Migration & Parallel,Govern defects and user acceptance,Business / Workflow,E16-01,R4,P13,Must,NOT STARTED,NOT STARTED,BASELINE RETAINED,No post-baseline story-level evidence change identified.,"As a Test Manager, I need to govern defects and user acceptance, so that the payroll capability operates with controlled, reproducible and auditable outcomes.","Defects have severity, payroll impact, owner, retest and waiver; UAT acceptance is role-based and evidenced. Source-derived checks: Reproducible scenario and data / Expected versus actual result / Employee, financial, statutory, payment and security impact","Data inventory, profiling, source-to-target mapping, cleansing, migration zones, crosswalks, opening balances, mock conversions, parallel payroll and sign-off.",NO SPECIAL FLAG BEYOND NORMAL DESIGN REVIEW,"E01-E15,E18"
PLN-E16-017,E16,Migration & Parallel,Run parallel payroll with aligned inputs,Business / Workflow,E16-01,R4,P13,Must,NOT STARTED,NOT STARTED,BASELINE RETAINED,No post-baseline story-level evidence change identified.,"As a Parallel Payroll Lead, I need to run parallel payroll with aligned inputs, so that the payroll capability operates with controlled, reproducible and auditable outcomes.","Legacy and target use controlled, reconciled input populations and configuration assumptions for each comparison cycle. Source-derived checks: 26.2 Recommended duration / Classify and explain every material difference. / Complete the required number of accepted cycles.","Data inventory, profiling, source-to-target mapping, cleansing, migration zones, crosswalks, opening balances, mock conversions, parallel payroll and sign-off.",NO SPECIAL FLAG BEYOND NORMAL DESIGN REVIEW,"E01-E15,E18"
PLN-E16-018,E16,Migration & Parallel,Compare parallel results with approved tolerances,Business / Workflow,E16-01,R4,P13,Must,NOT STARTED,NOT STARTED,BASELINE RETAINED,No post-baseline story-level evidence change identified.,"As a Parallel Payroll Analyst, I need to compare parallel results with approved tolerances, so that the payroll capability operates with controlled, reproducible and auditable outcomes.","Gross, component, tax, statutory, net, employer cost and population differences are classified and explained. Source-derived checks: 28.1 Difference classifications / Data migration difference / Intentional legal or policy difference","Data inventory, profiling, source-to-target mapping, cleansing, migration zones, crosswalks, opening balances, mock conversions, parallel payroll and sign-off.",NO SPECIAL FLAG BEYOND NORMAL DESIGN REVIEW,"E01-E15,E18"
PLN-E16-019,E16,Migration & Parallel,Govern parallel acceptance and exit,Business / Workflow,E16-01,R4,P13,Must,NOT STARTED,NOT STARTED,BASELINE RETAINED,No post-baseline story-level evidence change identified.,"As a Programme Steering Committee, I need to govern parallel acceptance and exit, so that the payroll capability operates with controlled, reproducible and auditable outcomes.","Required cycles, zero-tolerance fields, materiality, open defects and sign-offs meet the approved exit criteria. Source-derived checks: Required number of accepted cycles completed.","Data inventory, profiling, source-to-target mapping, cleansing, migration zones, crosswalks, opening balances, mock conversions, parallel payroll and sign-off.",NO SPECIAL FLAG BEYOND NORMAL DESIGN REVIEW,"E01-E15,E18"
PLN-E16-020,E16,Migration & Parallel,Protect migration data and segregate duties,Business / Workflow,E16-01,R4,P13,Must,NOT STARTED,NOT STARTED,BASELINE RETAINED,No post-baseline story-level evidence change identified.,"As a Migration Security Lead, I need to protect migration data and segregate duties, so that the payroll capability operates with controlled, reproducible and auditable outcomes.","Access, masking, encryption, temporary storage, extract disposal and maker/checker controls are evidenced. Source-derived checks: Separate extract, transformation, load and reconciliation privileges. / Log every read, transformation, load, rejection and export action. / Prevent migration files from being distributed through email or unmanaged storage.","Data inventory, profiling, source-to-target mapping, cleansing, migration zones, crosswalks, opening balances, mock conversions, parallel payroll and sign-off.",NO SPECIAL FLAG BEYOND NORMAL DESIGN REVIEW,"E01-E15,E18"
PLN-E16-021,E16,Migration & Parallel,Provide implementation and migration dashboards,Business / Workflow,E16-01,R4,P13,Must,NOT STARTED,NOT STARTED,BASELINE RETAINED,No post-baseline story-level evidence change identified.,"As a Programme Director, I need to provide implementation and migration dashboards, so that the payroll capability operates with controlled, reproducible and auditable outcomes.","Progress, data quality, reconciliation, defects, parallel differences, readiness and approvals are visible by wave. Source-derived checks: Overall stage and gate status / Milestones and critical-path variance / Risks, issues and decisions","Data inventory, profiling, source-to-target mapping, cleansing, migration zones, crosswalks, opening balances, mock conversions, parallel payroll and sign-off.",NO SPECIAL FLAG BEYOND NORMAL DESIGN REVIEW,"E01-E15,E18"
PLN-E17-001,E17,Cutover & Hypercare,Create the integrated cutover plan and calendar,Business / Workflow,E17-01,R4,P14,Must,NOT STARTED,NOT STARTED,BASELINE RETAINED,No post-baseline story-level evidence change identified.,"As a Cutover Manager, I need to create the integrated cutover plan and calendar, so that the payroll capability operates with controlled, reproducible and auditable outcomes.","Tasks, owners, dependencies, duration, evidence, decision points and fallback are maintained in one controlled plan. Source-derived checks: Cutover converts the final approved source state into the first production state. It must be managed as an integrated business event, not only as a technical deployment. / Employee and support communications / Legacy-system freeze and read-only transition","Cutover rehearsals, go/no-go, rollback, first production payroll, command centre, hypercare exit, BAU handover and legacy retirement.",NO SPECIAL FLAG BEYOND NORMAL DESIGN REVIEW,E16
PLN-E17-002,E17,Cutover & Hypercare,Enforce cutover freezes and change control,Business / Workflow,E17-01,R4,P14,Must,NOT STARTED,NOT STARTED,BASELINE RETAINED,No post-baseline story-level evidence change identified.,"As a Cutover Manager, I need to enforce cutover freezes and change control, so that the payroll capability operates with controlled, reproducible and auditable outcomes.","Configuration, code, source data and operational freezes have scope, exceptions, approval and communication. Source-derived checks: 32.2 Change capture during freeze / Execute rollback within the approved window when required.","Cutover rehearsals, go/no-go, rollback, first production payroll, command centre, hypercare exit, BAU handover and legacy retirement.",NO SPECIAL FLAG BEYOND NORMAL DESIGN REVIEW,E16
PLN-E17-003,E17,Cutover & Hypercare,Execute a rehearsed cutover runbook,Business / Workflow,E17-01,R4,P14,Must,NOT STARTED,NOT STARTED,BASELINE RETAINED,No post-baseline story-level evidence change identified.,"As a Cutover Team, I need to execute a rehearsed cutover runbook, so that the payroll capability operates with controlled, reproducible and auditable outcomes.","The sequence is rehearsed, timed and checkpointed; each task records evidence and cannot be skipped silently. Source-derived checks: 10. Provision and validate users, roles, service accounts and certificates. / 13. Validate monitoring, backups, recovery, alerts and support tooling. / Execute rollback within the approved window when required.","Cutover rehearsals, go/no-go, rollback, first production payroll, command centre, hypercare exit, BAU handover and legacy retirement.",NO SPECIAL FLAG BEYOND NORMAL DESIGN REVIEW,E16
PLN-E17-004,E17,Cutover & Hypercare,Apply objective go/no-go criteria,Business / Workflow,E17-01,R4,P14,Must,NOT STARTED,NOT STARTED,BASELINE RETAINED,No post-baseline story-level evidence change identified.,"As a Go-Live Authority, I need to apply objective go/no-go criteria, so that the payroll capability operates with controlled, reproducible and auditable outcomes.","Readiness, migration, parallel, security, operations, defects and business sign-off determine the recorded decision. Source-derived checks: Failure of required statutory or tax calculation / Required business approver unavailable / Payment or statutory deadline cannot be protected","Cutover rehearsals, go/no-go, rollback, first production payroll, command centre, hypercare exit, BAU handover and legacy retirement.",NO SPECIAL FLAG BEYOND NORMAL DESIGN REVIEW,E16
PLN-E17-005,E17,Cutover & Hypercare,Maintain rollback and abort capability,Business / Workflow,E17-01,R4,P14,Must,NOT STARTED,NOT STARTED,BASELINE RETAINED,No post-baseline story-level evidence change identified.,"As a Cutover Manager, I need to maintain rollback and abort capability, so that the payroll capability operates with controlled, reproducible and auditable outcomes.","Triggers, decision authority, data restoration, communication and re-entry plan are tested before go-live. Source-derived checks: Rollback restores a safe operating position. It is not simply a database restore; it must address business changes, interfaces, user access, communications, in-flight files and payroll deadlines.","Cutover rehearsals, go/no-go, rollback, first production payroll, command centre, hypercare exit, BAU handover and legacy retirement.",NO SPECIAL FLAG BEYOND NORMAL DESIGN REVIEW,E16
PLN-E17-006,E17,Cutover & Hypercare,Run production smoke and proving tests,Business / Workflow,E17-01,R4,P14,Must,NOT STARTED,NOT STARTED,BASELINE RETAINED,No post-baseline story-level evidence change identified.,"As a Production Validation Lead, I need to run production smoke and proving tests, so that the payroll capability operates with controlled, reproducible and auditable outcomes.","Critical authentication, configuration, employee, calculation, document, integration and reconciliation paths pass without unsafe data. Source-derived checks: Validate tax and statutory rule selection. / Validate payment, statutory and ERP connectivity without unauthorised submission. / Validate monitoring, correlation IDs, alerts and audit events.","Cutover rehearsals, go/no-go, rollback, first production payroll, command centre, hypercare exit, BAU handover and legacy retirement.",NO SPECIAL FLAG BEYOND NORMAL DESIGN REVIEW,E16
PLN-E17-007,E17,Cutover & Hypercare,Operate the go-live command model,Business / Workflow,E17-01,R4,P14,Must,NOT STARTED,NOT STARTED,BASELINE RETAINED,No post-baseline story-level evidence change identified.,"As a Go-Live Manager, I need to operate the go-live command model, so that the payroll capability operates with controlled, reproducible and auditable outcomes.","Decision rights, monitoring, communication, escalation and change restrictions are active for the first production payroll. Source-derived checks: Production access activated only for trained and approved users.","Cutover rehearsals, go/no-go, rollback, first production payroll, command centre, hypercare exit, BAU handover and legacy retirement.",NO SPECIAL FLAG BEYOND NORMAL DESIGN REVIEW,E16
PLN-E17-008,E17,Cutover & Hypercare,Run structured hypercare,Business / Workflow,E17-01,R4,P14,Must,NOT STARTED,NOT STARTED,BASELINE RETAINED,No post-baseline story-level evidence change identified.,"As a Hypercare Manager, I need to run structured hypercare, so that the payroll capability operates with controlled, reproducible and auditable outcomes.","Entry, duration, staffing, service levels, daily reviews and exit criteria are defined and evidenced. Source-derived checks: Hypercare is a temporary enhanced operating model following go-live. It is not complete merely because the first payment was submitted. / Payroll calculations and exceptions / Input integrations and event backlogs","Cutover rehearsals, go/no-go, rollback, first production payroll, command centre, hypercare exit, BAU handover and legacy retirement.",NO SPECIAL FLAG BEYOND NORMAL DESIGN REVIEW,E16
PLN-E17-009,E17,Cutover & Hypercare,Operate a hypercare command centre and severity model,Business / Workflow,E17-01,R4,P14,Must,NOT STARTED,NOT STARTED,BASELINE RETAINED,No post-baseline story-level evidence change identified.,"As a Hypercare Manager, I need to operate a hypercare command centre and severity model, so that the payroll capability operates with controlled, reproducible and auditable outcomes.","Issues are triaged by payroll/business impact, assigned, communicated and linked to workaround, fix and verification. Source-derived checks: Hypercare is a temporary enhanced operating model following go-live. It is not complete merely because the first payment was submitted. / Payroll calculations and exceptions / Input integrations and event backlogs","Cutover rehearsals, go/no-go, rollback, first production payroll, command centre, hypercare exit, BAU handover and legacy retirement.",NO SPECIAL FLAG BEYOND NORMAL DESIGN REVIEW,E16
PLN-E17-010,E17,Cutover & Hypercare,Perform enhanced go-live reconciliations,Business / Workflow,E17-01,R4,P14,Must,NOT STARTED,NOT STARTED,BASELINE RETAINED,No post-baseline story-level evidence change identified.,"As a Payroll Reconciliation Lead, I need to perform enhanced go-live reconciliations, so that the payroll capability operates with controlled, reproducible and auditable outcomes.","Population, gross-to-net, payment, statutory, accounting and document totals receive heightened review.","Cutover rehearsals, go/no-go, rollback, first production payroll, command centre, hypercare exit, BAU handover and legacy retirement.",NO SPECIAL FLAG BEYOND NORMAL DESIGN REVIEW,E16
PLN-E17-011,E17,Cutover & Hypercare,Execute stakeholder communication and role training,Business / Workflow,E17-01,R4,P14,Must,NOT STARTED,NOT STARTED,BASELINE RETAINED,No post-baseline story-level evidence change identified.,"As a Change Lead, I need to execute stakeholder communication and role training, so that the payroll capability operates with controlled, reproducible and auditable outcomes.","Employees, managers, payroll, finance, support and executives receive role-specific, timed and approved communication/training. Source-derived checks: Payroll and HR operations / Employees and former employees / Tax, compliance and legal teams","Cutover rehearsals, go/no-go, rollback, first production payroll, command centre, hypercare exit, BAU handover and legacy retirement.",NO SPECIAL FLAG BEYOND NORMAL DESIGN REVIEW,E16
PLN-E17-012,E17,Cutover & Hypercare,Activate support and service-management model,Business / Workflow,E17-01,R4,P14,Must,NOT STARTED,NOT STARTED,BASELINE RETAINED,No post-baseline story-level evidence change identified.,"As a Service Manager, I need to activate support and service-management model, so that the payroll capability operates with controlled, reproducible and auditable outcomes.","Service catalogue, queues, severity, escalation, knowledge, monitoring and vendor support are operational. Source-derived checks: Payroll operations / functional support (L2) / 44.1 Support case classification / Masked data in general support tools.","Cutover rehearsals, go/no-go, rollback, first production payroll, command centre, hypercare exit, BAU handover and legacy retirement.",NO SPECIAL FLAG BEYOND NORMAL DESIGN REVIEW,E16
PLN-E17-013,E17,Cutover & Hypercare,Complete operational handover,Business / Workflow,E17-01,R4,P14,Must,NOT STARTED,NOT STARTED,BASELINE RETAINED,No post-baseline story-level evidence change identified.,"As a Programme Director, I need to complete operational handover, so that the payroll capability operates with controlled, reproducible and auditable outcomes.","Runbooks, ownership, access, schedules, support, controls, evidence and known risks are accepted by operations. Source-derived checks: Support teams can diagnose and route representative incidents. / Vendor escalation and support entitlements are active.","Cutover rehearsals, go/no-go, rollback, first production payroll, command centre, hypercare exit, BAU handover and legacy retirement.",NO SPECIAL FLAG BEYOND NORMAL DESIGN REVIEW,E16
PLN-E17-014,E17,Cutover & Hypercare,Obtain product and business acceptance,Business / Workflow,E17-01,R4,P14,Must,NOT STARTED,NOT STARTED,BASELINE RETAINED,No post-baseline story-level evidence change identified.,"As a Business Sponsor, I need to obtain product and business acceptance, so that the payroll capability operates with controlled, reproducible and auditable outcomes.","Acceptance evidence traces to scope, legal controls, NFRs, parallel payroll, production proving and unresolved risks. Source-derived checks: Acceptance may contain residual conditions only when there is no material employee, compliance, payment, accounting, security or continuity risk. Each condition must identify owner, workaround, completion date, verification and consequence if not completed.","Cutover rehearsals, go/no-go, rollback, first production payroll, command centre, hypercare exit, BAU handover and legacy retirement.",NO SPECIAL FLAG BEYOND NORMAL DESIGN REVIEW,E16
PLN-E17-015,E17,Cutover & Hypercare,Meet hypercare exit criteria,Business / Workflow,E17-01,R4,P14,Must,NOT STARTED,NOT STARTED,BASELINE RETAINED,No post-baseline story-level evidence change identified.,"As a Steering Committee, I need to meet hypercare exit criteria, so that the payroll capability operates with controlled, reproducible and auditable outcomes.","Stability, incident trend, reconciliations, service levels, backlog and operational confidence meet approved thresholds. Source-derived checks: Required payroll cycles completed successfully. / Hypercare is a temporary enhanced operating model following go-live. It is not complete merely because the first payment was submitted. / Payroll calculations and exceptions","Cutover rehearsals, go/no-go, rollback, first production payroll, command centre, hypercare exit, BAU handover and legacy retirement.",NO SPECIAL FLAG BEYOND NORMAL DESIGN REVIEW,E16
PLN-E17-016,E17,Cutover & Hypercare,Decommission legacy payroll safely,Business / Workflow,E17-01,R4,P14,Must,NOT STARTED,NOT STARTED,BASELINE RETAINED,No post-baseline story-level evidence change identified.,"As a Legacy Decommission Lead, I need to decommission legacy payroll safely, so that the payroll capability operates with controlled, reproducible and auditable outcomes.","Retention, access, statutory evidence, integrations, jobs, credentials and fallback obligations are satisfied before shutdown. Source-derived checks: No required open regular, off-cycle, retro, settlement, payment or statutory process remains in legacy. / 1. Move legacy payroll to controlled read-only status. / 3. Validate archive search and authorised retrieval.","Cutover rehearsals, go/no-go, rollback, first production payroll, command centre, hypercare exit, BAU handover and legacy retirement.",NO SPECIAL FLAG BEYOND NORMAL DESIGN REVIEW,E16
PLN-E17-017,E17,Cutover & Hypercare,Conduct post-implementation review and track benefits,Business / Workflow,E17-01,R4,P14,Must,NOT STARTED,NOT STARTED,BASELINE RETAINED,No post-baseline story-level evidence change identified.,"As a Programme Sponsor, I need to conduct post-implementation review and track benefits, so that the payroll capability operates with controlled, reproducible and auditable outcomes.","Outcomes, control performance, incidents, lessons, residual risks and benefit measures produce owned actions. Source-derived checks: A formal review should be conducted after stabilisation to compare planned and actual outcomes and to create an evidence-based improvement backlog.","Cutover rehearsals, go/no-go, rollback, first production payroll, command centre, hypercare exit, BAU handover and legacy retirement.",NO SPECIAL FLAG BEYOND NORMAL DESIGN REVIEW,E16
PLN-E17-018,E17,Cutover & Hypercare,Monitor implementation KPIs and KRIs,Business / Workflow,E17-01,R4,P14,Must,NOT STARTED,NOT STARTED,BASELINE RETAINED,No post-baseline story-level evidence change identified.,"As a Programme Director, I need to monitor implementation KPIs and KRIs, so that the payroll capability operates with controlled, reproducible and auditable outcomes.","Readiness, defect, migration, parallel, cutover, incident and adoption measures have agreed definitions and thresholds.","Cutover rehearsals, go/no-go, rollback, first production payroll, command centre, hypercare exit, BAU handover and legacy retirement.",NO SPECIAL FLAG BEYOND NORMAL DESIGN REVIEW,E16
PLN-E18-001,E18,Performance & Resilience,"Define payroll scale, throughput and latency objectives",Business / Workflow,E18-01,R2-R4,P12,Must,PARTIALLY EVIDENCED,PARTIALLY IMPLEMENTED,BASELINE RETAINED,No post-baseline story-level evidence change identified.,"As a Platform Performance Lead, I need to define payroll scale, throughput and latency objectives, so that the payroll capability operates with controlled, reproducible and auditable outcomes.","Population, component volume, concurrent users, batch windows and response-time targets are explicit by environment and wave.","100k+ employee performance evidence, partitioned/resumable workers, capacity model, production observability/SLOs, DR RTO/RPO, failover and resilience exercises.",NO SPECIAL FLAG BEYOND NORMAL DESIGN REVIEW,CROSS-CUTTING
PLN-E18-002,E18,Performance & Resilience,Partition large payroll work safely,Business / Workflow,E18-01,R2-R4,P12,Must,PARTIALLY EVIDENCED,PARTIALLY IMPLEMENTED,BASELINE RETAINED,No post-baseline story-level evidence change identified.,"As a Payroll Calculation Architect, I need to partition large payroll work safely, so that the payroll capability operates with controlled, reproducible and auditable outcomes.",Work is partitioned by stable scope; partitions are independently retryable and cannot duplicate results or omit employees. Source-derived checks: An error for one employee must not automatically fail all other employees. / The payroll run should complete with:,"100k+ employee performance evidence, partitioned/resumable workers, capacity model, production observability/SLOs, DR RTO/RPO, failover and resilience exercises.",NO SPECIAL FLAG BEYOND NORMAL DESIGN REVIEW,CROSS-CUTTING
PLN-E18-003,E18,Performance & Resilience,Make batch operations resumable and idempotent,Business / Workflow,E18-01,R2-R4,P12,Must,PARTIALLY EVIDENCED,PARTIALLY IMPLEMENTED,BASELINE RETAINED,No post-baseline story-level evidence change identified.,"As a Platform Reliability Engineer, I need to make batch operations resumable and idempotent, so that the payroll capability operates with controlled, reproducible and auditable outcomes.","Durable checkpoints, idempotency keys and source identities permit safe restart after partial failure. Source-derived checks: A failure in one integration, employee or processing partition must not force the entire payroll to restart from the beginning.","100k+ employee performance evidence, partitioned/resumable workers, capacity model, production observability/SLOs, DR RTO/RPO, failover and resilience exercises.",NO SPECIAL FLAG BEYOND NORMAL DESIGN REVIEW,CROSS-CUTTING
PLN-E18-004,E18,Performance & Resilience,Control concurrency and duplicate execution,Business / Workflow,E18-01,R2-R4,P12,Must,PARTIALLY EVIDENCED,PARTIALLY IMPLEMENTED,BASELINE RETAINED,No post-baseline story-level evidence change identified.,"As a Platform Reliability Engineer, I need to control concurrency and duplicate execution, so that the payroll capability operates with controlled, reproducible and auditable outcomes.","Competing commands cannot create multiple official results, locks, submissions or balance movements. Source-derived checks: must produce the same results and result hash. / Current date, server timezone, database query order or worker execution order must not influence the result.","100k+ employee performance evidence, partitioned/resumable workers, capacity model, production observability/SLOs, DR RTO/RPO, failover and resilience exercises.",NO SPECIAL FLAG BEYOND NORMAL DESIGN REVIEW,CROSS-CUTTING
PLN-E18-005,E18,Performance & Resilience,"Isolate employee, source and integration failures",Business / Workflow,E18-01,R2-R4,P12,Must,PARTIALLY EVIDENCED,PARTIALLY IMPLEMENTED,BASELINE RETAINED,No post-baseline story-level evidence change identified.,"As a Payroll Operations Lead, I need to isolate employee, source and integration failures, so that the payroll capability operates with controlled, reproducible and auditable outcomes.",Failure scope is explicit and healthy employees/sources continue where legally and operationally safe. Source-derived checks: Every exception should have:,"100k+ employee performance evidence, partitioned/resumable workers, capacity model, production observability/SLOs, DR RTO/RPO, failover and resilience exercises.",NO SPECIAL FLAG BEYOND NORMAL DESIGN REVIEW,CROSS-CUTTING
PLN-E18-006,E18,Performance & Resilience,"Manage queues, backpressure and rate limits",Business / Workflow,E18-01,R2-R4,P12,Must,NOT EVIDENCED,NOT EVIDENCED,BASELINE RETAINED,No post-baseline story-level evidence change identified.,"As a Platform Reliability Engineer, I need to manage queues, backpressure and rate limits, so that the payroll capability operates with controlled, reproducible and auditable outcomes.",Internal and external workload is bounded; overload is visible and does not exhaust database or downstream services. Source-derived checks: Every critical payroll capability must have an explicit dependency map.,"100k+ employee performance evidence, partitioned/resumable workers, capacity model, production observability/SLOs, DR RTO/RPO, failover and resilience exercises.",NO SPECIAL FLAG BEYOND NORMAL DESIGN REVIEW,CROSS-CUTTING
PLN-E18-007,E18,Performance & Resilience,Provide end-to-end observability and SLOs,Business / Workflow,E18-01,R2-R4,P12,Must,PARTIALLY EVIDENCED,PARTIALLY IMPLEMENTED,BASELINE RETAINED,No post-baseline story-level evidence change identified.,"As a Site Reliability Engineer, I need to provide end-to-end observability and SLOs, so that the payroll capability operates with controlled, reproducible and auditable outcomes.","Metrics, logs and traces correlate tenant, cycle, request and external attempt; SLO breaches alert owners. Source-derived checks: Observability logs must not contain unmasked payroll values or statutory identifiers unless explicitly authorised and protected.","100k+ employee performance evidence, partitioned/resumable workers, capacity model, production observability/SLOs, DR RTO/RPO, failover and resilience exercises.",NO SPECIAL FLAG BEYOND NORMAL DESIGN REVIEW,CROSS-CUTTING
PLN-E18-008,E18,Performance & Resilience,Optimise database access and large-table lifecycle,Business / Workflow,E18-01,R2-R4,P12,Must,PARTIALLY EVIDENCED,PARTIALLY IMPLEMENTED,BASELINE RETAINED,No post-baseline story-level evidence change identified.,"As a Database Reliability Engineer, I need to optimise database access and large-table lifecycle, so that the payroll capability operates with controlled, reproducible and auditable outcomes.","Indexes, partitioning, vacuum/retention and query plans meet scale targets without weakening RLS or audit. Source-derived checks: Append-only audit, evidence and status-history tables. / Separate operational data from archive storage.","100k+ employee performance evidence, partitioned/resumable workers, capacity model, production observability/SLOs, DR RTO/RPO, failover and resilience exercises.",NO SPECIAL FLAG BEYOND NORMAL DESIGN REVIEW,CROSS-CUTTING
PLN-E18-009,E18,Performance & Resilience,Execute large reports and exports without blocking payroll,Business / Workflow,E18-01,R2-R4,P12,Must,NOT EVIDENCED,NOT EVIDENCED,BASELINE RETAINED,No post-baseline story-level evidence change identified.,"As a Payroll Reporting Service, I need to execute large reports and exports without blocking payroll, so that the payroll capability operates with controlled, reproducible and auditable outcomes.","Asynchronous jobs use snapshots, bounded resources, cancellation and expiry and do not contend with critical payroll writes. Source-derived checks: Each milestone should have:","100k+ employee performance evidence, partitioned/resumable workers, capacity model, production observability/SLOs, DR RTO/RPO, failover and resilience exercises.",NO SPECIAL FLAG BEYOND NORMAL DESIGN REVIEW,CROSS-CUTTING
PLN-E18-010,E18,Performance & Resilience,Protect integrations with retries and circuit controls,Business / Workflow,E18-01,R2-R4,P12,Must,PARTIALLY EVIDENCED,PARTIALLY IMPLEMENTED,BASELINE RETAINED,No post-baseline story-level evidence change identified.,"As a Integration Reliability Engineer, I need to protect integrations with retries and circuit controls, so that the payroll capability operates with controlled, reproducible and auditable outcomes.","Timeouts, retries, circuit breaking, dead-letter handling and reconciliation prevent silent loss or duplication. Source-derived checks: Every critical payroll capability must have an explicit dependency map.","100k+ employee performance evidence, partitioned/resumable workers, capacity model, production observability/SLOs, DR RTO/RPO, failover and resilience exercises.",NO SPECIAL FLAG BEYOND NORMAL DESIGN REVIEW,CROSS-CUTTING
PLN-E18-011,E18,Performance & Resilience,"Define and test backup, restore and disaster recovery",Business / Workflow,E18-01,R2-R4,P12,Must,PARTIALLY EVIDENCED,PARTIALLY IMPLEMENTED,BASELINE RETAINED,No post-baseline story-level evidence change identified.,"As a Platform Resilience Lead, I need to define and test backup, restore and disaster recovery, so that the payroll capability operates with controlled, reproducible and auditable outcomes.","Backups and restore/failover meet RPO/RTO and preserve tenant, audit and encryption integrity. Source-derived checks: Object and document storage / Configuration and rule packs / Infrastructure configuration","100k+ employee performance evidence, partitioned/resumable workers, capacity model, production observability/SLOs, DR RTO/RPO, failover and resilience exercises.",NO SPECIAL FLAG BEYOND NORMAL DESIGN REVIEW,CROSS-CUTTING
PLN-E18-012,E18,Performance & Resilience,Provide contingency payroll capability,Business / Workflow,E18-01,R2-R4,P12,Must,NOT EVIDENCED,NOT EVIDENCED,BASELINE RETAINED,No post-baseline story-level evidence change identified.,"As a Payroll Continuity Lead, I need to provide contingency payroll capability, so that the payroll capability operates with controlled, reproducible and auditable outcomes.",A reduced but controlled payroll can be executed during major outage and later reconciled to the system of record. Source-derived checks: A contingency payroll is a deliberately reduced but controlled operating mode used when the normal platform or critical dependency cannot recover before the payment deadline.,"100k+ employee performance evidence, partitioned/resumable workers, capacity model, production observability/SLOs, DR RTO/RPO, failover and resilience exercises.",NO SPECIAL FLAG BEYOND NORMAL DESIGN REVIEW,CROSS-CUTTING
PLN-E18-013,E18,Performance & Resilience,"Test capacity, soak, spike and end-of-period workloads",Business / Workflow,E18-01,R2-R4,P12,Must,PARTIALLY EVIDENCED,PARTIALLY IMPLEMENTED,BASELINE RETAINED,No post-baseline story-level evidence change identified.,"As a Performance Test Lead, I need to test capacity, soak, spike and end-of-period workloads, so that the payroll capability operates with controlled, reproducible and auditable outcomes.","Tests cover target population, peak input, recalculation, document/report and downstream workload with pass thresholds. Source-derived checks: Use synthetic data by default and masked production-derived data only under approved controls. / Ensure test bank accounts, identifiers and communications cannot reach real external recipients.","100k+ employee performance evidence, partitioned/resumable workers, capacity model, production observability/SLOs, DR RTO/RPO, failover and resilience exercises.",NO SPECIAL FLAG BEYOND NORMAL DESIGN REVIEW,CROSS-CUTTING
PLN-E18-014,E18,Performance & Resilience,Test failure recovery and chaos scenarios,Business / Workflow,E18-01,R2-R4,P12,Must,NOT EVIDENCED,NOT EVIDENCED,BASELINE RETAINED,No post-baseline story-level evidence change identified.,"As a Site Reliability Engineer, I need to test failure recovery and chaos scenarios, so that the payroll capability operates with controlled, reproducible and auditable outcomes.","Worker, database, queue, network and downstream failures prove recovery without duplication or lost lineage. Source-derived checks: Trace every critical requirement to passed test evidence. / Close all S1 defects and obtain explicit approval for any deferred S2 defect.","100k+ employee performance evidence, partitioned/resumable workers, capacity model, production observability/SLOs, DR RTO/RPO, failover and resilience exercises.",NO SPECIAL FLAG BEYOND NORMAL DESIGN REVIEW,CROSS-CUTTING
PLN-E18-015,E18,Performance & Resilience,Maintain operational runbooks and dependency maps,Business / Workflow,E18-01,R2-R4,P12,Must,PARTIALLY EVIDENCED,PARTIALLY IMPLEMENTED,BASELINE RETAINED,No post-baseline story-level evidence change identified.,"As a Site Reliability Engineer, I need to maintain operational runbooks and dependency maps, so that the payroll capability operates with controlled, reproducible and auditable outcomes.","Runbooks identify symptoms, diagnostics, safe recovery, escalation and reconciliation for critical dependencies. Source-derived checks: Every critical payroll capability must have an explicit dependency map.","100k+ employee performance evidence, partitioned/resumable workers, capacity model, production observability/SLOs, DR RTO/RPO, failover and resilience exercises.",NO SPECIAL FLAG BEYOND NORMAL DESIGN REVIEW,CROSS-CUTTING
PLN-E18-016,E18,Performance & Resilience,Prove 100k+ employee payroll readiness,Business / Workflow,E18-01,R2-R4,P12,Must,NOT EVIDENCED,NOT EVIDENCED,BASELINE RETAINED,No post-baseline story-level evidence change identified.,"As a Programme Acceptance Authority, I need to prove 100k+ employee payroll readiness, so that the payroll capability operates with controlled, reproducible and auditable outcomes.","Representative full-cycle evidence demonstrates accepted duration, accuracy, resource use, recovery and downstream completion.","100k+ employee performance evidence, partitioned/resumable workers, capacity model, production observability/SLOs, DR RTO/RPO, failover and resilience exercises.",NO SPECIAL FLAG BEYOND NORMAL DESIGN REVIEW,CROSS-CUTTING
PLN-E01-013,E01,Foundation,Define and version the Foundation API contract,API Contract,E01-02,R1,P5,Must,PARTIALLY EVIDENCED,PARTIALLY IMPLEMENTED,BASELINE RETAINED,No post-baseline story-level evidence change identified.,"As a API Product Owner, I need to define and version the Foundation API contract, so that the payroll capability operates with controlled, reproducible and auditable outcomes.","Endpoints use explicit versioning, tenant context, authorization, validation, idempotency where applicable, stable error codes and correlation identifiers. Source-derived checks: Idempotency key for write operations / Effective-date validation / Role and scope validation","The full original API/event contract is not evidenced. Current APIs/events cover only the implemented subset. Enterprise group, work locations and jurisdiction resolution, generic statutory-registration framework and metadata, and the complete original foundation control scope are not evidenced.",NO SPECIAL FLAG BEYOND NORMAL DESIGN REVIEW,NONE
PLN-E01-014,E01,Foundation,Publish reliable Foundation domain events,Event Contract,E01-02,R1,P5,Must,PARTIALLY EVIDENCED,PARTIALLY IMPLEMENTED,BASELINE RETAINED,No post-baseline story-level evidence change identified.,"As a Integration Product Owner, I need to publish reliable Foundation domain events, so that the payroll capability operates with controlled, reproducible and auditable outcomes.","Events are emitted only after committed state, include tenant/object/version/correlation identity, are schema-versioned and safe for at-least-once delivery. Source-derived checks: Every event must include: / Core HR Legal Entity LE-IND-001 / Organisation Event EVT-400019","The full original API/event contract is not evidenced. Current APIs/events cover only the implemented subset. Enterprise group, work locations and jurisdiction resolution, generic statutory-registration framework and metadata, and the complete original foundation control scope are not evidenced.",NO SPECIAL FLAG BEYOND NORMAL DESIGN REVIEW,NONE
PLN-E01-015,E01,Foundation,Enforce least-privilege authorization and segregation for Foundation,Security / SoD,E01-03,R1,P5,Must,PARTIALLY EVIDENCED,PARTIALLY IMPLEMENTED,BASELINE RETAINED,No post-baseline story-level evidence change identified.,"As a Security Administrator, I need to enforce least-privilege authorization and segregation for Foundation, so that the payroll capability operates with controlled, reproducible and auditable outcomes.","Roles, population scope, field scope and maker-checker conflicts are defined; privileged actions require elevated approval and are denied across tenants. Source-derived checks: Auditor access is read-only / An active registration number cannot be overwritten. / The user who creates or changes the registration cannot provide final approval.","Security/audit controls are evidenced only for the implemented subset; the complete epic's roles, maker-checker and audit requirements remain open. Enterprise group, work locations and jurisdiction resolution, generic statutory-registration framework and metadata, and the complete original foundation control scope are not evidenced.",NO SPECIAL FLAG BEYOND NORMAL DESIGN REVIEW,NONE
PLN-E01-016,E01,Foundation,Capture complete audit and lineage evidence for Foundation,Audit / Lineage,E01-03,R1,P5,Must,PARTIALLY EVIDENCED,PARTIALLY IMPLEMENTED,BASELINE RETAINED,No post-baseline story-level evidence change identified.,"As a Internal Auditor, I need to capture complete audit and lineage evidence for Foundation, so that the payroll capability operates with controlled, reproducible and auditable outcomes.","Material reads, writes, approvals, state changes, exports and integration attempts retain actor, timestamp, before/after, source, correlation and result evidence. Source-derived checks: Core HR Legal Entity LE-IND-001 / Organisation Event EVT-400019 / Payroll Legal Entity Version 7","Security/audit controls are evidenced only for the implemented subset; the complete epic's roles, maker-checker and audit requirements remain open. Enterprise group, work locations and jurisdiction resolution, generic statutory-registration framework and metadata, and the complete original foundation control scope are not evidenced.",NO SPECIAL FLAG BEYOND NORMAL DESIGN REVIEW,NONE
PLN-E01-017,E01,Foundation,Build source-linked functional and edge-case tests for Foundation,Automated Functional Tests,E01-04,R1,P5,Must,PARTIALLY EVIDENCED,PARTIALLY IMPLEMENTED,BASELINE RETAINED,No post-baseline story-level evidence change identified.,"As a Quality Engineer, I need to build source-linked functional and edge-case tests for Foundation, so that the payroll capability operates with controlled, reproducible and auditable outcomes.","Automated tests trace to detailed stories, cover positive, negative, lifecycle and boundary conditions, and prove immutable-history and reconciliation rules. Source-derived checks: Iteration 1 must cover the following before completion: / Separate attendance and payroll periods. / TAN is a ten-character alphanumeric identifier, and entities responsible for TDS are required to obtain and quote it for tax-deduction activities.","Automated tests exist only for the implemented subset; the complete original epic cannot be considered tested until its missing functionality exists. Enterprise group, work locations and jurisdiction resolution, generic statutory-registration framework and metadata, and the complete original foundation control scope are not evidenced.",NO SPECIAL FLAG BEYOND NORMAL DESIGN REVIEW,NONE
PLN-E01-018,E01,Foundation,"Build tenant-isolation, concurrency and integration tests for Foundation",Automated Integration / Security Tests,E01-04,R1,P5,Must,PARTIALLY EVIDENCED,PARTIALLY IMPLEMENTED,BASELINE RETAINED,No post-baseline story-level evidence change identified.,"As a Quality and Security Engineer, I need to build tenant-isolation, concurrency and integration tests for Foundation, so that the payroll capability operates with controlled, reproducible and auditable outcomes.","Tests exercise real persistence and authorization, cross-tenant denial, duplicate/retry handling, concurrent transitions, money/date precision and audit/outbox evidence. Source-derived checks: Auditor access is read-only / Separate attendance and payroll periods. / TAN is a ten-character alphanumeric identifier, and entities responsible for TDS are required to obtain and quote it for tax-deduction activities.","Automated tests exist only for the implemented subset; the complete original epic cannot be considered tested until its missing functionality exists. Enterprise group, work locations and jurisdiction resolution, generic statutory-registration framework and metadata, and the complete original foundation control scope are not evidenced.",NO SPECIAL FLAG BEYOND NORMAL DESIGN REVIEW,NONE
PLN-E02-011,E02,Calendar & Pay Groups,Define and version the Calendar & Pay Groups API contract,API Contract,E02-02,R1,P5,Must,PARTIALLY EVIDENCED,PARTIALLY IMPLEMENTED,BASELINE RETAINED,No post-baseline story-level evidence change identified.,"As a API Product Owner, I need to define and version the Calendar & Pay Groups API contract, so that the payroll capability operates with controlled, reproducible and auditable outcomes.","Endpoints use explicit versioning, tenant context, authorization, validation, idempotency where applicable, stable error codes and correlation identifiers. Source-derived checks: Idempotency key for write operations / Effective-date validation / Role and scope validation","The full original API/event contract is not evidenced. Current APIs/events cover only the implemented subset. The original design's complete calendar frequencies, deadlines, cut-off controls and broader population-routing rules are not evidenced.",NO SPECIAL FLAG BEYOND NORMAL DESIGN REVIEW,E01
PLN-E02-012,E02,Calendar & Pay Groups,Publish reliable Calendar & Pay Groups domain events,Event Contract,E02-02,R1,P5,Must,PARTIALLY EVIDENCED,PARTIALLY IMPLEMENTED,BASELINE RETAINED,No post-baseline story-level evidence change identified.,"As a Integration Product Owner, I need to publish reliable Calendar & Pay Groups domain events, so that the payroll capability operates with controlled, reproducible and auditable outcomes.","Events are emitted only after committed state, include tenant/object/version/correlation identity, are schema-versioned and safe for at-least-once delivery. Source-derived checks: Every event must include: / Core HR Legal Entity LE-IND-001 / Organisation Event EVT-400019","The full original API/event contract is not evidenced. Current APIs/events cover only the implemented subset. The original design's complete calendar frequencies, deadlines, cut-off controls and broader population-routing rules are not evidenced.",NO SPECIAL FLAG BEYOND NORMAL DESIGN REVIEW,E01
PLN-E02-013,E02,Calendar & Pay Groups,Enforce least-privilege authorization and segregation for Calendar & Pay Groups,Security / SoD,E02-03,R1,P5,Must,PARTIALLY EVIDENCED,PARTIALLY IMPLEMENTED,BASELINE RETAINED,No post-baseline story-level evidence change identified.,"As a Security Administrator, I need to enforce least-privilege authorization and segregation for Calendar & Pay Groups, so that the payroll capability operates with controlled, reproducible and auditable outcomes.","Roles, population scope, field scope and maker-checker conflicts are defined; privileged actions require elevated approval and are denied across tenants. Source-derived checks: Auditor access is read-only / An active registration number cannot be overwritten. / The user who creates or changes the registration cannot provide final approval.","Security/audit controls are evidenced only for the implemented subset; the complete epic's roles, maker-checker and audit requirements remain open. The original design's complete calendar frequencies, deadlines, cut-off controls and broader population-routing rules are not evidenced.",NO SPECIAL FLAG BEYOND NORMAL DESIGN REVIEW,E01
PLN-E02-014,E02,Calendar & Pay Groups,Capture complete audit and lineage evidence for Calendar & Pay Groups,Audit / Lineage,E02-03,R1,P5,Must,PARTIALLY EVIDENCED,PARTIALLY IMPLEMENTED,BASELINE RETAINED,No post-baseline story-level evidence change identified.,"As a Internal Auditor, I need to capture complete audit and lineage evidence for Calendar & Pay Groups, so that the payroll capability operates with controlled, reproducible and auditable outcomes.","Material reads, writes, approvals, state changes, exports and integration attempts retain actor, timestamp, before/after, source, correlation and result evidence. Source-derived checks: Core HR Legal Entity LE-IND-001 / Organisation Event EVT-400019 / Payroll Legal Entity Version 7","Security/audit controls are evidenced only for the implemented subset; the complete epic's roles, maker-checker and audit requirements remain open. The original design's complete calendar frequencies, deadlines, cut-off controls and broader population-routing rules are not evidenced.",NO SPECIAL FLAG BEYOND NORMAL DESIGN REVIEW,E01
PLN-E02-015,E02,Calendar & Pay Groups,Build source-linked functional and edge-case tests for Calendar & Pay Groups,Automated Functional Tests,E02-04,R1,P5,Must,PARTIALLY EVIDENCED,PARTIALLY IMPLEMENTED,BASELINE RETAINED,No post-baseline story-level evidence change identified.,"As a Quality Engineer, I need to build source-linked functional and edge-case tests for Calendar & Pay Groups, so that the payroll capability operates with controlled, reproducible and auditable outcomes.","Automated tests trace to detailed stories, cover positive, negative, lifecycle and boundary conditions, and prove immutable-history and reconciliation rules. Source-derived checks: Iteration 1 must cover the following before completion: / Separate attendance and payroll periods. / TAN is a ten-character alphanumeric identifier, and entities responsible for TDS are required to obtain and quote it for tax-deduction activities.","Automated tests exist only for the implemented subset; the complete original epic cannot be considered tested until its missing functionality exists. The original design's complete calendar frequencies, deadlines, cut-off controls and broader population-routing rules are not evidenced.",NO SPECIAL FLAG BEYOND NORMAL DESIGN REVIEW,E01
PLN-E02-016,E02,Calendar & Pay Groups,"Build tenant-isolation, concurrency and integration tests for Calendar & Pay Groups",Automated Integration / Security Tests,E02-04,R1,P5,Must,PARTIALLY EVIDENCED,PARTIALLY IMPLEMENTED,BASELINE RETAINED,No post-baseline story-level evidence change identified.,"As a Quality and Security Engineer, I need to build tenant-isolation, concurrency and integration tests for Calendar & Pay Groups, so that the payroll capability operates with controlled, reproducible and auditable outcomes.","Tests exercise real persistence and authorization, cross-tenant denial, duplicate/retry handling, concurrent transitions, money/date precision and audit/outbox evidence. Source-derived checks: Auditor access is read-only / Separate attendance and payroll periods. / TAN is a ten-character alphanumeric identifier, and entities responsible for TDS are required to obtain and quote it for tax-deduction activities.","Automated tests exist only for the implemented subset; the complete original epic cannot be considered tested until its missing functionality exists. The original design's complete calendar frequencies, deadlines, cut-off controls and broader population-routing rules are not evidenced.",NO SPECIAL FLAG BEYOND NORMAL DESIGN REVIEW,E01
PLN-E03-013,E03,Component Catalogue,Define and version the Component Catalogue API contract,API Contract,E03-02,R1,P5,Must,PARTIALLY EVIDENCED,IMPLEMENTED,HIGH,"P5-CCF-01 G04 closure: backend G02 PR #74 / e9e598fdae6c14968a4ec1b3a0e5c7026a06ea37; runtime-lock correction PR #75 / 65269a42008f31c0ec116a3fccb9f996826c621e; UI G03 PR #17 / 8e77bcf5a9a773cc9726eec4e87c0859cdb24543; local backend/API/migration/security tests, UI tests/build, real-backend admin/read-only browser journeys, and exact hosted CI contracts are green.","As a API Product Owner, I need to define and version the Component Catalogue API contract, so that the payroll capability operates with controlled, reproducible and auditable outcomes.","Endpoints use explicit versioning, tenant context, authorization, validation, idempotency where applicable, stable error codes and correlation identifiers. Source-derived checks: POST /api/v1/pay-component-versions/{versionId}/validate / POST /api/v1/component-formulas/{id}/validate / Effective-date validation","No material P5-CCF-01 gap remains for this bounded Component Catalogue story. Country-specific statutory rates/legal conclusions, calculation-engine execution beyond catalogue metadata, employee salary configuration, retro/off-cycle/final settlement, payments and accounting remain separately governed.",NO SPECIAL FLAG BEYOND NORMAL DESIGN REVIEW,E01
PLN-E03-014,E03,Component Catalogue,Publish reliable Component Catalogue domain events,Event Contract,E03-02,R1,P5,Must,PARTIALLY EVIDENCED,IMPLEMENTED,HIGH,"P5-CCF-01 G04 closure: backend G02 PR #74 / e9e598fdae6c14968a4ec1b3a0e5c7026a06ea37; runtime-lock correction PR #75 / 65269a42008f31c0ec116a3fccb9f996826c621e; UI G03 PR #17 / 8e77bcf5a9a773cc9726eec4e87c0859cdb24543; local backend/API/migration/security tests, UI tests/build, real-backend admin/read-only browser journeys, and exact hosted CI contracts are green.","As a Integration Product Owner, I need to publish reliable Component Catalogue domain events, so that the payroll capability operates with controlled, reproducible and auditable outcomes.","Events are emitted only after committed state, include tenant/object/version/correlation identity, are schema-versioned and safe for at-least-once delivery. Source-derived checks: For a calculated component, the system must eventually expose: / pay-component.version-approved / component-formula.approved","No material P5-CCF-01 gap remains for this bounded Component Catalogue story. Country-specific statutory rates/legal conclusions, calculation-engine execution beyond catalogue metadata, employee salary configuration, retro/off-cycle/final settlement, payments and accounting remain separately governed.",NO SPECIAL FLAG BEYOND NORMAL DESIGN REVIEW,E01
PLN-E03-015,E03,Component Catalogue,Enforce least-privilege authorization and segregation for Component Catalogue,Security / SoD,E03-03,R1,P5,Must,PARTIALLY EVIDENCED,IMPLEMENTED,HIGH,"P5-CCF-01 G04 closure: backend G02 PR #74 / e9e598fdae6c14968a4ec1b3a0e5c7026a06ea37; runtime-lock correction PR #75 / 65269a42008f31c0ec116a3fccb9f996826c621e; UI G03 PR #17 / 8e77bcf5a9a773cc9726eec4e87c0859cdb24543; local backend/API/migration/security tests, UI tests/build, real-backend admin/read-only browser journeys, and exact hosted CI contracts are green.","As a Security Administrator, I need to enforce least-privilege authorization and segregation for Component Catalogue, so that the payroll capability operates with controlled, reproducible and auditable outcomes.","Roles, population scope, field scope and maker-checker conflicts are defined; privileged actions require elevated approval and are denied across tenants. Source-derived checks: Test simulations should use synthetic employees by default. / Component and structure history is read-only after approval. / Employee-level overrides will require separate permissions in Iteration 3.","No material P5-CCF-01 gap remains for this bounded Component Catalogue story. Country-specific statutory rates/legal conclusions, calculation-engine execution beyond catalogue metadata, employee salary configuration, retro/off-cycle/final settlement, payments and accounting remain separately governed.",NO SPECIAL FLAG BEYOND NORMAL DESIGN REVIEW,E01
PLN-E03-016,E03,Component Catalogue,Capture complete audit and lineage evidence for Component Catalogue,Audit / Lineage,E03-03,R1,P5,Must,PARTIALLY EVIDENCED,IMPLEMENTED,HIGH,"P5-CCF-01 G04 closure: backend G02 PR #74 / e9e598fdae6c14968a4ec1b3a0e5c7026a06ea37; runtime-lock correction PR #75 / 65269a42008f31c0ec116a3fccb9f996826c621e; UI G03 PR #17 / 8e77bcf5a9a773cc9726eec4e87c0859cdb24543; local backend/API/migration/security tests, UI tests/build, real-backend admin/read-only browser journeys, and exact hosted CI contracts are green.","As a Internal Auditor, I need to capture complete audit and lineage evidence for Component Catalogue, so that the payroll capability operates with controlled, reproducible and auditable outcomes.","Material reads, writes, approvals, state changes, exports and integration attempts retain actor, timestamp, before/after, source, correlation and result evidence. Source-derived checks: For a calculated component, the system must eventually expose:","No material P5-CCF-01 gap remains for this bounded Component Catalogue story. Country-specific statutory rates/legal conclusions, calculation-engine execution beyond catalogue metadata, employee salary configuration, retro/off-cycle/final settlement, payments and accounting remain separately governed.",NO SPECIAL FLAG BEYOND NORMAL DESIGN REVIEW,E01
PLN-E03-017,E03,Component Catalogue,Build source-linked functional and edge-case tests for Component Catalogue,Automated Functional Tests,E03-04,R1,P5,Must,PARTIALLY EVIDENCED,IMPLEMENTED,HIGH,"P5-CCF-01 G04 closure: backend G02 PR #74 / e9e598fdae6c14968a4ec1b3a0e5c7026a06ea37; runtime-lock correction PR #75 / 65269a42008f31c0ec116a3fccb9f996826c621e; UI G03 PR #17 / 8e77bcf5a9a773cc9726eec4e87c0859cdb24543; local backend/API/migration/security tests, UI tests/build, real-backend admin/read-only browser journeys, and exact hosted CI contracts are green.","As a Quality Engineer, I need to build source-linked functional and edge-case tests for Component Catalogue, so that the payroll capability operates with controlled, reproducible and auditable outcomes.","Automated tests trace to detailed stories, cover positive, negative, lifecycle and boundary conditions, and prove immutable-history and reconciliation rules. Source-derived checks: Basic pay defined as a percentage of CTC. / Basic pay defined as a fixed amount. / Special allowance as a residual.","No material P5-CCF-01 gap remains for this bounded Component Catalogue story. Country-specific statutory rates/legal conclusions, calculation-engine execution beyond catalogue metadata, employee salary configuration, retro/off-cycle/final settlement, payments and accounting remain separately governed.",NO SPECIAL FLAG BEYOND NORMAL DESIGN REVIEW,E01
PLN-E03-018,E03,Component Catalogue,"Build tenant-isolation, concurrency and integration tests for Component Catalogue",Automated Integration / Security Tests,E03-04,R1,P5,Must,PARTIALLY EVIDENCED,IMPLEMENTED,HIGH,"P5-CCF-01 G04 closure: backend G02 PR #74 / e9e598fdae6c14968a4ec1b3a0e5c7026a06ea37; runtime-lock correction PR #75 / 65269a42008f31c0ec116a3fccb9f996826c621e; UI G03 PR #17 / 8e77bcf5a9a773cc9726eec4e87c0859cdb24543; local backend/API/migration/security tests, UI tests/build, real-backend admin/read-only browser journeys, and exact hosted CI contracts are green.","As a Quality and Security Engineer, I need to build tenant-isolation, concurrency and integration tests for Component Catalogue, so that the payroll capability operates with controlled, reproducible and auditable outcomes.","Tests exercise real persistence and authorization, cross-tenant denial, duplicate/retry handling, concurrent transitions, money/date precision and audit/outbox evidence. Source-derived checks: Separate employee and employer statutory components. / Identification of every component and formula version. / tenant_id on tenant-specific configuration","No material P5-CCF-01 gap remains for this bounded Component Catalogue story. Country-specific statutory rates/legal conclusions, calculation-engine execution beyond catalogue metadata, employee salary configuration, retro/off-cycle/final settlement, payments and accounting remain separately governed.",NO SPECIAL FLAG BEYOND NORMAL DESIGN REVIEW,E01
PLN-E04-012,E04,Salary Structures,Define and version the Salary Structures API contract,API Contract,E04-02,R1,P5,Must,PARTIALLY EVIDENCED,PARTIALLY IMPLEMENTED,BASELINE RETAINED,No post-baseline story-level evidence change identified.,"As a API Product Owner, I need to define and version the Salary Structures API contract, so that the payroll capability operates with controlled, reproducible and auditable outcomes.","Endpoints use explicit versioning, tenant context, authorization, validation, idempotency where applicable, stable error codes and correlation identifiers. Source-derived checks: POST /api/v1/pay-component-versions/{versionId}/validate / POST /api/v1/component-formulas/{id}/validate / Effective-date validation","The full original API/event contract is not evidenced. Current APIs/events cover only the implemented subset. CTC policies, eligibility, simulations, minimum-wage/statutory validation, benefits/perquisites and the general structure-design model are not evidenced.",NO SPECIAL FLAG BEYOND NORMAL DESIGN REVIEW,E03
PLN-E04-013,E04,Salary Structures,Publish reliable Salary Structures domain events,Event Contract,E04-02,R1,P5,Must,PARTIALLY EVIDENCED,PARTIALLY IMPLEMENTED,BASELINE RETAINED,No post-baseline story-level evidence change identified.,"As a Integration Product Owner, I need to publish reliable Salary Structures domain events, so that the payroll capability operates with controlled, reproducible and auditable outcomes.","Events are emitted only after committed state, include tenant/object/version/correlation identity, are schema-versioned and safe for at-least-once delivery. Source-derived checks: For a calculated component, the system must eventually expose: / pay-component.version-approved / component-formula.approved","The full original API/event contract is not evidenced. Current APIs/events cover only the implemented subset. CTC policies, eligibility, simulations, minimum-wage/statutory validation, benefits/perquisites and the general structure-design model are not evidenced.",NO SPECIAL FLAG BEYOND NORMAL DESIGN REVIEW,E03
PLN-E04-014,E04,Salary Structures,Enforce least-privilege authorization and segregation for Salary Structures,Security / SoD,E04-03,R1,P5,Must,PARTIALLY EVIDENCED,PARTIALLY IMPLEMENTED,BASELINE RETAINED,No post-baseline story-level evidence change identified.,"As a Security Administrator, I need to enforce least-privilege authorization and segregation for Salary Structures, so that the payroll capability operates with controlled, reproducible and auditable outcomes.","Roles, population scope, field scope and maker-checker conflicts are defined; privileged actions require elevated approval and are denied across tenants. Source-derived checks: Test simulations should use synthetic employees by default. / Component and structure history is read-only after approval. / Employee-level overrides will require separate permissions in Iteration 3.","Security/audit controls are evidenced only for the implemented subset; the complete epic's roles, maker-checker and audit requirements remain open. CTC policies, eligibility, simulations, minimum-wage/statutory validation, benefits/perquisites and the general structure-design model are not evidenced.",NO SPECIAL FLAG BEYOND NORMAL DESIGN REVIEW,E03
PLN-E04-015,E04,Salary Structures,Capture complete audit and lineage evidence for Salary Structures,Audit / Lineage,E04-03,R1,P5,Must,PARTIALLY EVIDENCED,PARTIALLY IMPLEMENTED,BASELINE RETAINED,No post-baseline story-level evidence change identified.,"As a Internal Auditor, I need to capture complete audit and lineage evidence for Salary Structures, so that the payroll capability operates with controlled, reproducible and auditable outcomes.","Material reads, writes, approvals, state changes, exports and integration attempts retain actor, timestamp, before/after, source, correlation and result evidence. Source-derived checks: For a calculated component, the system must eventually expose:","Security/audit controls are evidenced only for the implemented subset; the complete epic's roles, maker-checker and audit requirements remain open. CTC policies, eligibility, simulations, minimum-wage/statutory validation, benefits/perquisites and the general structure-design model are not evidenced.",NO SPECIAL FLAG BEYOND NORMAL DESIGN REVIEW,E03
PLN-E04-016,E04,Salary Structures,Build source-linked functional and edge-case tests for Salary Structures,Automated Functional Tests,E04-04,R1,P5,Must,PARTIALLY EVIDENCED,PARTIALLY IMPLEMENTED,BASELINE RETAINED,No post-baseline story-level evidence change identified.,"As a Quality Engineer, I need to build source-linked functional and edge-case tests for Salary Structures, so that the payroll capability operates with controlled, reproducible and auditable outcomes.","Automated tests trace to detailed stories, cover positive, negative, lifecycle and boundary conditions, and prove immutable-history and reconciliation rules. Source-derived checks: Basic pay defined as a percentage of CTC. / Basic pay defined as a fixed amount. / Special allowance as a residual.","Automated tests exist only for the implemented subset; the complete original epic cannot be considered tested until its missing functionality exists. CTC policies, eligibility, simulations, minimum-wage/statutory validation, benefits/perquisites and the general structure-design model are not evidenced.",NO SPECIAL FLAG BEYOND NORMAL DESIGN REVIEW,E03
PLN-E04-017,E04,Salary Structures,"Build tenant-isolation, concurrency and integration tests for Salary Structures",Automated Integration / Security Tests,E04-04,R1,P5,Must,PARTIALLY EVIDENCED,PARTIALLY IMPLEMENTED,BASELINE RETAINED,No post-baseline story-level evidence change identified.,"As a Quality and Security Engineer, I need to build tenant-isolation, concurrency and integration tests for Salary Structures, so that the payroll capability operates with controlled, reproducible and auditable outcomes.","Tests exercise real persistence and authorization, cross-tenant denial, duplicate/retry handling, concurrent transitions, money/date precision and audit/outbox evidence. Source-derived checks: Separate employee and employer statutory components. / Identification of every component and formula version. / tenant_id on tenant-specific configuration","Automated tests exist only for the implemented subset; the complete original epic cannot be considered tested until its missing functionality exists. CTC policies, eligibility, simulations, minimum-wage/statutory validation, benefits/perquisites and the general structure-design model are not evidenced.",NO SPECIAL FLAG BEYOND NORMAL DESIGN REVIEW,E03
PLN-E05-021,E05,Employee Payroll Profile,Define and version the Employee Payroll Profile API contract,API Contract,E05-02,R1,P5,Must,PARTIALLY EVIDENCED,PARTIALLY IMPLEMENTED,BASELINE RETAINED,No post-baseline story-level evidence change identified.,"As a API Product Owner, I need to define and version the Employee Payroll Profile API contract, so that the payroll capability operates with controlled, reproducible and auditable outcomes.","Endpoints use explicit versioning, tenant context, authorization, validation, idempotency where applicable, stable error codes and correlation identifiers. Source-derived checks: POST /api/v1/payroll-onboarding-cases/{id}/validate / Idempotency keys for all writes. / Tenant and legal-entity context.","The full original API/event contract is not evidenced. Current APIs/events cover only the implemented subset. Bank profile, employee identifiers, India-specific statutory memberships, tax profile/declarations, full multidimensional readiness, multi-assignment and compensation-change workflows are not complete.",NO SPECIAL FLAG BEYOND NORMAL DESIGN REVIEW,"E01,E02,E04"
PLN-E05-022,E05,Employee Payroll Profile,Publish reliable Employee Payroll Profile domain events,Event Contract,E05-02,R1,P5,Must,PARTIALLY EVIDENCED,PARTIALLY IMPLEMENTED,BASELINE RETAINED,No post-baseline story-level evidence change identified.,"As a Integration Product Owner, I need to publish reliable Employee Payroll Profile domain events, so that the payroll capability operates with controlled, reproducible and auditable outcomes.","Events are emitted only after committed state, include tenant/object/version/correlation identity, are schema-versioned and safe for at-least-once delivery. Source-derived checks: 35.3 Required lineage attributes / Every event must include:","The full original API/event contract is not evidenced. Current APIs/events cover only the implemented subset. Bank profile, employee identifiers, India-specific statutory memberships, tax profile/declarations, full multidimensional readiness, multi-assignment and compensation-change workflows are not complete.",NO SPECIAL FLAG BEYOND NORMAL DESIGN REVIEW,"E01,E02,E04"
PLN-E05-023,E05,Employee Payroll Profile,Enforce least-privilege authorization and segregation for Employee Payroll Profile,Security / SoD,E05-03,R1,P5,Must,PARTIALLY EVIDENCED,PARTIALLY IMPLEMENTED,BASELINE RETAINED,No post-baseline story-level evidence change identified.,"As a Security Administrator, I need to enforce least-privilege authorization and segregation for Employee Payroll Profile, so that the payroll capability operates with controlled, reproducible and auditable outcomes.","Roles, population scope, field scope and maker-checker conflicts are defined; privileged actions require elevated approval and are denied across tenants. Source-derived checks: Previous-employer values must not alter current-employer salary history. / Employee-submitted values must be marked separately from verified documents. / Duplicate previous-employer records must be detected.","Security/audit controls are evidenced only for the implemented subset; the complete epic's roles, maker-checker and audit requirements remain open. Bank profile, employee identifiers, India-specific statutory memberships, tax profile/declarations, full multidimensional readiness, multi-assignment and compensation-change workflows are not complete.",NO SPECIAL FLAG BEYOND NORMAL DESIGN REVIEW,"E01,E02,E04"
PLN-E05-024,E05,Employee Payroll Profile,Capture complete audit and lineage evidence for Employee Payroll Profile,Audit / Lineage,E05-03,R1,P5,Must,PARTIALLY EVIDENCED,PARTIALLY IMPLEMENTED,BASELINE RETAINED,No post-baseline story-level evidence change identified.,"As a Internal Auditor, I need to capture complete audit and lineage evidence for Employee Payroll Profile, so that the payroll capability operates with controlled, reproducible and auditable outcomes.","Material reads, writes, approvals, state changes, exports and integration attempts retain actor, timestamp, before/after, source, correlation and result evidence. Source-derived checks: 35.3 Required lineage attributes / Retain contribution-period status.","Security/audit controls are evidenced only for the implemented subset; the complete epic's roles, maker-checker and audit requirements remain open. Bank profile, employee identifiers, India-specific statutory memberships, tax profile/declarations, full multidimensional readiness, multi-assignment and compensation-change workflows are not complete.",NO SPECIAL FLAG BEYOND NORMAL DESIGN REVIEW,"E01,E02,E04"
PLN-E05-025,E05,Employee Payroll Profile,Build source-linked functional and edge-case tests for Employee Payroll Profile,Automated Functional Tests,E05-04,R1,P5,Must,PARTIALLY EVIDENCED,PARTIALLY IMPLEMENTED,BASELINE RETAINED,No post-baseline story-level evidence change identified.,"As a Quality Engineer, I need to build source-linked functional and edge-case tests for Employee Payroll Profile, so that the payroll capability operates with controlled, reproducible and auditable outcomes.","Automated tests trace to detailed stories, cover positive, negative, lifecycle and boundary conditions, and prove immutable-history and reconciliation rules. Source-derived checks: Iteration 3 must support at least the following: / Employer-only NPS contribution applies. / Prevent no-show employees from entering payroll.","Automated tests exist only for the implemented subset; the complete original epic cannot be considered tested until its missing functionality exists. Bank profile, employee identifiers, India-specific statutory memberships, tax profile/declarations, full multidimensional readiness, multi-assignment and compensation-change workflows are not complete.",NO SPECIAL FLAG BEYOND NORMAL DESIGN REVIEW,"E01,E02,E04"
PLN-E05-026,E05,Employee Payroll Profile,"Build tenant-isolation, concurrency and integration tests for Employee Payroll Profile",Automated Integration / Security Tests,E05-04,R1,P5,Must,PARTIALLY EVIDENCED,PARTIALLY IMPLEMENTED,BASELINE RETAINED,No post-baseline story-level evidence change identified.,"As a Quality and Security Engineer, I need to build tenant-isolation, concurrency and integration tests for Employee Payroll Profile, so that the payroll capability operates with controlled, reproducible and auditable outcomes.","Tests exercise real persistence and authorization, cross-tenant denial, duplicate/retry handling, concurrent transitions, money/date precision and audit/outbox evidence. Source-derived checks: Prevent no-show employees from entering payroll. / Support primary and split-payment configurations. / Block payment when required.","Automated tests exist only for the implemented subset; the complete original epic cannot be considered tested until its missing functionality exists. Bank profile, employee identifiers, India-specific statutory memberships, tax profile/declarations, full multidimensional readiness, multi-assignment and compensation-change workflows are not complete.",NO SPECIAL FLAG BEYOND NORMAL DESIGN REVIEW,"E01,E02,E04"
PLN-E06-021,E06,Calculation Engine,Define and version the Calculation Engine API contract,API Contract,E06-02,R2,P6,Must,PARTIALLY EVIDENCED,PARTIALLY IMPLEMENTED,BASELINE RETAINED,No post-baseline story-level evidence change identified.,"As a API Product Owner, I need to define and version the Calculation Engine API contract, so that the payroll capability operates with controlled, reproducible and auditable outcomes.","Endpoints use explicit versioning, tenant context, authorization, validation, idempotency where applicable, stable error codes and correlation identifiers. Source-derived checks: Idempotency key for all calculation starts. / Tenant, PSU and pay-group context. / Version and snapshot references.","The full original API/event contract is not evidenced. Current APIs/events cover only the implemented subset. The general formula engine, named bases, full dependency compiler, rounding/cap/gross-up policies, additional run types, simulations, parallel calculation and full failure-isolation model are not complete.",NO SPECIAL FLAG BEYOND NORMAL DESIGN REVIEW,"E03,E04,E05"
PLN-E06-022,E06,Calculation Engine,Publish reliable Calculation Engine domain events,Event Contract,E06-02,R2,P6,Must,PARTIALLY EVIDENCED,PARTIALLY IMPLEMENTED,BASELINE RETAINED,No post-baseline story-level evidence change identified.,"As a Integration Product Owner, I need to publish reliable Calculation Engine domain events, so that the payroll capability operates with controlled, reproducible and auditable outcomes.","Events are emitted only after committed state, include tenant/object/version/correlation identity, are schema-versioned and safe for at-least-once delivery. Source-derived checks: Every event must include:","The full original API/event contract is not evidenced. Current APIs/events cover only the implemented subset. The general formula engine, named bases, full dependency compiler, rounding/cap/gross-up policies, additional run types, simulations, parallel calculation and full failure-isolation model are not complete.",NO SPECIAL FLAG BEYOND NORMAL DESIGN REVIEW,"E03,E04,E05"
PLN-E06-023,E06,Calculation Engine,Enforce least-privilege authorization and segregation for Calculation Engine,Security / SoD,E06-03,R2,P6,Must,PARTIALLY EVIDENCED,PARTIALLY IMPLEMENTED,BASELINE RETAINED,No post-baseline story-level evidence change identified.,"As a Security Administrator, I need to enforce least-privilege authorization and segregation for Calculation Engine, so that the payroll capability operates with controlled, reproducible and auditable outcomes.","Roles, population scope, field scope and maker-checker conflicts are defined; privileged actions require elevated approval and are denied across tenants. Source-derived checks: Technical support should see masked data. / Compensation analysts should not execute official payroll. / Simulation cannot be converted directly into official payroll without snapshot and approval controls.","Security/audit controls are evidenced only for the implemented subset; the complete epic's roles, maker-checker and audit requirements remain open. The general formula engine, named bases, full dependency compiler, rounding/cap/gross-up policies, additional run types, simulations, parallel calculation and full failure-isolation model are not complete.",NO SPECIAL FLAG BEYOND NORMAL DESIGN REVIEW,"E03,E04,E05"
PLN-E06-024,E06,Calculation Engine,Capture complete audit and lineage evidence for Calculation Engine,Audit / Lineage,E06-03,R2,P6,Must,PARTIALLY EVIDENCED,PARTIALLY IMPLEMENTED,BASELINE RETAINED,No post-baseline story-level evidence change identified.,"As a Internal Auditor, I need to capture complete audit and lineage evidence for Calculation Engine, so that the payroll capability operates with controlled, reproducible and auditable outcomes.","Material reads, writes, approvals, state changes, exports and integration attempts retain actor, timestamp, before/after, source, correlation and result evidence. Source-derived checks: ├── Intermediate operations / 59.3 Explainability levels / Full technical traces may be retained for a shorter period than statutory payroll results, provided a reproducible calculation snapshot remains available.","Security/audit controls are evidenced only for the implemented subset; the complete epic's roles, maker-checker and audit requirements remain open. The general formula engine, named bases, full dependency compiler, rounding/cap/gross-up policies, additional run types, simulations, parallel calculation and full failure-isolation model are not complete.",NO SPECIAL FLAG BEYOND NORMAL DESIGN REVIEW,"E03,E04,E05"
PLN-E06-025,E06,Calculation Engine,Build source-linked functional and edge-case tests for Calculation Engine,Automated Functional Tests,E06-04,R2,P6,Must,PARTIALLY EVIDENCED,PARTIALLY IMPLEMENTED,BASELINE RETAINED,No post-baseline story-level evidence change identified.,"As a Quality Engineer, I need to build source-linked functional and edge-case tests for Calculation Engine, so that the payroll capability operates with controlled, reproducible and auditable outcomes.","Automated tests trace to detailed stories, cover positive, negative, lifecycle and boundary conditions, and prove immutable-history and reconciliation rules. Source-derived checks: Iteration 4 must support at least: / Employee receives only a reimbursement. / Employee receives only a bonus.","Automated tests exist only for the implemented subset; the complete original epic cannot be considered tested until its missing functionality exists. The general formula engine, named bases, full dependency compiler, rounding/cap/gross-up policies, additional run types, simulations, parallel calculation and full failure-isolation model are not complete.",NO SPECIAL FLAG BEYOND NORMAL DESIGN REVIEW,"E03,E04,E05"
PLN-E06-026,E06,Calculation Engine,"Build tenant-isolation, concurrency and integration tests for Calculation Engine",Automated Integration / Security Tests,E06-04,R2,P6,Must,PARTIALLY EVIDENCED,PARTIALLY IMPLEMENTED,BASELINE RETAINED,No post-baseline story-level evidence change identified.,"As a Quality and Security Engineer, I need to build tenant-isolation, concurrency and integration tests for Calculation Engine, so that the payroll capability operates with controlled, reproducible and auditable outcomes.","Tests exercise real persistence and authorization, cross-tenant denial, duplicate/retry handling, concurrent transitions, money/date precision and audit/outbox evidence. Source-derived checks: Reversal total must reference and offset an original result. / Component result currency must be compatible with its parent result. / Every component result must reference an approved component version.","Automated tests exist only for the implemented subset; the complete original epic cannot be considered tested until its missing functionality exists. The general formula engine, named bases, full dependency compiler, rounding/cap/gross-up policies, additional run types, simulations, parallel calculation and full failure-isolation model are not complete.",NO SPECIAL FLAG BEYOND NORMAL DESIGN REVIEW,"E03,E04,E05"
PLN-E07-014,E07,Balances & Retro,Define and version the Balances & Retro API contract,API Contract,E07-02,R2,P8,Must,PARTIALLY EVIDENCED,PARTIALLY IMPLEMENTED,BASELINE RETAINED,No post-baseline story-level evidence change identified.,"As a API Product Owner, I need to define and version the Balances & Retro API contract, so that the payroll capability operates with controlled, reproducible and auditable outcomes.","Endpoints use explicit versioning, tenant context, authorization, validation, idempotency where applicable, stable error codes and correlation identifiers. Source-derived checks: Idempotency key for all calculation starts. / Tenant, PSU and pay-group context. / Version and snapshot references.","The full original API/event contract is not evidenced. Current APIs/events cover only the implemented subset. General payroll balances, append-only balance movements, chronological retroactive difference calculation, arrears, carry-forwards and retro settlement across payroll periods are not implemented.",NO SPECIAL FLAG BEYOND NORMAL DESIGN REVIEW,"E06,E08,E09"
PLN-E07-015,E07,Balances & Retro,Publish reliable Balances & Retro domain events,Event Contract,E07-02,R2,P8,Must,PARTIALLY EVIDENCED,PARTIALLY IMPLEMENTED,BASELINE RETAINED,No post-baseline story-level evidence change identified.,"As a Integration Product Owner, I need to publish reliable Balances & Retro domain events, so that the payroll capability operates with controlled, reproducible and auditable outcomes.","Events are emitted only after committed state, include tenant/object/version/correlation identity, are schema-versioned and safe for at-least-once delivery. Source-derived checks: Every event must include: / Affected historical period / Current/off-cycle payment","The full original API/event contract is not evidenced. Current APIs/events cover only the implemented subset. General payroll balances, append-only balance movements, chronological retroactive difference calculation, arrears, carry-forwards and retro settlement across payroll periods are not implemented.",NO SPECIAL FLAG BEYOND NORMAL DESIGN REVIEW,"E06,E08,E09"
PLN-E07-016,E07,Balances & Retro,Enforce least-privilege authorization and segregation for Balances & Retro,Security / SoD,E07-03,R2,P8,Must,PARTIALLY EVIDENCED,PARTIALLY IMPLEMENTED,BASELINE RETAINED,No post-baseline story-level evidence change identified.,"As a Security Administrator, I need to enforce least-privilege authorization and segregation for Balances & Retro, so that the payroll capability operates with controlled, reproducible and auditable outcomes.","Roles, population scope, field scope and maker-checker conflicts are defined; privileged actions require elevated approval and are denied across tenants. Source-derived checks: The user who created an off-cycle input cannot provide final approval. / The user who approved a recovery should not confirm its full collection alone. / Payment reissue approvers should not modify payroll results.","Security/audit controls are evidenced only for the implemented subset; the complete epic's roles, maker-checker and audit requirements remain open. General payroll balances, append-only balance movements, chronological retroactive difference calculation, arrears, carry-forwards and retro settlement across payroll periods are not implemented.",NO SPECIAL FLAG BEYOND NORMAL DESIGN REVIEW,"E06,E08,E09"
PLN-E07-017,E07,Balances & Retro,Capture complete audit and lineage evidence for Balances & Retro,Audit / Lineage,E07-03,R2,P8,Must,PARTIALLY EVIDENCED,PARTIALLY IMPLEMENTED,BASELINE RETAINED,No post-baseline story-level evidence change identified.,"As a Internal Auditor, I need to capture complete audit and lineage evidence for Balances & Retro, so that the payroll capability operates with controlled, reproducible and auditable outcomes.","Material reads, writes, approvals, state changes, exports and integration attempts retain actor, timestamp, before/after, source, correlation and result evidence. Source-derived checks: Affected historical period / Current/off-cycle payment / Statutory and accounting correction","Security/audit controls are evidenced only for the implemented subset; the complete epic's roles, maker-checker and audit requirements remain open. General payroll balances, append-only balance movements, chronological retroactive difference calculation, arrears, carry-forwards and retro settlement across payroll periods are not implemented.",NO SPECIAL FLAG BEYOND NORMAL DESIGN REVIEW,"E06,E08,E09"
PLN-E07-018,E07,Balances & Retro,Build source-linked functional and edge-case tests for Balances & Retro,Automated Functional Tests,E07-04,R2,P8,Must,PARTIALLY EVIDENCED,PARTIALLY IMPLEMENTED,BASELINE RETAINED,No post-baseline story-level evidence change identified.,"As a Quality Engineer, I need to build source-linked functional and edge-case tests for Balances & Retro, so that the payroll capability operates with controlled, reproducible and auditable outcomes.","Automated tests trace to detailed stories, cover positive, negative, lifecycle and boundary conditions, and prove immutable-history and reconciliation rules. Source-derived checks: Iteration 4 must support at least: / Employee receives only a reimbursement. / Employee receives only a bonus.","Automated tests exist only for the implemented subset; the complete original epic cannot be considered tested until its missing functionality exists. General payroll balances, append-only balance movements, chronological retroactive difference calculation, arrears, carry-forwards and retro settlement across payroll periods are not implemented.",NO SPECIAL FLAG BEYOND NORMAL DESIGN REVIEW,"E06,E08,E09"
PLN-E07-019,E07,Balances & Retro,"Build tenant-isolation, concurrency and integration tests for Balances & Retro",Automated Integration / Security Tests,E07-04,R2,P8,Must,PARTIALLY EVIDENCED,PARTIALLY IMPLEMENTED,BASELINE RETAINED,No post-baseline story-level evidence change identified.,"As a Quality and Security Engineer, I need to build tenant-isolation, concurrency and integration tests for Balances & Retro, so that the payroll capability operates with controlled, reproducible and auditable outcomes.","Tests exercise real persistence and authorization, cross-tenant denial, duplicate/retry handling, concurrent transitions, money/date precision and audit/outbox evidence. Source-derived checks: Reversal total must reference and offset an original result. / Component result currency must be compatible with its parent result. / Every component result must reference an approved component version.","Automated tests exist only for the implemented subset; the complete original epic cannot be considered tested until its missing functionality exists. General payroll balances, append-only balance movements, chronological retroactive difference calculation, arrears, carry-forwards and retro settlement across payroll periods are not implemented.",NO SPECIAL FLAG BEYOND NORMAL DESIGN REVIEW,"E06,E08,E09"
PLN-E08-022,E08,Payroll Operations,Define and version the Payroll Operations API contract,API Contract,E08-02,R2,P6,Must,PARTIALLY EVIDENCED,PARTIALLY IMPLEMENTED,BASELINE RETAINED,No post-baseline story-level evidence change identified.,"As a API Product Owner, I need to define and version the Payroll Operations API contract, so that the payroll capability operates with controlled, reproducible and auditable outcomes.","Endpoints use explicit versioning, tenant context, authorization, validation, idempotency where applicable, stable error codes and correlation identifiers. Source-derived checks: Idempotency keys for all writes / Correlation and causation IDs / Exact resource-version references","The full original API/event contract is not evidenced. Current APIs/events cover only the implemented subset. Input-source catalogue, delivery windows, cut-offs, source-owner certification, trial payroll replacement, full approval/lock/release workflow, checklists, resumable partitions and operational reconciliations are incomplete.",NO SPECIAL FLAG BEYOND NORMAL DESIGN REVIEW,"E01,E02,E05,E06"
PLN-E08-023,E08,Payroll Operations,Publish reliable Payroll Operations domain events,Event Contract,E08-02,R2,P6,Must,PARTIALLY EVIDENCED,PARTIALLY IMPLEMENTED,BASELINE RETAINED,No post-baseline story-level evidence change identified.,"As a Integration Product Owner, I need to publish reliable Payroll Operations domain events, so that the payroll capability operates with controlled, reproducible and auditable outcomes.","Events are emitted only after committed state, include tenant/object/version/correlation identity, are schema-versioned and safe for at-least-once delivery. Source-derived checks: payroll-input-window.opened / payroll-input-batch.received / payroll-input-batch.validated","The full original API/event contract is not evidenced. Current APIs/events cover only the implemented subset. Input-source catalogue, delivery windows, cut-offs, source-owner certification, trial payroll replacement, full approval/lock/release workflow, checklists, resumable partitions and operational reconciliations are incomplete.",NO SPECIAL FLAG BEYOND NORMAL DESIGN REVIEW,"E01,E02,E05,E06"
PLN-E08-024,E08,Payroll Operations,Enforce least-privilege authorization and segregation for Payroll Operations,Security / SoD,E08-03,R2,P6,Must,PARTIALLY EVIDENCED,PARTIALLY IMPLEMENTED,BASELINE RETAINED,No post-baseline story-level evidence change identified.,"As a Security Administrator, I need to enforce least-privilege authorization and segregation for Payroll Operations, so that the payroll capability operates with controlled, reproducible and auditable outcomes.","Roles, population scope, field scope and maker-checker conflicts are defined; privileged actions require elevated approval and are denied across tenants. Source-derived checks: Source owners cannot approve final payroll. / Payroll operators cannot approve their own high-risk manual inputs. / Formula administrators cannot approve operational payroll solely because they maintain formulas.","Security/audit controls are evidenced only for the implemented subset; the complete epic's roles, maker-checker and audit requirements remain open. Input-source catalogue, delivery windows, cut-offs, source-owner certification, trial payroll replacement, full approval/lock/release workflow, checklists, resumable partitions and operational reconciliations are incomplete.",NO SPECIAL FLAG BEYOND NORMAL DESIGN REVIEW,"E01,E02,E05,E06"
PLN-E08-025,E08,Payroll Operations,Capture complete audit and lineage evidence for Payroll Operations,Audit / Lineage,E08-03,R2,P6,Must,PARTIALLY EVIDENCED,PARTIALLY IMPLEMENTED,BASELINE RETAINED,No post-baseline story-level evidence change identified.,"As a Internal Auditor, I need to capture complete audit and lineage evidence for Payroll Operations, so that the payroll capability operates with controlled, reproducible and auditable outcomes.","Material reads, writes, approvals, state changes, exports and integration attempts retain actor, timestamp, before/after, source, correlation and result evidence. Source-derived checks: At cycle completion, the system should create an evidence pack containing:","Security/audit controls are evidenced only for the implemented subset; the complete epic's roles, maker-checker and audit requirements remain open. Input-source catalogue, delivery windows, cut-offs, source-owner certification, trial payroll replacement, full approval/lock/release workflow, checklists, resumable partitions and operational reconciliations are incomplete.",NO SPECIAL FLAG BEYOND NORMAL DESIGN REVIEW,"E01,E02,E05,E06"
PLN-E08-026,E08,Payroll Operations,Build source-linked functional and edge-case tests for Payroll Operations,Automated Functional Tests,E08-04,R2,P6,Must,PARTIALLY EVIDENCED,PARTIALLY IMPLEMENTED,BASELINE RETAINED,No post-baseline story-level evidence change identified.,"As a Quality Engineer, I need to build source-linked functional and edge-case tests for Payroll Operations, so that the payroll capability operates with controlled, reproducible and auditable outcomes.","Automated tests trace to detailed stories, cover positive, negative, lifecycle and boundary conditions, and prove immutable-history and reconciliation rules. Source-derived checks: Iteration 5 must support at least: / Employee cannot be resolved. / Employee is held only for payment.","Automated tests exist only for the implemented subset; the complete original epic cannot be considered tested until its missing functionality exists. Input-source catalogue, delivery windows, cut-offs, source-owner certification, trial payroll replacement, full approval/lock/release workflow, checklists, resumable partitions and operational reconciliations are incomplete.",NO SPECIAL FLAG BEYOND NORMAL DESIGN REVIEW,"E01,E02,E05,E06"
PLN-E08-027,E08,Payroll Operations,"Build tenant-isolation, concurrency and integration tests for Payroll Operations",Automated Integration / Security Tests,E08-04,R2,P6,Must,PARTIALLY EVIDENCED,PARTIALLY IMPLEMENTED,BASELINE RETAINED,No post-baseline story-level evidence change identified.,"As a Quality and Security Engineer, I need to build tenant-isolation, concurrency and integration tests for Payroll Operations, so that the payroll capability operates with controlled, reproducible and auditable outcomes.","Tests exercise real persistence and authorization, cross-tenant denial, duplicate/retry handling, concurrent transitions, money/date precision and audit/outbox evidence. Source-derived checks: Append-only status and approval history / JSONB only for immutable source payloads and optional integration metadata / Separate object storage for source files and evidence","Automated tests exist only for the implemented subset; the complete original epic cannot be considered tested until its missing functionality exists. Input-source catalogue, delivery windows, cut-offs, source-owner certification, trial payroll replacement, full approval/lock/release workflow, checklists, resumable partitions and operational reconciliations are incomplete.",NO SPECIAL FLAG BEYOND NORMAL DESIGN REVIEW,"E01,E02,E05,E06"
PLN-E09-026,E09,India Statutory Rules,Define and version the India Statutory Rules API contract,API Contract,E09-02,R2,P7,Must,LEGAL/DOMAIN REVALIDATION,LEGAL/DOMAIN REVALIDATION,BASELINE RETAINED,No post-baseline story-level evidence change identified.,"As a API Product Owner, I need to define and version the India Statutory Rules API contract, so that the payroll capability operates with controlled, reproducible and auditable outcomes.","Endpoints use explicit versioning, tenant context, authorization, validation, idempotency where applicable, stable error codes and correlation identifiers. Source-derived checks: POST /api/v1/statutory-rule-pack-versions/{id}/validate / POST /api/v1/legal-sources / GET /api/v1/legal-sources/{id}","The full original API/event contract is not evidenced. Current APIs/events cover only the implemented subset. PF, EPS, EDLI, ESI, PT, LWF, NPS, gratuity, bonus, salary TDS, minimum wage, overtime, deduction limits, legal forms, filing and settlement are explicitly not implemented.",MANDATORY LEGAL/DOMAIN REVALIDATION BEFORE IMPLEMENTATION,"E01,E03,E05,E06,E08"
PLN-E09-027,E09,India Statutory Rules,Publish reliable India Statutory Rules domain events,Event Contract,E09-02,R2,P7,Must,LEGAL/DOMAIN REVALIDATION,LEGAL/DOMAIN REVALIDATION,BASELINE RETAINED,No post-baseline story-level evidence change identified.,"As a Integration Product Owner, I need to publish reliable India Statutory Rules domain events, so that the payroll capability operates with controlled, reproducible and auditable outcomes.","Events are emitted only after committed state, include tenant/object/version/correlation identity, are schema-versioned and safe for at-least-once delivery. Source-derived checks: End-to-end statutory lineage: / Act / Rule / Notification / Return or contribution file","The full original API/event contract is not evidenced. Current APIs/events cover only the implemented subset. PF, EPS, EDLI, ESI, PT, LWF, NPS, gratuity, bonus, salary TDS, minimum wage, overtime, deduction limits, legal forms, filing and settlement are explicitly not implemented.",MANDATORY LEGAL/DOMAIN REVALIDATION BEFORE IMPLEMENTATION,"E01,E03,E05,E06,E08"
PLN-E09-028,E09,India Statutory Rules,Enforce least-privilege authorization and segregation for India Statutory Rules,Security / SoD,E09-03,R2,P7,Must,LEGAL/DOMAIN REVALIDATION,LEGAL/DOMAIN REVALIDATION,BASELINE RETAINED,No post-baseline story-level evidence change identified.,"As a Security Administrator, I need to enforce least-privilege authorization and segregation for India Statutory Rules, so that the payroll capability operates with controlled, reproducible and auditable outcomes.","Roles, population scope, field scope and maker-checker conflicts are defined; privileged actions require elevated approval and are denied across tenants. Source-derived checks: Health or disability attributes used only for authorised statutory purposes. / Production simulations should use masked population data.","Security/audit controls are evidenced only for the implemented subset; the complete epic's roles, maker-checker and audit requirements remain open. PF, EPS, EDLI, ESI, PT, LWF, NPS, gratuity, bonus, salary TDS, minimum wage, overtime, deduction limits, legal forms, filing and settlement are explicitly not implemented.",MANDATORY LEGAL/DOMAIN REVALIDATION BEFORE IMPLEMENTATION,"E01,E03,E05,E06,E08"
PLN-E09-029,E09,India Statutory Rules,Capture complete audit and lineage evidence for India Statutory Rules,Audit / Lineage,E09-03,R2,P7,Must,LEGAL/DOMAIN REVALIDATION,LEGAL/DOMAIN REVALIDATION,BASELINE RETAINED,No post-baseline story-level evidence change identified.,"As a Internal Auditor, I need to capture complete audit and lineage evidence for India Statutory Rules, so that the payroll capability operates with controlled, reproducible and auditable outcomes.","Material reads, writes, approvals, state changes, exports and integration attempts retain actor, timestamp, before/after, source, correlation and result evidence. Source-derived checks: End-to-end statutory lineage: / Act / Rule / Notification / Return or contribution file","Security/audit controls are evidenced only for the implemented subset; the complete epic's roles, maker-checker and audit requirements remain open. PF, EPS, EDLI, ESI, PT, LWF, NPS, gratuity, bonus, salary TDS, minimum wage, overtime, deduction limits, legal forms, filing and settlement are explicitly not implemented.",MANDATORY LEGAL/DOMAIN REVALIDATION BEFORE IMPLEMENTATION,"E01,E03,E05,E06,E08"
PLN-E09-030,E09,India Statutory Rules,Build source-linked functional and edge-case tests for India Statutory Rules,Automated Functional Tests,E09-04,R2,P7,Must,LEGAL/DOMAIN REVALIDATION,LEGAL/DOMAIN REVALIDATION,BASELINE RETAINED,No post-baseline story-level evidence change identified.,"As a Quality Engineer, I need to build source-linked functional and edge-case tests for India Statutory Rules, so that the payroll capability operates with controlled, reproducible and auditable outcomes.","Automated tests trace to detailed stories, cover positive, negative, lifecycle and boundary conditions, and prove immutable-history and reconciliation rules. Source-derived checks: Iteration 6 must support at least: / PF result requires separate rounding. / LWF contribution occurs only in selected months.","Automated tests exist only for the implemented subset; the complete original epic cannot be considered tested until its missing functionality exists. PF, EPS, EDLI, ESI, PT, LWF, NPS, gratuity, bonus, salary TDS, minimum wage, overtime, deduction limits, legal forms, filing and settlement are explicitly not implemented.",MANDATORY LEGAL/DOMAIN REVALIDATION BEFORE IMPLEMENTATION,"E01,E03,E05,E06,E08"
PLN-E09-031,E09,India Statutory Rules,"Build tenant-isolation, concurrency and integration tests for India Statutory Rules",Automated Integration / Security Tests,E09-04,R2,P7,Must,LEGAL/DOMAIN REVALIDATION,LEGAL/DOMAIN REVALIDATION,BASELINE RETAINED,No post-baseline story-level evidence change identified.,"As a Quality and Security Engineer, I need to build tenant-isolation, concurrency and integration tests for India Statutory Rules, so that the payroll capability operates with controlled, reproducible and auditable outcomes.","Tests exercise real persistence and authorization, cross-tenant denial, duplicate/retry handling, concurrent transitions, money/date precision and audit/outbox evidence. Source-derived checks: Link every rule to an approved legal source. / Prevent overlapping approved rules. / Validate wage payment deadlines.","Automated tests exist only for the implemented subset; the complete original epic cannot be considered tested until its missing functionality exists. PF, EPS, EDLI, ESI, PT, LWF, NPS, gratuity, bonus, salary TDS, minimum wage, overtime, deduction limits, legal forms, filing and settlement are explicitly not implemented.",MANDATORY LEGAL/DOMAIN REVALIDATION BEFORE IMPLEMENTATION,"E01,E03,E05,E06,E08"
PLN-E10-027,E10,Off-cycle & Final Settlement,Define and version the Off-cycle & Final Settlement API contract,API Contract,E10-02,R3,P8,Must,NOT STARTED,NOT STARTED,BASELINE RETAINED,No post-baseline story-level evidence change identified.,"As a API Product Owner, I need to define and version the Off-cycle & Final Settlement API contract, so that the payroll capability operates with controlled, reproducible and auditable outcomes.","Endpoints use explicit versioning, tenant context, authorization, validation, idempotency where applicable, stable error codes and correlation identifiers. Source-derived checks: POST /api/v1/payroll-correction-cases / GET /api/v1/payroll-correction-cases/{id} / POST /api/v1/payroll-correction-cases/{id}/assess-impact","The full original API/event contract is not evidenced. Current APIs/events cover only the implemented subset. Retro corrections, off-cycle runs, reversals, recoveries, advances, negative-net handling, final settlement, legal deadlines and settlement documents.",LEGAL/DOMAIN REVIEW REQUIRED,"E06,E07,E08,E09"
PLN-E10-028,E10,Off-cycle & Final Settlement,Publish reliable Off-cycle & Final Settlement domain events,Event Contract,E10-02,R3,P8,Must,NOT STARTED,NOT STARTED,BASELINE RETAINED,No post-baseline story-level evidence change identified.,"As a Integration Product Owner, I need to publish reliable Off-cycle & Final Settlement domain events, so that the payroll capability operates with controlled, reproducible and auditable outcomes.","Events are emitted only after committed state, include tenant/object/version/correlation identity, are schema-versioned and safe for at-least-once delivery. Source-derived checks: Affected historical period / Current/off-cycle payment / Statutory and accounting correction","The full original API/event contract is not evidenced. Current APIs/events cover only the implemented subset. Retro corrections, off-cycle runs, reversals, recoveries, advances, negative-net handling, final settlement, legal deadlines and settlement documents.",LEGAL/DOMAIN REVIEW REQUIRED,"E06,E07,E08,E09"
PLN-E10-029,E10,Off-cycle & Final Settlement,Enforce least-privilege authorization and segregation for Off-cycle & Final Settlement,Security / SoD,E10-03,R3,P8,Must,NOT STARTED,NOT STARTED,BASELINE RETAINED,No post-baseline story-level evidence change identified.,"As a Security Administrator, I need to enforce least-privilege authorization and segregation for Off-cycle & Final Settlement, so that the payroll capability operates with controlled, reproducible and auditable outcomes.","Roles, population scope, field scope and maker-checker conflicts are defined; privileged actions require elevated approval and are denied across tenants. Source-derived checks: The user who created an off-cycle input cannot provide final approval. / The user who approved a recovery should not confirm its full collection alone. / Payment reissue approvers should not modify payroll results.","Security/audit controls are evidenced only for the implemented subset; the complete epic's roles, maker-checker and audit requirements remain open. Retro corrections, off-cycle runs, reversals, recoveries, advances, negative-net handling, final settlement, legal deadlines and settlement documents.",LEGAL/DOMAIN REVIEW REQUIRED,"E06,E07,E08,E09"
PLN-E10-030,E10,Off-cycle & Final Settlement,Capture complete audit and lineage evidence for Off-cycle & Final Settlement,Audit / Lineage,E10-03,R3,P8,Must,NOT STARTED,NOT STARTED,BASELINE RETAINED,No post-baseline story-level evidence change identified.,"As a Internal Auditor, I need to capture complete audit and lineage evidence for Off-cycle & Final Settlement, so that the payroll capability operates with controlled, reproducible and auditable outcomes.","Material reads, writes, approvals, state changes, exports and integration attempts retain actor, timestamp, before/after, source, correlation and result evidence. Source-derived checks: Affected historical period / Current/off-cycle payment / Statutory and accounting correction","Security/audit controls are evidenced only for the implemented subset; the complete epic's roles, maker-checker and audit requirements remain open. Retro corrections, off-cycle runs, reversals, recoveries, advances, negative-net handling, final settlement, legal deadlines and settlement documents.",LEGAL/DOMAIN REVIEW REQUIRED,"E06,E07,E08,E09"
PLN-E10-031,E10,Off-cycle & Final Settlement,Build source-linked functional and edge-case tests for Off-cycle & Final Settlement,Automated Functional Tests,E10-04,R3,P8,Must,NOT STARTED,NOT STARTED,BASELINE RETAINED,No post-baseline story-level evidence change identified.,"As a Quality Engineer, I need to build source-linked functional and edge-case tests for Off-cycle & Final Settlement, so that the payroll capability operates with controlled, reproducible and auditable outcomes.","Automated tests trace to detailed stories, cover positive, negative, lifecycle and boundary conditions, and prove immutable-history and reconciliation rules. Source-derived checks: Iteration 7 must support at least: / Retro produces only employer contributions. / Emergency payment must be reconciled in regular payroll.","Automated tests exist only for the implemented subset; the complete original epic cannot be considered tested until its missing functionality exists. Retro corrections, off-cycle runs, reversals, recoveries, advances, negative-net handling, final settlement, legal deadlines and settlement documents.",LEGAL/DOMAIN REVIEW REQUIRED,"E06,E07,E08,E09"
PLN-E10-032,E10,Off-cycle & Final Settlement,"Build tenant-isolation, concurrency and integration tests for Off-cycle & Final Settlement",Automated Integration / Security Tests,E10-04,R3,P8,Must,NOT STARTED,NOT STARTED,BASELINE RETAINED,No post-baseline story-level evidence change identified.,"As a Quality and Security Engineer, I need to build tenant-isolation, concurrency and integration tests for Off-cycle & Final Settlement, so that the payroll capability operates with controlled, reproducible and auditable outcomes.","Tests exercise real persistence and authorization, cross-tenant denial, duplicate/retry handling, concurrent transitions, money/date precision and audit/outbox evidence. Source-derived checks: Every recalculated result references the result it supersedes. / Every difference references both comparison results. / One source version cannot generate multiple active retro triggers.","Automated tests exist only for the implemented subset; the complete original epic cannot be considered tested until its missing functionality exists. Retro corrections, off-cycle runs, reversals, recoveries, advances, negative-net handling, final settlement, legal deadlines and settlement documents.",LEGAL/DOMAIN REVIEW REQUIRED,"E06,E07,E08,E09"
PLN-E11-022,E11,Payments,Define and version the Payments API contract,API Contract,E11-02,R3,P9,Must,NOT STARTED,NOT STARTED,BASELINE RETAINED,No post-baseline story-level evidence change identified.,"As a API Product Owner, I need to define and version the Payments API contract, so that the payroll capability operates with controlled, reproducible and auditable outcomes.","Endpoints use explicit versioning, tenant context, authorization, validation, idempotency where applicable, stable error codes and correlation identifiers. Source-derived checks: POST /api/v1/payment-instructions/{id}/validate / POST /api/v1/payment-batches/{id}/validate / Idempotency keys for every create/submit/reissue action","The full original API/event contract is not evidenced. Current APIs/events cover only the implemented subset. Payment entitlement/instructions, employer bank and treasury profiles, routing, batches, maker-checker, files/APIs, submission, acknowledgements, returns, retries and bank reconciliation.",BANK/PAYMENT-NETWORK FORMAT AND RULE REVALIDATION REQUIRED,"E08,E10"
PLN-E11-023,E11,Payments,Publish reliable Payments domain events,Event Contract,E11-02,R3,P9,Must,NOT STARTED,NOT STARTED,BASELINE RETAINED,No post-baseline story-level evidence change identified.,"As a Integration Product Owner, I need to publish reliable Payments domain events, so that the payroll capability operates with controlled, reproducible and auditable outcomes.","Events are emitted only after committed state, include tenant/object/version/correlation identity, are schema-versioned and safe for at-least-once delivery. Source-derived checks: payment.entitlement-created / payment.instruction-created / payment.instruction-validated","The full original API/event contract is not evidenced. Current APIs/events cover only the implemented subset. Payment entitlement/instructions, employer bank and treasury profiles, routing, batches, maker-checker, files/APIs, submission, acknowledgements, returns, retries and bank reconciliation.",BANK/PAYMENT-NETWORK FORMAT AND RULE REVALIDATION REQUIRED,"E08,E10"
PLN-E11-024,E11,Payments,Enforce least-privilege authorization and segregation for Payments,Security / SoD,E11-03,R3,P9,Must,NOT STARTED,NOT STARTED,BASELINE RETAINED,No post-baseline story-level evidence change identified.,"As a Security Administrator, I need to enforce least-privilege authorization and segregation for Payments, so that the payroll capability operates with controlled, reproducible and auditable outcomes.","Roles, population scope, field scope and maker-checker conflicts are defined; privileged actions require elevated approval and are denied across tenants. Source-derived checks: Funding confirmation must reference the exact payment control total. / Cash forecast should include regular, off-cycle, final-settlement and statutory payments separately.","Security/audit controls are evidenced only for the implemented subset; the complete epic's roles, maker-checker and audit requirements remain open. Payment entitlement/instructions, employer bank and treasury profiles, routing, batches, maker-checker, files/APIs, submission, acknowledgements, returns, retries and bank reconciliation.",BANK/PAYMENT-NETWORK FORMAT AND RULE REVALIDATION REQUIRED,"E08,E10"
PLN-E11-025,E11,Payments,Capture complete audit and lineage evidence for Payments,Audit / Lineage,E11-03,R3,P9,Must,NOT STARTED,NOT STARTED,BASELINE RETAINED,No post-baseline story-level evidence change identified.,"As a Internal Auditor, I need to capture complete audit and lineage evidence for Payments, so that the payroll capability operates with controlled, reproducible and auditable outcomes.","Material reads, writes, approvals, state changes, exports and integration attempts retain actor, timestamp, before/after, source, correlation and result evidence. Source-derived checks: Approved payroll/payment source hash / Entitlement population and totals / Recipient bank-version references","Security/audit controls are evidenced only for the implemented subset; the complete epic's roles, maker-checker and audit requirements remain open. Payment entitlement/instructions, employer bank and treasury profiles, routing, batches, maker-checker, files/APIs, submission, acknowledgements, returns, retries and bank reconciliation.",BANK/PAYMENT-NETWORK FORMAT AND RULE REVALIDATION REQUIRED,"E08,E10"
PLN-E11-026,E11,Payments,Build source-linked functional and edge-case tests for Payments,Automated Functional Tests,E11-04,R3,P9,Must,NOT STARTED,NOT STARTED,BASELINE RETAINED,No post-baseline story-level evidence change identified.,"As a Quality Engineer, I need to build source-linked functional and edge-case tests for Payments, so that the payroll capability operates with controlled, reproducible and auditable outcomes.","Automated tests trace to detailed stories, cover positive, negative, lifecycle and boundary conditions, and prove immutable-history and reconciliation rules. Source-derived checks: 47. Bank outage affects one legal entity only. / 49. Executive payroll requires a separate secure channel. / 56. 100,000 employee instructions must be processed.","Automated tests exist only for the implemented subset; the complete original epic cannot be considered tested until its missing functionality exists. Payment entitlement/instructions, employer bank and treasury profiles, routing, batches, maker-checker, files/APIs, submission, acknowledgements, returns, retries and bank reconciliation.",BANK/PAYMENT-NETWORK FORMAT AND RULE REVALIDATION REQUIRED,"E08,E10"
PLN-E11-027,E11,Payments,"Build tenant-isolation, concurrency and integration tests for Payments",Automated Integration / Security Tests,E11-04,R3,P9,Must,NOT STARTED,NOT STARTED,BASELINE RETAINED,No post-baseline story-level evidence change identified.,"As a Quality and Security Engineer, I need to build tenant-isolation, concurrency and integration tests for Payments, so that the payroll capability operates with controlled, reproducible and auditable outcomes.","Tests exercise real persistence and authorization, cross-tenant denial, duplicate/retry handling, concurrent transitions, money/date precision and audit/outbox evidence. Source-derived checks: A payment instruction cannot exceed its unresolved entitlement amount. / A reissue must reference a rejected/returned/cancelled predecessor or approved investigation decision. / A batch control count and amount cannot change after approval.","Automated tests exist only for the implemented subset; the complete original epic cannot be considered tested until its missing functionality exists. Payment entitlement/instructions, employer bank and treasury profiles, routing, batches, maker-checker, files/APIs, submission, acknowledgements, returns, retries and bank reconciliation.",BANK/PAYMENT-NETWORK FORMAT AND RULE REVALIDATION REQUIRED,"E08,E10"
PLN-E12-023,E12,Accounting,Define and version the Accounting API contract,API Contract,E12-02,R3,P10,Must,NOT STARTED,NOT STARTED,BASELINE RETAINED,No post-baseline story-level evidence change identified.,"As a API Product Owner, I need to define and version the Accounting API contract, so that the payroll capability operates with controlled, reproducible and auditable outcomes.","Endpoints use explicit versioning, tenant context, authorization, validation, idempotency where applicable, stable error codes and correlation identifiers. Source-derived checks: POST /api/v1/payroll-accounting-configurations/{id}/validate / POST /api/v1/payroll-costing-runs/{id}/validate / Exact source and posting versions","The full original API/event contract is not evidenced. Current APIs/events cover only the implemented subset. Accounting events, costing, chart-of-account mapping, journals, accruals, reversals, ERP transfer, drill-back and reconciliation.",NO SPECIAL FLAG BEYOND NORMAL DESIGN REVIEW,"E06,E07,E10,E11"
PLN-E12-024,E12,Accounting,Publish reliable Accounting domain events,Event Contract,E12-02,R3,P10,Must,NOT STARTED,NOT STARTED,BASELINE RETAINED,No post-baseline story-level evidence change identified.,"As a Integration Product Owner, I need to publish reliable Accounting domain events, so that the payroll capability operates with controlled, reproducible and auditable outcomes.","Events are emitted only after committed state, include tenant/object/version/correlation identity, are schema-versioned and safe for at-least-once delivery. Source-derived checks: payroll.accounting-event-created / payroll.costing-completed / payroll.journal-validation-failed","The full original API/event contract is not evidenced. Current APIs/events cover only the implemented subset. Accounting events, costing, chart-of-account mapping, journals, accruals, reversals, ERP transfer, drill-back and reconciliation.",NO SPECIAL FLAG BEYOND NORMAL DESIGN REVIEW,"E06,E07,E10,E11"
PLN-E12-025,E12,Accounting,Enforce least-privilege authorization and segregation for Accounting,Security / SoD,E12-03,R3,P10,Must,NOT STARTED,NOT STARTED,BASELINE RETAINED,No post-baseline story-level evidence change identified.,"As a Security Administrator, I need to enforce least-privilege authorization and segregation for Accounting, so that the payroll capability operates with controlled, reproducible and auditable outcomes.","Roles, population scope, field scope and maker-checker conflicts are defined; privileged actions require elevated approval and are denied across tenants. Source-derived checks: Mapping creator cannot be sole production approver. / Posting preparer cannot be final posting authoriser. / ERP credentials must be stored in a secrets vault.","Security/audit controls are evidenced only for the implemented subset; the complete epic's roles, maker-checker and audit requirements remain open. Accounting events, costing, chart-of-account mapping, journals, accruals, reversals, ERP transfer, drill-back and reconciliation.",NO SPECIAL FLAG BEYOND NORMAL DESIGN REVIEW,"E06,E07,E10,E11"
PLN-E12-026,E12,Accounting,Capture complete audit and lineage evidence for Accounting,Audit / Lineage,E12-03,R3,P10,Must,NOT STARTED,NOT STARTED,BASELINE RETAINED,No post-baseline story-level evidence change identified.,"As a Internal Auditor, I need to capture complete audit and lineage evidence for Accounting, so that the payroll capability operates with controlled, reproducible and auditable outcomes.","Material reads, writes, approvals, state changes, exports and integration attempts retain actor, timestamp, before/after, source, correlation and result evidence. Source-derived checks: The accounting evidence pack should contain:","Security/audit controls are evidenced only for the implemented subset; the complete epic's roles, maker-checker and audit requirements remain open. Accounting events, costing, chart-of-account mapping, journals, accruals, reversals, ERP transfer, drill-back and reconciliation.",NO SPECIAL FLAG BEYOND NORMAL DESIGN REVIEW,"E06,E07,E10,E11"
PLN-E12-027,E12,Accounting,Build source-linked functional and edge-case tests for Accounting,Automated Functional Tests,E12-04,R3,P10,Must,NOT STARTED,NOT STARTED,BASELINE RETAINED,No post-baseline story-level evidence change identified.,"As a Quality Engineer, I need to build source-linked functional and edge-case tests for Accounting, so that the payroll capability operates with controlled, reproducible and auditable outcomes.","Automated tests trace to detailed stories, cover positive, negative, lifecycle and boundary conditions, and prove immutable-history and reconciliation rules. Source-derived checks: Reissued payment must not recreate salary expense. / Retro correction changes only cost centre, not payroll amount. / Executive payroll must use separate summarisation.","Automated tests exist only for the implemented subset; the complete original epic cannot be considered tested until its missing functionality exists. Accounting events, costing, chart-of-account mapping, journals, accruals, reversals, ERP transfer, drill-back and reconciliation.",NO SPECIAL FLAG BEYOND NORMAL DESIGN REVIEW,"E06,E07,E10,E11"
PLN-E12-028,E12,Accounting,"Build tenant-isolation, concurrency and integration tests for Accounting",Automated Integration / Security Tests,E12-04,R3,P10,Must,NOT STARTED,NOT STARTED,BASELINE RETAINED,No post-baseline story-level evidence change identified.,"As a Quality and Security Engineer, I need to build tenant-isolation, concurrency and integration tests for Accounting, so that the payroll capability operates with controlled, reproducible and auditable outcomes.","Tests exercise real persistence and authorization, cross-tenant denial, duplicate/retry handling, concurrent transitions, money/date precision and audit/outbox evidence. Source-derived checks: Validate account combinations and active dimensions. / Prevent overlapping approved rules. / Generate separate payment-clearing entries from payment results.","Automated tests exist only for the implemented subset; the complete original epic cannot be considered tested until its missing functionality exists. Accounting events, costing, chart-of-account mapping, journals, accruals, reversals, ERP transfer, drill-back and reconciliation.",NO SPECIAL FLAG BEYOND NORMAL DESIGN REVIEW,"E06,E07,E10,E11"
PLN-E13-022,E13,Payslips & ESS,Define and version the Payslips & ESS API contract,API Contract,E13-02,R3,P11,Should,PARTIALLY EVIDENCED,PARTIALLY IMPLEMENTED,BASELINE RETAINED,No post-baseline story-level evidence change identified.,"As a API Product Owner, I need to define and version the Payslips & ESS API contract, so that the payroll capability operates with controlled, reproducible and auditable outcomes.","Endpoints use explicit versioning, tenant context, authorization, validation, idempotency where applicable, stable error codes and correlation identifiers. Source-derived checks: Audit event for every download, print, unmask and export / POST /api/v1/payroll-documents/generation-requests / GET /api/v1/payroll-documents/{id}","The full original API/event contract is not evidenced. Current APIs/events cover only the implemented subset. Immutable published document snapshots, template lifecycle, authenticity, ESS, former-employee access, correction/replacement/revocation and certificates are not implemented.",NO SPECIAL FLAG BEYOND NORMAL DESIGN REVIEW,"E06,E08,E09,E10,E11"
PLN-E13-023,E13,Payslips & ESS,Publish reliable Payslips & ESS domain events,Event Contract,E13-02,R3,P11,Should,PARTIALLY EVIDENCED,PARTIALLY IMPLEMENTED,BASELINE RETAINED,No post-baseline story-level evidence change identified.,"As a Integration Product Owner, I need to publish reliable Payslips & ESS domain events, so that the payroll capability operates with controlled, reproducible and auditable outcomes.","Events are emitted only after committed state, include tenant/object/version/correlation identity, are schema-versioned and safe for at-least-once delivery. Source-derived checks: 55.1 Required lineage fields / payroll-document.source-ready / payroll-document.generation-requested","The full original API/event contract is not evidenced. Current APIs/events cover only the implemented subset. Immutable published document snapshots, template lifecycle, authenticity, ESS, former-employee access, correction/replacement/revocation and certificates are not implemented.",NO SPECIAL FLAG BEYOND NORMAL DESIGN REVIEW,"E06,E08,E09,E10,E11"
PLN-E13-024,E13,Payslips & ESS,Enforce least-privilege authorization and segregation for Payslips & ESS,Security / SoD,E13-03,R3,P11,Must,PARTIALLY EVIDENCED,PARTIALLY IMPLEMENTED,BASELINE RETAINED,No post-baseline story-level evidence change identified.,"As a Security Administrator, I need to enforce least-privilege authorization and segregation for Payslips & ESS, so that the payroll capability operates with controlled, reproducible and auditable outcomes.","Roles, population scope, field scope and maker-checker conflicts are defined; privileged actions require elevated approval and are denied across tenants. Source-derived checks: Template maker cannot be sole production approver. / A user generating a corrected document cannot be its only reviewer. / Report authors cannot self-approve broad executive or bulk-payroll access.","Security/audit controls are evidenced only for the implemented subset; the complete epic's roles, maker-checker and audit requirements remain open. Immutable published document snapshots, template lifecycle, authenticity, ESS, former-employee access, correction/replacement/revocation and certificates are not implemented.",NO SPECIAL FLAG BEYOND NORMAL DESIGN REVIEW,"E06,E08,E09,E10,E11"
PLN-E13-025,E13,Payslips & ESS,Capture complete audit and lineage evidence for Payslips & ESS,Audit / Lineage,E13-03,R3,P11,Must,PARTIALLY EVIDENCED,PARTIALLY IMPLEMENTED,BASELINE RETAINED,No post-baseline story-level evidence change identified.,"As a Internal Auditor, I need to capture complete audit and lineage evidence for Payslips & ESS, so that the payroll capability operates with controlled, reproducible and auditable outcomes.","Material reads, writes, approvals, state changes, exports and integration attempts retain actor, timestamp, before/after, source, correlation and result evidence. Source-derived checks: 55.1 Required lineage fields","Security/audit controls are evidenced only for the implemented subset; the complete epic's roles, maker-checker and audit requirements remain open. Immutable published document snapshots, template lifecycle, authenticity, ESS, former-employee access, correction/replacement/revocation and certificates are not implemented.",NO SPECIAL FLAG BEYOND NORMAL DESIGN REVIEW,"E06,E08,E09,E10,E11"
PLN-E13-026,E13,Payslips & ESS,Build source-linked functional and edge-case tests for Payslips & ESS,Automated Functional Tests,E13-04,R3,P11,Must,PARTIALLY EVIDENCED,PARTIALLY IMPLEMENTED,BASELINE RETAINED,No post-baseline story-level evidence change identified.,"As a Quality Engineer, I need to build source-linked functional and edge-case tests for Payslips & ESS, so that the payroll capability operates with controlled, reproducible and auditable outcomes.","Automated tests trace to detailed stories, cover positive, negative, lifecycle and boundary conditions, and prove immutable-history and reconciliation rules. Source-derived checks: 4. Payslip generation fails for one employee only. / 11. Employee has only a reimbursement. / 12. Employee has only a taxable non-cash perquisite.","Automated tests exist only for the implemented subset; the complete original epic cannot be considered tested until its missing functionality exists. Immutable published document snapshots, template lifecycle, authenticity, ESS, former-employee access, correction/replacement/revocation and certificates are not implemented.",NO SPECIAL FLAG BEYOND NORMAL DESIGN REVIEW,"E06,E08,E09,E10,E11"
PLN-E13-027,E13,Payslips & ESS,"Build tenant-isolation, concurrency and integration tests for Payslips & ESS",Automated Integration / Security Tests,E13-04,R3,P11,Must,PARTIALLY EVIDENCED,PARTIALLY IMPLEMENTED,BASELINE RETAINED,No post-baseline story-level evidence change identified.,"As a Quality and Security Engineer, I need to build tenant-isolation, concurrency and integration tests for Payslips & ESS, so that the payroll capability operates with controlled, reproducible and auditable outcomes.","Tests exercise real persistence and authorization, cross-tenant denial, duplicate/retry handling, concurrent transitions, money/date precision and audit/outbox evidence. Source-derived checks: UUID primary keys and tenant_id on every payroll document/report/communication table / Append-only document, publication, delivery and access event tables / Separate archive storage class and deletion manifest","Automated tests exist only for the implemented subset; the complete original epic cannot be considered tested until its missing functionality exists. Immutable published document snapshots, template lifecycle, authenticity, ESS, former-employee access, correction/replacement/revocation and certificates are not implemented.",NO SPECIAL FLAG BEYOND NORMAL DESIGN REVIEW,"E06,E08,E09,E10,E11"
PLN-E14-016,E14,Reporting & Communications,Define and version the Reporting & Communications API contract,API Contract,E14-02,R3,P11,Should,NOT STARTED,NOT STARTED,BASELINE RETAINED,No post-baseline story-level evidence change identified.,"As a API Product Owner, I need to define and version the Reporting & Communications API contract, so that the payroll capability operates with controlled, reproducible and auditable outcomes.","Endpoints use explicit versioning, tenant context, authorization, validation, idempotency where applicable, stable error codes and correlation identifiers. Source-derived checks: Audit event for every download, print, unmask and export / POST /api/v1/payroll-documents/generation-requests / GET /api/v1/payroll-documents/{id}","The full original API/event contract is not evidenced. Current APIs/events cover only the implemented subset. Reconciled operational/statutory/management reports, analytics, secure distribution, employee communications, delivery evidence and report governance.",NO SPECIAL FLAG BEYOND NORMAL DESIGN REVIEW,E01-E13
PLN-E14-017,E14,Reporting & Communications,Publish reliable Reporting & Communications domain events,Event Contract,E14-02,R3,P11,Should,NOT STARTED,NOT STARTED,BASELINE RETAINED,No post-baseline story-level evidence change identified.,"As a Integration Product Owner, I need to publish reliable Reporting & Communications domain events, so that the payroll capability operates with controlled, reproducible and auditable outcomes.","Events are emitted only after committed state, include tenant/object/version/correlation identity, are schema-versioned and safe for at-least-once delivery. Source-derived checks: 55.1 Required lineage fields / payroll-document.source-ready / payroll-document.generation-requested","The full original API/event contract is not evidenced. Current APIs/events cover only the implemented subset. Reconciled operational/statutory/management reports, analytics, secure distribution, employee communications, delivery evidence and report governance.",NO SPECIAL FLAG BEYOND NORMAL DESIGN REVIEW,E01-E13
PLN-E14-018,E14,Reporting & Communications,Enforce least-privilege authorization and segregation for Reporting & Communications,Security / SoD,E14-03,R3,P11,Must,NOT STARTED,NOT STARTED,BASELINE RETAINED,No post-baseline story-level evidence change identified.,"As a Security Administrator, I need to enforce least-privilege authorization and segregation for Reporting & Communications, so that the payroll capability operates with controlled, reproducible and auditable outcomes.","Roles, population scope, field scope and maker-checker conflicts are defined; privileged actions require elevated approval and are denied across tenants. Source-derived checks: Template maker cannot be sole production approver. / A user generating a corrected document cannot be its only reviewer. / Report authors cannot self-approve broad executive or bulk-payroll access.","Security/audit controls are evidenced only for the implemented subset; the complete epic's roles, maker-checker and audit requirements remain open. Reconciled operational/statutory/management reports, analytics, secure distribution, employee communications, delivery evidence and report governance.",NO SPECIAL FLAG BEYOND NORMAL DESIGN REVIEW,E01-E13
PLN-E14-019,E14,Reporting & Communications,Capture complete audit and lineage evidence for Reporting & Communications,Audit / Lineage,E14-03,R3,P11,Must,NOT STARTED,NOT STARTED,BASELINE RETAINED,No post-baseline story-level evidence change identified.,"As a Internal Auditor, I need to capture complete audit and lineage evidence for Reporting & Communications, so that the payroll capability operates with controlled, reproducible and auditable outcomes.","Material reads, writes, approvals, state changes, exports and integration attempts retain actor, timestamp, before/after, source, correlation and result evidence. Source-derived checks: 55.1 Required lineage fields","Security/audit controls are evidenced only for the implemented subset; the complete epic's roles, maker-checker and audit requirements remain open. Reconciled operational/statutory/management reports, analytics, secure distribution, employee communications, delivery evidence and report governance.",NO SPECIAL FLAG BEYOND NORMAL DESIGN REVIEW,E01-E13
PLN-E14-020,E14,Reporting & Communications,Build source-linked functional and edge-case tests for Reporting & Communications,Automated Functional Tests,E14-04,R3,P11,Must,NOT STARTED,NOT STARTED,BASELINE RETAINED,No post-baseline story-level evidence change identified.,"As a Quality Engineer, I need to build source-linked functional and edge-case tests for Reporting & Communications, so that the payroll capability operates with controlled, reproducible and auditable outcomes.","Automated tests trace to detailed stories, cover positive, negative, lifecycle and boundary conditions, and prove immutable-history and reconciliation rules. Source-derived checks: 4. Payslip generation fails for one employee only. / 11. Employee has only a reimbursement. / 12. Employee has only a taxable non-cash perquisite.","Automated tests exist only for the implemented subset; the complete original epic cannot be considered tested until its missing functionality exists. Reconciled operational/statutory/management reports, analytics, secure distribution, employee communications, delivery evidence and report governance.",NO SPECIAL FLAG BEYOND NORMAL DESIGN REVIEW,E01-E13
PLN-E14-021,E14,Reporting & Communications,"Build tenant-isolation, concurrency and integration tests for Reporting & Communications",Automated Integration / Security Tests,E14-04,R3,P11,Must,NOT STARTED,NOT STARTED,BASELINE RETAINED,No post-baseline story-level evidence change identified.,"As a Quality and Security Engineer, I need to build tenant-isolation, concurrency and integration tests for Reporting & Communications, so that the payroll capability operates with controlled, reproducible and auditable outcomes.","Tests exercise real persistence and authorization, cross-tenant denial, duplicate/retry handling, concurrent transitions, money/date precision and audit/outbox evidence. Source-derived checks: UUID primary keys and tenant_id on every payroll document/report/communication table / Append-only document, publication, delivery and access event tables / Separate archive storage class and deletion manifest","Automated tests exist only for the implemented subset; the complete original epic cannot be considered tested until its missing functionality exists. Reconciled operational/statutory/management reports, analytics, secure distribution, employee communications, delivery evidence and report governance.",NO SPECIAL FLAG BEYOND NORMAL DESIGN REVIEW,E01-E13
PLN-E15-039,E15,Audit & Security,Define and version the Audit & Security API contract,API Contract,E15-02,R1-R4,P12,Must,PARTIALLY EVIDENCED,PARTIALLY IMPLEMENTED,BASELINE RETAINED,No post-baseline story-level evidence change identified.,"As a API Product Owner, I need to define and version the Audit & Security API contract, so that the payroll capability operates with controlled, reproducible and auditable outcomes.","Endpoints use explicit versioning, tenant context, authorization, validation, idempotency where applicable, stable error codes and correlation identifiers. Source-derived checks: Strong authentication and explicit resource/action scopes. / POST /api/v1/payroll-controls / POST /api/v1/payroll-controls/{id}/versions","The full original API/event contract is not evidenced. Current APIs/events cover only the implemented subset. Formal SoD catalog and conflict engine, JML/access reviews, privileged/break-glass access, encryption/key lifecycle, retention/legal hold, incident controls, control testing, governance administration and full BCP operations are incomplete.",NO SPECIAL FLAG BEYOND NORMAL DESIGN REVIEW,CROSS-CUTTING
PLN-E15-040,E15,Audit & Security,Publish reliable Audit & Security domain events,Event Contract,E15-02,R1-R4,P12,Must,PARTIALLY EVIDENCED,PARTIALLY IMPLEMENTED,BASELINE RETAINED,No post-baseline story-level evidence change identified.,"As a Integration Product Owner, I need to publish reliable Audit & Security domain events, so that the payroll capability operates with controlled, reproducible and auditable outcomes.","Events are emitted only after committed state, include tenant/object/version/correlation identity, are schema-versioned and safe for at-least-once delivery. Source-derived checks: payroll-deficiency-created / payroll-remediation-overdue / payroll-sod-conflict-detected","The full original API/event contract is not evidenced. Current APIs/events cover only the implemented subset. Formal SoD catalog and conflict engine, JML/access reviews, privileged/break-glass access, encryption/key lifecycle, retention/legal hold, incident controls, control testing, governance administration and full BCP operations are incomplete.",NO SPECIAL FLAG BEYOND NORMAL DESIGN REVIEW,CROSS-CUTTING
PLN-E15-041,E15,Audit & Security,Enforce least-privilege authorization and segregation for Audit & Security,Security / SoD,E15-03,R1-R4,P12,Must,PARTIALLY EVIDENCED,PARTIALLY IMPLEMENTED,BASELINE RETAINED,No post-baseline story-level evidence change identified.,"As a Security Administrator, I need to enforce least-privilege authorization and segregation for Audit & Security, so that the payroll capability operates with controlled, reproducible and auditable outcomes.","Roles, population scope, field scope and maker-checker conflicts are defined; privileged actions require elevated approval and are denied across tenants. Source-derived checks: Identity Provider and Policy Decision / API Gateway / Web Application Firewall / Encrypted Databases and Object Storage","Security/audit controls are evidenced only for the implemented subset; the complete epic's roles, maker-checker and audit requirements remain open. Formal SoD catalog and conflict engine, JML/access reviews, privileged/break-glass access, encryption/key lifecycle, retention/legal hold, incident controls, control testing, governance administration and full BCP operations are incomplete.",NO SPECIAL FLAG BEYOND NORMAL DESIGN REVIEW,CROSS-CUTTING
PLN-E15-042,E15,Audit & Security,Capture complete audit and lineage evidence for Audit & Security,Audit / Lineage,E15-03,R1-R4,P12,Must,PARTIALLY EVIDENCED,PARTIALLY IMPLEMENTED,BASELINE RETAINED,No post-baseline story-level evidence change identified.,"As a Internal Auditor, I need to capture complete audit and lineage evidence for Audit & Security, so that the payroll capability operates with controlled, reproducible and auditable outcomes.","Material reads, writes, approvals, state changes, exports and integration attempts retain actor, timestamp, before/after, source, correlation and result evidence. Source-derived checks: Append-only after acceptance. / Lineage must be queryable in both directions: from source to every downstream use, and from a payslip, payment or journal back to the original source and approvals. / Application administrators cannot update accepted audit records.","Security/audit controls are evidenced only for the implemented subset; the complete epic's roles, maker-checker and audit requirements remain open. Formal SoD catalog and conflict engine, JML/access reviews, privileged/break-glass access, encryption/key lifecycle, retention/legal hold, incident controls, control testing, governance administration and full BCP operations are incomplete.",NO SPECIAL FLAG BEYOND NORMAL DESIGN REVIEW,CROSS-CUTTING
PLN-E15-043,E15,Audit & Security,Build source-linked functional and edge-case tests for Audit & Security,Automated Functional Tests,E15-04,R1-R4,P12,Must,PARTIALLY EVIDENCED,PARTIALLY IMPLEMENTED,BASELINE RETAINED,No post-baseline story-level evidence change identified.,"As a Quality Engineer, I need to build source-linked functional and edge-case tests for Audit & Security, so that the payroll capability operates with controlled, reproducible and auditable outcomes.","Automated tests trace to detailed stories, cover positive, negative, lifecycle and boundary conditions, and prove immutable-history and reconciliation rules. Source-derived checks: 5. Support user obtains database access during an incident. / 32. Employee asks for deletion of records required for payroll retention. / 44. Employee notification is required while facts are still evolving.","Automated tests exist only for the implemented subset; the complete original epic cannot be considered tested until its missing functionality exists. Formal SoD catalog and conflict engine, JML/access reviews, privileged/break-glass access, encryption/key lifecycle, retention/legal hold, incident controls, control testing, governance administration and full BCP operations are incomplete.",NO SPECIAL FLAG BEYOND NORMAL DESIGN REVIEW,CROSS-CUTTING
PLN-E15-044,E15,Audit & Security,"Build tenant-isolation, concurrency and integration tests for Audit & Security",Automated Integration / Security Tests,E15-04,R1-R4,P12,Must,PARTIALLY EVIDENCED,PARTIALLY IMPLEMENTED,BASELINE RETAINED,No post-baseline story-level evidence change identified.,"As a Quality and Security Engineer, I need to build tenant-isolation, concurrency and integration tests for Audit & Security, so that the payroll capability operates with controlled, reproducible and auditable outcomes.","Tests exercise real persistence and authorization, cross-tenant denial, duplicate/retry handling, concurrent transitions, money/date precision and audit/outbox evidence. Source-derived checks: Prevent normal users and administrators from altering accepted audit events. / Retain business audit evidence separately from shorter technical logs. / Prevent disposal under legal hold or unresolved correction.","Automated tests exist only for the implemented subset; the complete original epic cannot be considered tested until its missing functionality exists. Formal SoD catalog and conflict engine, JML/access reviews, privileged/break-glass access, encryption/key lifecycle, retention/legal hold, incident controls, control testing, governance administration and full BCP operations are incomplete.",NO SPECIAL FLAG BEYOND NORMAL DESIGN REVIEW,CROSS-CUTTING
PLN-E16-022,E16,Migration & Parallel,Define and version the Migration & Parallel API contract,API Contract,E16-02,R4,P13,Must,NOT STARTED,NOT STARTED,BASELINE RETAINED,No post-baseline story-level evidence change identified.,"As a API Product Owner, I need to define and version the Migration & Parallel API contract, so that the payroll capability operates with controlled, reproducible and auditable outcomes.","Endpoints use explicit versioning, tenant context, authorization, validation, idempotency where applicable, stable error codes and correlation identifiers. Source-derived checks: POST /api/v1/migration-cycles/{id}/validate / Idempotency keys for migration loads, test execution and cutover actions / Exact source, target, build, configuration and rule-pack versions","The full original API/event contract is not evidenced. Current APIs/events cover only the implemented subset. Data inventory, profiling, source-to-target mapping, cleansing, migration zones, crosswalks, opening balances, mock conversions, parallel payroll and sign-off.",NO SPECIAL FLAG BEYOND NORMAL DESIGN REVIEW,"E01-E15,E18"
PLN-E16-023,E16,Migration & Parallel,Publish reliable Migration & Parallel domain events,Event Contract,E16-02,R4,P13,Must,NOT STARTED,NOT STARTED,BASELINE RETAINED,No post-baseline story-level evidence change identified.,"As a Integration Product Owner, I need to publish reliable Migration & Parallel domain events, so that the payroll capability operates with controlled, reproducible and auditable outcomes.","Events are emitted only after committed state, include tenant/object/version/correlation identity, are schema-versioned and safe for at-least-once delivery. Source-derived checks: implementation.programme-created / implementation.stage-gate-passed / implementation.stage-gate-failed","The full original API/event contract is not evidenced. Current APIs/events cover only the implemented subset. Data inventory, profiling, source-to-target mapping, cleansing, migration zones, crosswalks, opening balances, mock conversions, parallel payroll and sign-off.",NO SPECIAL FLAG BEYOND NORMAL DESIGN REVIEW,"E01-E15,E18"
PLN-E16-024,E16,Migration & Parallel,Enforce least-privilege authorization and segregation for Migration & Parallel,Security / SoD,E16-03,R4,P13,Must,NOT STARTED,NOT STARTED,BASELINE RETAINED,No post-baseline story-level evidence change identified.,"As a Security Administrator, I need to enforce least-privilege authorization and segregation for Migration & Parallel, so that the payroll capability operates with controlled, reproducible and auditable outcomes.","Roles, population scope, field scope and maker-checker conflicts are defined; privileged actions require elevated approval and are denied across tenants.","Security/audit controls are evidenced only for the implemented subset; the complete epic's roles, maker-checker and audit requirements remain open. Data inventory, profiling, source-to-target mapping, cleansing, migration zones, crosswalks, opening balances, mock conversions, parallel payroll and sign-off.",NO SPECIAL FLAG BEYOND NORMAL DESIGN REVIEW,"E01-E15,E18"
PLN-E16-025,E16,Migration & Parallel,Capture complete audit and lineage evidence for Migration & Parallel,Audit / Lineage,E16-03,R4,P13,Must,NOT STARTED,NOT STARTED,BASELINE RETAINED,No post-baseline story-level evidence change identified.,"As a Internal Auditor, I need to capture complete audit and lineage evidence for Migration & Parallel, so that the payroll capability operates with controlled, reproducible and auditable outcomes.","Material reads, writes, approvals, state changes, exports and integration attempts retain actor, timestamp, before/after, source, correlation and result evidence. Source-derived checks: Every production capability must be traceable from business requirement to design, build, test, migration, control, training and acceptance evidence.","Security/audit controls are evidenced only for the implemented subset; the complete epic's roles, maker-checker and audit requirements remain open. Data inventory, profiling, source-to-target mapping, cleansing, migration zones, crosswalks, opening balances, mock conversions, parallel payroll and sign-off.",NO SPECIAL FLAG BEYOND NORMAL DESIGN REVIEW,"E01-E15,E18"
PLN-E16-026,E16,Migration & Parallel,Build source-linked functional and edge-case tests for Migration & Parallel,Automated Functional Tests,E16-04,R4,P13,Must,NOT STARTED,NOT STARTED,BASELINE RETAINED,No post-baseline story-level evidence change identified.,"As a Quality Engineer, I need to build source-linked functional and edge-case tests for Migration & Parallel, so that the payroll capability operates with controlled, reproducible and auditable outcomes.","Automated tests trace to detailed stories, cover positive, negative, lifecycle and boundary conditions, and prove immutable-history and reconciliation rules. Source-derived checks: 3. Employee has concurrent employments and only one is in the migration wave. / 33. Off-cycle payroll is required during cutover weekend. / 39. Legacy statutory return must be corrected after decommission.","Automated tests exist only for the implemented subset; the complete original epic cannot be considered tested until its missing functionality exists. Data inventory, profiling, source-to-target mapping, cleansing, migration zones, crosswalks, opening balances, mock conversions, parallel payroll and sign-off.",NO SPECIAL FLAG BEYOND NORMAL DESIGN REVIEW,"E01-E15,E18"
PLN-E16-027,E16,Migration & Parallel,"Build tenant-isolation, concurrency and integration tests for Migration & Parallel",Automated Integration / Security Tests,E16-04,R4,P13,Must,NOT STARTED,NOT STARTED,BASELINE RETAINED,No post-baseline story-level evidence change identified.,"As a Quality and Security Engineer, I need to build tenant-isolation, concurrency and integration tests for Migration & Parallel, so that the payroll capability operates with controlled, reproducible and auditable outcomes.","Tests exercise real persistence and authorization, cross-tenant denial, duplicate/retry handling, concurrent transitions, money/date precision and audit/outbox evidence. Source-derived checks: Every target migrated record retains source snapshot, source key and migration execution reference. / Opening-balance loads cannot generate employee payment. / A source record cannot be loaded twice into the same target scope without an explicit supersession relationship.","Automated tests exist only for the implemented subset; the complete original epic cannot be considered tested until its missing functionality exists. Data inventory, profiling, source-to-target mapping, cleansing, migration zones, crosswalks, opening balances, mock conversions, parallel payroll and sign-off.",NO SPECIAL FLAG BEYOND NORMAL DESIGN REVIEW,"E01-E15,E18"
PLN-E17-019,E17,Cutover & Hypercare,Define and version the Cutover & Hypercare API contract,API Contract,E17-02,R4,P14,Must,NOT STARTED,NOT STARTED,BASELINE RETAINED,No post-baseline story-level evidence change identified.,"As a API Product Owner, I need to define and version the Cutover & Hypercare API contract, so that the payroll capability operates with controlled, reproducible and auditable outcomes.","Endpoints use explicit versioning, tenant context, authorization, validation, idempotency where applicable, stable error codes and correlation identifiers. Source-derived checks: POST /api/v1/migration-cycles/{id}/validate / Idempotency keys for migration loads, test execution and cutover actions / Exact source, target, build, configuration and rule-pack versions","The full original API/event contract is not evidenced. Current APIs/events cover only the implemented subset. Cutover rehearsals, go/no-go, rollback, first production payroll, command centre, hypercare exit, BAU handover and legacy retirement.",NO SPECIAL FLAG BEYOND NORMAL DESIGN REVIEW,E16
PLN-E17-020,E17,Cutover & Hypercare,Publish reliable Cutover & Hypercare domain events,Event Contract,E17-02,R4,P14,Must,NOT STARTED,NOT STARTED,BASELINE RETAINED,No post-baseline story-level evidence change identified.,"As a Integration Product Owner, I need to publish reliable Cutover & Hypercare domain events, so that the payroll capability operates with controlled, reproducible and auditable outcomes.","Events are emitted only after committed state, include tenant/object/version/correlation identity, are schema-versioned and safe for at-least-once delivery. Source-derived checks: implementation.programme-created / implementation.stage-gate-passed / implementation.stage-gate-failed","The full original API/event contract is not evidenced. Current APIs/events cover only the implemented subset. Cutover rehearsals, go/no-go, rollback, first production payroll, command centre, hypercare exit, BAU handover and legacy retirement.",NO SPECIAL FLAG BEYOND NORMAL DESIGN REVIEW,E16
PLN-E17-021,E17,Cutover & Hypercare,Enforce least-privilege authorization and segregation for Cutover & Hypercare,Security / SoD,E17-03,R4,P14,Must,NOT STARTED,NOT STARTED,BASELINE RETAINED,No post-baseline story-level evidence change identified.,"As a Security Administrator, I need to enforce least-privilege authorization and segregation for Cutover & Hypercare, so that the payroll capability operates with controlled, reproducible and auditable outcomes.","Roles, population scope, field scope and maker-checker conflicts are defined; privileged actions require elevated approval and are denied across tenants.","Security/audit controls are evidenced only for the implemented subset; the complete epic's roles, maker-checker and audit requirements remain open. Cutover rehearsals, go/no-go, rollback, first production payroll, command centre, hypercare exit, BAU handover and legacy retirement.",NO SPECIAL FLAG BEYOND NORMAL DESIGN REVIEW,E16
PLN-E17-022,E17,Cutover & Hypercare,Capture complete audit and lineage evidence for Cutover & Hypercare,Audit / Lineage,E17-03,R4,P14,Must,NOT STARTED,NOT STARTED,BASELINE RETAINED,No post-baseline story-level evidence change identified.,"As a Internal Auditor, I need to capture complete audit and lineage evidence for Cutover & Hypercare, so that the payroll capability operates with controlled, reproducible and auditable outcomes.","Material reads, writes, approvals, state changes, exports and integration attempts retain actor, timestamp, before/after, source, correlation and result evidence. Source-derived checks: Every production capability must be traceable from business requirement to design, build, test, migration, control, training and acceptance evidence.","Security/audit controls are evidenced only for the implemented subset; the complete epic's roles, maker-checker and audit requirements remain open. Cutover rehearsals, go/no-go, rollback, first production payroll, command centre, hypercare exit, BAU handover and legacy retirement.",NO SPECIAL FLAG BEYOND NORMAL DESIGN REVIEW,E16
PLN-E17-023,E17,Cutover & Hypercare,Build source-linked functional and edge-case tests for Cutover & Hypercare,Automated Functional Tests,E17-04,R4,P14,Must,NOT STARTED,NOT STARTED,BASELINE RETAINED,No post-baseline story-level evidence change identified.,"As a Quality Engineer, I need to build source-linked functional and edge-case tests for Cutover & Hypercare, so that the payroll capability operates with controlled, reproducible and auditable outcomes.","Automated tests trace to detailed stories, cover positive, negative, lifecycle and boundary conditions, and prove immutable-history and reconciliation rules. Source-derived checks: 3. Employee has concurrent employments and only one is in the migration wave. / 33. Off-cycle payroll is required during cutover weekend. / 39. Legacy statutory return must be corrected after decommission.","Automated tests exist only for the implemented subset; the complete original epic cannot be considered tested until its missing functionality exists. Cutover rehearsals, go/no-go, rollback, first production payroll, command centre, hypercare exit, BAU handover and legacy retirement.",NO SPECIAL FLAG BEYOND NORMAL DESIGN REVIEW,E16
PLN-E17-024,E17,Cutover & Hypercare,"Build tenant-isolation, concurrency and integration tests for Cutover & Hypercare",Automated Integration / Security Tests,E17-04,R4,P14,Must,NOT STARTED,NOT STARTED,BASELINE RETAINED,No post-baseline story-level evidence change identified.,"As a Quality and Security Engineer, I need to build tenant-isolation, concurrency and integration tests for Cutover & Hypercare, so that the payroll capability operates with controlled, reproducible and auditable outcomes.","Tests exercise real persistence and authorization, cross-tenant denial, duplicate/retry handling, concurrent transitions, money/date precision and audit/outbox evidence. Source-derived checks: Every target migrated record retains source snapshot, source key and migration execution reference. / Opening-balance loads cannot generate employee payment. / A source record cannot be loaded twice into the same target scope without an explicit supersession relationship.","Automated tests exist only for the implemented subset; the complete original epic cannot be considered tested until its missing functionality exists. Cutover rehearsals, go/no-go, rollback, first production payroll, command centre, hypercare exit, BAU handover and legacy retirement.",NO SPECIAL FLAG BEYOND NORMAL DESIGN REVIEW,E16
PLN-E18-017,E18,Performance & Resilience,Define and version the Performance & Resilience API contract,API Contract,E18-02,R2-R4,P12,Must,PARTIALLY EVIDENCED,PARTIALLY IMPLEMENTED,BASELINE RETAINED,No post-baseline story-level evidence change identified.,"As a API Product Owner, I need to define and version the Performance & Resilience API contract, so that the payroll capability operates with controlled, reproducible and auditable outcomes.","Endpoints use explicit versioning, tenant context, authorization, validation, idempotency where applicable, stable error codes and correlation identifiers. Source-derived checks: Idempotency key for all calculation starts. / Tenant, PSU and pay-group context. / Version and snapshot references.","The full original API/event contract is not evidenced. Current APIs/events cover only the implemented subset. 100k+ employee performance evidence, partitioned/resumable workers, capacity model, production observability/SLOs, DR RTO/RPO, failover and resilience exercises.",NO SPECIAL FLAG BEYOND NORMAL DESIGN REVIEW,CROSS-CUTTING
PLN-E18-018,E18,Performance & Resilience,Publish reliable Performance & Resilience domain events,Event Contract,E18-02,R2-R4,P12,Must,PARTIALLY EVIDENCED,PARTIALLY IMPLEMENTED,BASELINE RETAINED,No post-baseline story-level evidence change identified.,"As a Integration Product Owner, I need to publish reliable Performance & Resilience domain events, so that the payroll capability operates with controlled, reproducible and auditable outcomes.","Events are emitted only after committed state, include tenant/object/version/correlation identity, are schema-versioned and safe for at-least-once delivery. Source-derived checks: Every event must include: / payroll-input-window.opened / payroll-input-batch.received","The full original API/event contract is not evidenced. Current APIs/events cover only the implemented subset. 100k+ employee performance evidence, partitioned/resumable workers, capacity model, production observability/SLOs, DR RTO/RPO, failover and resilience exercises.",NO SPECIAL FLAG BEYOND NORMAL DESIGN REVIEW,CROSS-CUTTING
PLN-E18-019,E18,Performance & Resilience,Enforce least-privilege authorization and segregation for Performance & Resilience,Security / SoD,E18-03,R2-R4,P12,Must,PARTIALLY EVIDENCED,PARTIALLY IMPLEMENTED,BASELINE RETAINED,No post-baseline story-level evidence change identified.,"As a Security Administrator, I need to enforce least-privilege authorization and segregation for Performance & Resilience, so that the payroll capability operates with controlled, reproducible and auditable outcomes.","Roles, population scope, field scope and maker-checker conflicts are defined; privileged actions require elevated approval and are denied across tenants. Source-derived checks: Identity Provider and Policy Decision / API Gateway / Web Application Firewall / Encrypted Databases and Object Storage","Security/audit controls are evidenced only for the implemented subset; the complete epic's roles, maker-checker and audit requirements remain open. 100k+ employee performance evidence, partitioned/resumable workers, capacity model, production observability/SLOs, DR RTO/RPO, failover and resilience exercises.",NO SPECIAL FLAG BEYOND NORMAL DESIGN REVIEW,CROSS-CUTTING
PLN-E18-020,E18,Performance & Resilience,Capture complete audit and lineage evidence for Performance & Resilience,Audit / Lineage,E18-03,R2-R4,P12,Must,PARTIALLY EVIDENCED,PARTIALLY IMPLEMENTED,BASELINE RETAINED,No post-baseline story-level evidence change identified.,"As a Internal Auditor, I need to capture complete audit and lineage evidence for Performance & Resilience, so that the payroll capability operates with controlled, reproducible and auditable outcomes.","Material reads, writes, approvals, state changes, exports and integration attempts retain actor, timestamp, before/after, source, correlation and result evidence. Source-derived checks: Append-only after acceptance. / At cycle completion, the system should create an evidence pack containing: / Lineage must be queryable in both directions: from source to every downstream use, and from a payslip, payment or journal back to the original source and approvals.","Security/audit controls are evidenced only for the implemented subset; the complete epic's roles, maker-checker and audit requirements remain open. 100k+ employee performance evidence, partitioned/resumable workers, capacity model, production observability/SLOs, DR RTO/RPO, failover and resilience exercises.",NO SPECIAL FLAG BEYOND NORMAL DESIGN REVIEW,CROSS-CUTTING
PLN-E18-021,E18,Performance & Resilience,Build source-linked functional and edge-case tests for Performance & Resilience,Automated Functional Tests,E18-04,R2-R4,P12,Must,PARTIALLY EVIDENCED,PARTIALLY IMPLEMENTED,BASELINE RETAINED,No post-baseline story-level evidence change identified.,"As a Quality Engineer, I need to build source-linked functional and edge-case tests for Performance & Resilience, so that the payroll capability operates with controlled, reproducible and auditable outcomes.","Automated tests trace to detailed stories, cover positive, negative, lifecycle and boundary conditions, and prove immutable-history and reconciliation rules. Source-derived checks: Iteration 4 must support at least: / Employee receives only a reimbursement. / Employee receives only a bonus.","Automated tests exist only for the implemented subset; the complete original epic cannot be considered tested until its missing functionality exists. 100k+ employee performance evidence, partitioned/resumable workers, capacity model, production observability/SLOs, DR RTO/RPO, failover and resilience exercises.",NO SPECIAL FLAG BEYOND NORMAL DESIGN REVIEW,CROSS-CUTTING
PLN-E18-022,E18,Performance & Resilience,"Build tenant-isolation, concurrency and integration tests for Performance & Resilience",Automated Integration / Security Tests,E18-04,R2-R4,P12,Must,PARTIALLY EVIDENCED,PARTIALLY IMPLEMENTED,BASELINE RETAINED,No post-baseline story-level evidence change identified.,"As a Quality and Security Engineer, I need to build tenant-isolation, concurrency and integration tests for Performance & Resilience, so that the payroll capability operates with controlled, reproducible and auditable outcomes.","Tests exercise real persistence and authorization, cross-tenant denial, duplicate/retry handling, concurrent transitions, money/date precision and audit/outbox evidence. Source-derived checks: Reversal total must reference and offset an original result. / Component result currency must be compatible with its parent result. / Every component result must reference an approved component version.","Automated tests exist only for the implemented subset; the complete original epic cannot be considered tested until its missing functionality exists. 100k+ employee performance evidence, partitioned/resumable workers, capacity model, production observability/SLOs, DR RTO/RPO, failover and resilience exercises.",NO SPECIAL FLAG BEYOND NORMAL DESIGN REVIEW,CROSS-CUTTING
