Detailed Story ID,Epic,Capability,Story Type,Reconciled Evidence Status,UI Applicability,Required UI Surface,UI Delivery Status,Browser E2E Status,UI Evidence / Closure Note
PLN-E01-001,E01,Foundation,Business / Workflow,IMPLEMENTED,REQUIRED_PRODUCT_UI,React product workflow / workbench,COMPLETE,COMPLETE,src/features/organisation/SetupPage.tsx
PLN-E01-002,E01,Foundation,Business / Workflow,IMPLEMENTED,REQUIRED_PRODUCT_UI,React product workflow / workbench,COMPLETE,COMPLETE,src/features/organisation/SetupPage.tsx
PLN-E01-003,E01,Foundation,Business / Workflow,IMPLEMENTED,REQUIRED_PRODUCT_UI,React product workflow / workbench,COMPLETE,COMPLETE,src/features/organisation/SetupPage.tsx
PLN-E01-004,E01,Foundation,Business / Workflow,IMPLEMENTED,REQUIRED_PRODUCT_UI,React product workflow / workbench,COMPLETE,COMPLETE,src/features/organisation/SetupPage.tsx
PLN-E01-005,E01,Foundation,Business / Workflow,IMPLEMENTED,REQUIRED_PRODUCT_UI,React product workflow / workbench,COMPLETE,COMPLETE,src/features/organisation/SetupPage.tsx
PLN-E01-006,E01,Foundation,Business / Workflow,IMPLEMENTED,REQUIRED_PRODUCT_UI,React product workflow / workbench,COMPLETE,COMPLETE,src/features/statutory-registration/StatutoryRegistrationPage.tsx
PLN-E01-007,E01,Foundation,Business / Workflow,IMPLEMENTED,REQUIRED_PRODUCT_UI,React product workflow / workbench,COMPLETE,COMPLETE,src/features/statutory-registration/StatutoryRegistrationPage.tsx
PLN-E01-008,E01,Foundation,Business / Workflow,IMPLEMENTED,REQUIRED_PRODUCT_UI,React product workflow / workbench,COMPLETE,COMPLETE,src/features/foundation-banking-authority/FoundationBankingAuthorityPage.tsx
PLN-E01-009,E01,Foundation,Business / Workflow,IMPLEMENTED,REQUIRED_PRODUCT_UI,React product workflow / workbench,COMPLETE,COMPLETE,src/features/foundation-banking-authority/FoundationBankingAuthorityPage.tsx
PLN-E01-010,E01,Foundation,Business / Workflow,IMPLEMENTED,REQUIRED_OPERATIONAL_UI,React operational visibility / control surface,COMPLETE,COMPLETE,src/features/foundation-readiness/FoundationReadinessPage.tsx
PLN-E01-011,E01,Foundation,Business / Workflow,IMPLEMENTED,REQUIRED_ADMIN_OR_SECURITY_UI,React admin/security surface or explicitly governed external administration UI,COMPLETE,COMPLETE,src/features/foundation-approval-authority/**; UI PR #14 plus G05 closure confirmation on UI main 2a42f3909a2ee249ca26be8fb0e14e945f8903a9; approval authority/delegation browser E2E green.
PLN-E01-012,E01,Foundation,Business / Workflow,IMPLEMENTED,REQUIRED_OPERATIONAL_UI,React operational visibility / control surface,COMPLETE,COMPLETE,src/features/foundation-readiness/FoundationReadinessPage.tsx
PLN-E02-001,E02,Calendar & Pay Groups,Business / Workflow,IMPLEMENTED,REQUIRED_PRODUCT_UI,React product workflow / workbench,COMPLETE,COMPLETE,src/features/pay-group/PayGroupPage.tsx; G05 creates/approves/end-dates/versions a dedicated pay group and proves version cutover on UI main 2a42f3909a2ee249ca26be8fb0e14e945f8903a9.
PLN-E02-002,E02,Calendar & Pay Groups,Business / Workflow,PARTIALLY IMPLEMENTED,REQUIRED_PRODUCT_UI,React product workflow / workbench,PARTIAL,PARTIAL,"UI PR #15 / 2a42f3909a2ee249ca26be8fb0e14e945f8903a9: Explicit employee pay-group assignment cutover is browser-proven, but no population-routing-rule authoring/inspection surface exists; establishment/PSU rule administration remains an end-to-end gap."
PLN-E02-003,E02,Calendar & Pay Groups,Business / Workflow,PARTIALLY IMPLEMENTED,REQUIRED_PRODUCT_UI,React product workflow / workbench,PARTIAL,PARTIAL,"UI PR #15 / 2a42f3909a2ee249ca26be8fb0e14e945f8903a9: Calendar identity and version lineage are visible, but a governed successor cannot be driven end-to-end because publication prerequisites cannot be configured through the current backend contract."
PLN-E02-004,E02,Calendar & Pay Groups,Business / Workflow,PARTIALLY IMPLEMENTED,REQUIRED_PRODUCT_UI,React product workflow / workbench,PARTIAL,PARTIAL,"UI PR #15 / 2a42f3909a2ee249ca26be8fb0e14e945f8903a9: Legacy contiguous July/August 2026 periods are browser-inspected, but governed new-period generation remains blocked by the unavailable five-milestone-rule configuration write contract."
PLN-E02-005,E02,Calendar & Pay Groups,Business / Workflow,IMPLEMENTED,REQUIRED_PRODUCT_UI,React product workflow / workbench,COMPLETE,COMPLETE,"src/features/payroll-calendar/PayrollCalendarPage.tsx; G05 browser creation proves MONTHLY, FORTNIGHTLY, WEEKLY, DAILY and authorised CUSTOM operation on UI main 2a42f3909a2ee249ca26be8fb0e14e945f8903a9."
PLN-E02-006,E02,Calendar & Pay Groups,Business / Workflow,PARTIALLY IMPLEMENTED,REQUIRED_PRODUCT_UI,React product workflow / workbench,PARTIAL,PARTIAL,"UI PR #15 / 2a42f3909a2ee249ca26be8fb0e14e945f8903a9: The UI exposes 0/5 readiness blockers and read-only generated-milestone evidence, but no milestone-rule write contract exists for configuring the five required rules."
PLN-E02-007,E02,Calendar & Pay Groups,Business / Workflow,PARTIALLY IMPLEMENTED,REQUIRED_PRODUCT_UI,React product workflow / workbench,PARTIAL,PARTIAL,"UI PR #15 / 2a42f3909a2ee249ca26be8fb0e14e945f8903a9: The UI exposes read-only original/adjusted working-day evidence and a bounded default weekend policy, but no holiday/working-day configuration write contract exists."
PLN-E02-008,E02,Calendar & Pay Groups,Business / Workflow,PARTIALLY IMPLEMENTED,REQUIRED_PRODUCT_UI,React product workflow / workbench,PARTIAL,PARTIAL,"UI PR #15 / 2a42f3909a2ee249ca26be8fb0e14e945f8903a9: Publish/amend/retire controls and backend lifecycle contracts exist, but the complete operator journey cannot pass publication prerequisites until milestone configuration writes exist."
PLN-E02-009,E02,Calendar & Pay Groups,Business / Workflow,PARTIALLY IMPLEMENTED,REQUIRED_OPERATIONAL_UI,React operational visibility / control surface,PARTIAL,PARTIAL,"UI PR #15 / 2a42f3909a2ee249ca26be8fb0e14e945f8903a9: Calendar readiness blockers are proactive, but no complete proactive pay-group/calendar compatibility surface covers the full PSU/frequency/timezone/coverage/routing acceptance boundary."
PLN-E02-010,E02,Calendar & Pay Groups,Business / Workflow,PARTIALLY IMPLEMENTED,REQUIRED_OPERATIONAL_UI,React operational visibility / control surface,PARTIAL,PARTIAL,"UI PR #15 / 2a42f3909a2ee249ca26be8fb0e14e945f8903a9: Operational visibility is materially improved, but complete consolidated population-routing, generated-milestone and lifecycle visibility remains dependent on the unresolved E02-002/006/007/008 boundaries."
PLN-E03-001,E03,Component Catalogue,Business / Workflow,IMPLEMENTED,REQUIRED_PRODUCT_UI,React product workflow / workbench,COMPLETE,COMPLETE,src/features/pay-component/PayComponentPage.tsx
PLN-E03-002,E03,Component Catalogue,Business / Workflow,IMPLEMENTED,REQUIRED_PRODUCT_UI,React product workflow / workbench,COMPLETE,COMPLETE,src/features/pay-component/PayComponentPage.tsx
PLN-E03-003,E03,Component Catalogue,Business / Workflow,IMPLEMENTED,REQUIRED_PRODUCT_UI,React product workflow / workbench,COMPLETE,COMPLETE,src/features/pay-component/PayComponentPage.tsx
PLN-E03-004,E03,Component Catalogue,Business / Workflow,PARTIALLY IMPLEMENTED,REQUIRED_PRODUCT_UI,React product workflow / workbench,TO_BE_EVIDENCED_WITH_STORY,NOT_COMPLETE,UI applicability classified now; exact UI evidence must be declared during capability activation and proven before IMPLEMENTED.
PLN-E03-005,E03,Component Catalogue,Business / Workflow,PARTIALLY IMPLEMENTED,REQUIRED_PRODUCT_UI,React product workflow / workbench,TO_BE_EVIDENCED_WITH_STORY,NOT_COMPLETE,UI applicability classified now; exact UI evidence must be declared during capability activation and proven before IMPLEMENTED.
PLN-E03-006,E03,Component Catalogue,Business / Workflow,PARTIALLY IMPLEMENTED,REQUIRED_PRODUCT_UI,React product workflow / workbench,TO_BE_EVIDENCED_WITH_STORY,NOT_COMPLETE,UI applicability classified now; exact UI evidence must be declared during capability activation and proven before IMPLEMENTED.
PLN-E03-007,E03,Component Catalogue,Business / Workflow,PARTIALLY IMPLEMENTED,REQUIRED_PRODUCT_UI,React product workflow / workbench,TO_BE_EVIDENCED_WITH_STORY,NOT_COMPLETE,UI applicability classified now; exact UI evidence must be declared during capability activation and proven before IMPLEMENTED.
PLN-E03-008,E03,Component Catalogue,Business / Workflow,NOT EVIDENCED,REQUIRED_PRODUCT_UI,React product workflow / workbench,TO_BE_EVIDENCED_WITH_STORY,NOT_COMPLETE,UI applicability classified now; exact UI evidence must be declared during capability activation and proven before IMPLEMENTED.
PLN-E03-009,E03,Component Catalogue,Business / Workflow,NOT EVIDENCED,REQUIRED_PRODUCT_UI,React product workflow / workbench,TO_BE_EVIDENCED_WITH_STORY,NOT_COMPLETE,UI applicability classified now; exact UI evidence must be declared during capability activation and proven before IMPLEMENTED.
PLN-E03-010,E03,Component Catalogue,Business / Workflow,NOT EVIDENCED,REQUIRED_PRODUCT_UI,React product workflow / workbench,TO_BE_EVIDENCED_WITH_STORY,NOT_COMPLETE,UI applicability classified now; exact UI evidence must be declared during capability activation and proven before IMPLEMENTED.
PLN-E03-011,E03,Component Catalogue,Business / Workflow,PARTIALLY IMPLEMENTED,REQUIRED_PRODUCT_UI,React product workflow / workbench,TO_BE_EVIDENCED_WITH_STORY,NOT_COMPLETE,UI applicability classified now; exact UI evidence must be declared during capability activation and proven before IMPLEMENTED.
PLN-E03-012,E03,Component Catalogue,Business / Workflow,NOT EVIDENCED,REQUIRED_PRODUCT_UI,React product workflow / workbench,TO_BE_EVIDENCED_WITH_STORY,NOT_COMPLETE,UI applicability classified now; exact UI evidence must be declared during capability activation and proven before IMPLEMENTED.
PLN-E04-001,E04,Salary Structures,Business / Workflow,IMPLEMENTED,REQUIRED_PRODUCT_UI,React product workflow / workbench,COMPLETE,COMPLETE,src/features/salary-structure/SalaryStructurePage.tsx
PLN-E04-002,E04,Salary Structures,Business / Workflow,NOT EVIDENCED,REQUIRED_PRODUCT_UI,React product workflow / workbench,TO_BE_EVIDENCED_WITH_STORY,NOT_COMPLETE,UI applicability classified now; exact UI evidence must be declared during capability activation and proven before IMPLEMENTED.
PLN-E04-003,E04,Salary Structures,Business / Workflow,PARTIALLY IMPLEMENTED,REQUIRED_PRODUCT_UI,React product workflow / workbench,TO_BE_EVIDENCED_WITH_STORY,NOT_COMPLETE,UI applicability classified now; exact UI evidence must be declared during capability activation and proven before IMPLEMENTED.
PLN-E04-004,E04,Salary Structures,Business / Workflow,IMPLEMENTED,REQUIRED_PRODUCT_UI,React product workflow / workbench,COMPLETE,COMPLETE,src/features/salary-structure/CtcPolicyPanel.tsx
PLN-E04-005,E04,Salary Structures,Business / Workflow,PARTIALLY IMPLEMENTED,REQUIRED_PRODUCT_UI,React product workflow / workbench,TO_BE_EVIDENCED_WITH_STORY,NOT_COMPLETE,UI applicability classified now; exact UI evidence must be declared during capability activation and proven before IMPLEMENTED.
PLN-E04-006,E04,Salary Structures,Business / Workflow,NOT EVIDENCED,REQUIRED_PRODUCT_UI,React product workflow / workbench,TO_BE_EVIDENCED_WITH_STORY,NOT_COMPLETE,UI applicability classified now; exact UI evidence must be declared during capability activation and proven before IMPLEMENTED.
PLN-E04-007,E04,Salary Structures,Business / Workflow,IMPLEMENTED,REQUIRED_PRODUCT_UI,React product workflow / workbench,COMPLETE,COMPLETE,src/features/salary-structure/EligibilityRulePanel.tsx
PLN-E04-008,E04,Salary Structures,Business / Workflow,IMPLEMENTED,REQUIRED_PRODUCT_UI,React product workflow / workbench,COMPLETE,COMPLETE,src/features/salary-structure/SalaryStructureSimulationPanel.tsx
PLN-E04-009,E04,Salary Structures,Business / Workflow,NOT EVIDENCED,REQUIRED_PRODUCT_UI,React product workflow / workbench,TO_BE_EVIDENCED_WITH_STORY,NOT_COMPLETE,UI applicability classified now; exact UI evidence must be declared during capability activation and proven before IMPLEMENTED.
PLN-E04-010,E04,Salary Structures,Business / Workflow,PARTIALLY IMPLEMENTED,REQUIRED_PRODUCT_UI,React product workflow / workbench,TO_BE_EVIDENCED_WITH_STORY,NOT_COMPLETE,UI applicability classified now; exact UI evidence must be declared during capability activation and proven before IMPLEMENTED.
PLN-E04-011,E04,Salary Structures,Business / Workflow,PARTIALLY IMPLEMENTED,REQUIRED_PRODUCT_UI,React product workflow / workbench,TO_BE_EVIDENCED_WITH_STORY,NOT_COMPLETE,UI applicability classified now; exact UI evidence must be declared during capability activation and proven before IMPLEMENTED.
PLN-E05-001,E05,Employee Payroll Profile,Business / Workflow,PARTIALLY IMPLEMENTED,REQUIRED_PRODUCT_UI,React product workflow / workbench,TO_BE_EVIDENCED_WITH_STORY,NOT_COMPLETE,UI applicability classified now; exact UI evidence must be declared during capability activation and proven before IMPLEMENTED.
PLN-E05-002,E05,Employee Payroll Profile,Business / Workflow,PARTIALLY IMPLEMENTED,REQUIRED_PRODUCT_UI,React product workflow / workbench,TO_BE_EVIDENCED_WITH_STORY,NOT_COMPLETE,UI applicability classified now; exact UI evidence must be declared during capability activation and proven before IMPLEMENTED.
PLN-E05-003,E05,Employee Payroll Profile,Business / Workflow,PARTIALLY IMPLEMENTED,REQUIRED_PRODUCT_UI,React product workflow / workbench,TO_BE_EVIDENCED_WITH_STORY,NOT_COMPLETE,UI applicability classified now; exact UI evidence must be declared during capability activation and proven before IMPLEMENTED.
PLN-E05-004,E05,Employee Payroll Profile,Business / Workflow,PARTIALLY IMPLEMENTED,REQUIRED_PRODUCT_UI,React product workflow / workbench,TO_BE_EVIDENCED_WITH_STORY,NOT_COMPLETE,UI applicability classified now; exact UI evidence must be declared during capability activation and proven before IMPLEMENTED.
PLN-E05-005,E05,Employee Payroll Profile,Business / Workflow,NOT EVIDENCED,REQUIRED_PRODUCT_UI,React product workflow / workbench,TO_BE_EVIDENCED_WITH_STORY,NOT_COMPLETE,UI applicability classified now; exact UI evidence must be declared during capability activation and proven before IMPLEMENTED.
PLN-E05-006,E05,Employee Payroll Profile,Business / Workflow,NOT EVIDENCED,REQUIRED_PRODUCT_UI,React product workflow / workbench,TO_BE_EVIDENCED_WITH_STORY,NOT_COMPLETE,UI applicability classified now; exact UI evidence must be declared during capability activation and proven before IMPLEMENTED.
PLN-E05-007,E05,Employee Payroll Profile,Business / Workflow,PARTIALLY IMPLEMENTED,REQUIRED_PRODUCT_UI,React product workflow / workbench,TO_BE_EVIDENCED_WITH_STORY,NOT_COMPLETE,UI applicability classified now; exact UI evidence must be declared during capability activation and proven before IMPLEMENTED.
PLN-E05-008,E05,Employee Payroll Profile,Business / Workflow,PARTIALLY IMPLEMENTED,REQUIRED_PRODUCT_UI,React product workflow / workbench,TO_BE_EVIDENCED_WITH_STORY,NOT_COMPLETE,UI applicability classified now; exact UI evidence must be declared during capability activation and proven before IMPLEMENTED.
PLN-E05-009,E05,Employee Payroll Profile,Business / Workflow,PARTIALLY IMPLEMENTED,REQUIRED_PRODUCT_UI,React product workflow / workbench,TO_BE_EVIDENCED_WITH_STORY,NOT_COMPLETE,UI applicability classified now; exact UI evidence must be declared during capability activation and proven before IMPLEMENTED.
PLN-E05-010,E05,Employee Payroll Profile,Business / Workflow,NOT EVIDENCED,REQUIRED_PRODUCT_UI,React product workflow / workbench,TO_BE_EVIDENCED_WITH_STORY,NOT_COMPLETE,UI applicability classified now; exact UI evidence must be declared during capability activation and proven before IMPLEMENTED.
PLN-E05-011,E05,Employee Payroll Profile,Business / Workflow,NOT EVIDENCED,REQUIRED_PRODUCT_UI,React product workflow / workbench,TO_BE_EVIDENCED_WITH_STORY,NOT_COMPLETE,UI applicability classified now; exact UI evidence must be declared during capability activation and proven before IMPLEMENTED.
PLN-E05-012,E05,Employee Payroll Profile,Business / Workflow,NOT EVIDENCED,REQUIRED_PRODUCT_UI,React product workflow / workbench,TO_BE_EVIDENCED_WITH_STORY,NOT_COMPLETE,UI applicability classified now; exact UI evidence must be declared during capability activation and proven before IMPLEMENTED.
PLN-E05-013,E05,Employee Payroll Profile,Business / Workflow,NOT EVIDENCED,REQUIRED_PRODUCT_UI,React product workflow / workbench,TO_BE_EVIDENCED_WITH_STORY,NOT_COMPLETE,UI applicability classified now; exact UI evidence must be declared during capability activation and proven before IMPLEMENTED.
PLN-E05-014,E05,Employee Payroll Profile,Business / Workflow,PARTIALLY IMPLEMENTED,REQUIRED_PRODUCT_UI,React product workflow / workbench,TO_BE_EVIDENCED_WITH_STORY,NOT_COMPLETE,UI applicability classified now; exact UI evidence must be declared during capability activation and proven before IMPLEMENTED.
PLN-E05-015,E05,Employee Payroll Profile,Business / Workflow,NOT EVIDENCED,REQUIRED_PRODUCT_UI,React product workflow / workbench,TO_BE_EVIDENCED_WITH_STORY,NOT_COMPLETE,UI applicability classified now; exact UI evidence must be declared during capability activation and proven before IMPLEMENTED.
PLN-E05-016,E05,Employee Payroll Profile,Business / Workflow,NOT EVIDENCED,REQUIRED_PRODUCT_UI,React product workflow / workbench,TO_BE_EVIDENCED_WITH_STORY,NOT_COMPLETE,UI applicability classified now; exact UI evidence must be declared during capability activation and proven before IMPLEMENTED.
PLN-E05-017,E05,Employee Payroll Profile,Business / Workflow,NOT EVIDENCED,REQUIRED_PRODUCT_UI,React product workflow / workbench,TO_BE_EVIDENCED_WITH_STORY,NOT_COMPLETE,UI applicability classified now; exact UI evidence must be declared during capability activation and proven before IMPLEMENTED.
PLN-E05-018,E05,Employee Payroll Profile,Business / Workflow,NOT EVIDENCED,REQUIRED_PRODUCT_UI,React product workflow / workbench,TO_BE_EVIDENCED_WITH_STORY,NOT_COMPLETE,UI applicability classified now; exact UI evidence must be declared during capability activation and proven before IMPLEMENTED.
PLN-E05-019,E05,Employee Payroll Profile,Business / Workflow,PARTIALLY IMPLEMENTED,REQUIRED_PRODUCT_UI,React product workflow / workbench,TO_BE_EVIDENCED_WITH_STORY,NOT_COMPLETE,UI applicability classified now; exact UI evidence must be declared during capability activation and proven before IMPLEMENTED.
PLN-E05-020,E05,Employee Payroll Profile,Business / Workflow,PARTIALLY IMPLEMENTED,REQUIRED_PRODUCT_UI,React product workflow / workbench,TO_BE_EVIDENCED_WITH_STORY,NOT_COMPLETE,UI applicability classified now; exact UI evidence must be declared during capability activation and proven before IMPLEMENTED.
PLN-E06-001,E06,Calculation Engine,Business / Workflow,PARTIALLY IMPLEMENTED,REQUIRED_PRODUCT_UI,React product workflow / workbench,TO_BE_EVIDENCED_WITH_STORY,NOT_COMPLETE,UI applicability classified now; exact UI evidence must be declared during capability activation and proven before IMPLEMENTED.
PLN-E06-002,E06,Calculation Engine,Business / Workflow,PARTIALLY IMPLEMENTED,REQUIRED_PRODUCT_UI,React product workflow / workbench,TO_BE_EVIDENCED_WITH_STORY,NOT_COMPLETE,UI applicability classified now; exact UI evidence must be declared during capability activation and proven before IMPLEMENTED.
PLN-E06-003,E06,Calculation Engine,Business / Workflow,PARTIALLY IMPLEMENTED,REQUIRED_PRODUCT_UI,React product workflow / workbench,TO_BE_EVIDENCED_WITH_STORY,NOT_COMPLETE,UI applicability classified now; exact UI evidence must be declared during capability activation and proven before IMPLEMENTED.
PLN-E06-004,E06,Calculation Engine,Business / Workflow,NOT EVIDENCED,REQUIRED_PRODUCT_UI,React product workflow / workbench,TO_BE_EVIDENCED_WITH_STORY,NOT_COMPLETE,UI applicability classified now; exact UI evidence must be declared during capability activation and proven before IMPLEMENTED.
PLN-E06-005,E06,Calculation Engine,Business / Workflow,PARTIALLY IMPLEMENTED,REQUIRED_PRODUCT_UI,React product workflow / workbench,TO_BE_EVIDENCED_WITH_STORY,NOT_COMPLETE,UI applicability classified now; exact UI evidence must be declared during capability activation and proven before IMPLEMENTED.
PLN-E06-006,E06,Calculation Engine,Business / Workflow,PARTIALLY IMPLEMENTED,REQUIRED_PRODUCT_UI,React product workflow / workbench,TO_BE_EVIDENCED_WITH_STORY,NOT_COMPLETE,UI applicability classified now; exact UI evidence must be declared during capability activation and proven before IMPLEMENTED.
PLN-E06-007,E06,Calculation Engine,Business / Workflow,NOT EVIDENCED,REQUIRED_PRODUCT_UI,React product workflow / workbench,TO_BE_EVIDENCED_WITH_STORY,NOT_COMPLETE,UI applicability classified now; exact UI evidence must be declared during capability activation and proven before IMPLEMENTED.
PLN-E06-008,E06,Calculation Engine,Business / Workflow,PARTIALLY IMPLEMENTED,REQUIRED_PRODUCT_UI,React product workflow / workbench,TO_BE_EVIDENCED_WITH_STORY,NOT_COMPLETE,UI applicability classified now; exact UI evidence must be declared during capability activation and proven before IMPLEMENTED.
PLN-E06-009,E06,Calculation Engine,Business / Workflow,NOT EVIDENCED,REQUIRED_PRODUCT_UI,React product workflow / workbench,TO_BE_EVIDENCED_WITH_STORY,NOT_COMPLETE,UI applicability classified now; exact UI evidence must be declared during capability activation and proven before IMPLEMENTED.
PLN-E06-010,E06,Calculation Engine,Business / Workflow,PARTIALLY IMPLEMENTED,REQUIRED_PRODUCT_UI,React product workflow / workbench,TO_BE_EVIDENCED_WITH_STORY,NOT_COMPLETE,UI applicability classified now; exact UI evidence must be declared during capability activation and proven before IMPLEMENTED.
PLN-E06-011,E06,Calculation Engine,Business / Workflow,PARTIALLY IMPLEMENTED,REQUIRED_PRODUCT_UI,React product workflow / workbench,TO_BE_EVIDENCED_WITH_STORY,NOT_COMPLETE,UI applicability classified now; exact UI evidence must be declared during capability activation and proven before IMPLEMENTED.
PLN-E06-012,E06,Calculation Engine,Business / Workflow,NOT EVIDENCED,REQUIRED_PRODUCT_UI,React product workflow / workbench,TO_BE_EVIDENCED_WITH_STORY,NOT_COMPLETE,UI applicability classified now; exact UI evidence must be declared during capability activation and proven before IMPLEMENTED.
PLN-E06-013,E06,Calculation Engine,Business / Workflow,PARTIALLY IMPLEMENTED,REQUIRED_PRODUCT_UI,React product workflow / workbench,TO_BE_EVIDENCED_WITH_STORY,NOT_COMPLETE,UI applicability classified now; exact UI evidence must be declared during capability activation and proven before IMPLEMENTED.
PLN-E06-014,E06,Calculation Engine,Business / Workflow,NOT EVIDENCED,REQUIRED_PRODUCT_UI,React product workflow / workbench,TO_BE_EVIDENCED_WITH_STORY,NOT_COMPLETE,UI applicability classified now; exact UI evidence must be declared during capability activation and proven before IMPLEMENTED.
PLN-E06-015,E06,Calculation Engine,Business / Workflow,NOT EVIDENCED,REQUIRED_PRODUCT_UI,React product workflow / workbench,TO_BE_EVIDENCED_WITH_STORY,NOT_COMPLETE,UI applicability classified now; exact UI evidence must be declared during capability activation and proven before IMPLEMENTED.
PLN-E06-016,E06,Calculation Engine,Business / Workflow,NOT EVIDENCED,REQUIRED_PRODUCT_UI,React product workflow / workbench,TO_BE_EVIDENCED_WITH_STORY,NOT_COMPLETE,UI applicability classified now; exact UI evidence must be declared during capability activation and proven before IMPLEMENTED.
PLN-E06-017,E06,Calculation Engine,Business / Workflow,PARTIALLY IMPLEMENTED,REQUIRED_PRODUCT_UI,React product workflow / workbench,TO_BE_EVIDENCED_WITH_STORY,NOT_COMPLETE,UI applicability classified now; exact UI evidence must be declared during capability activation and proven before IMPLEMENTED.
PLN-E06-018,E06,Calculation Engine,Business / Workflow,PARTIALLY IMPLEMENTED,REQUIRED_PRODUCT_UI,React product workflow / workbench,TO_BE_EVIDENCED_WITH_STORY,NOT_COMPLETE,UI applicability classified now; exact UI evidence must be declared during capability activation and proven before IMPLEMENTED.
PLN-E06-019,E06,Calculation Engine,Business / Workflow,NOT EVIDENCED,REQUIRED_PRODUCT_UI,React product workflow / workbench,TO_BE_EVIDENCED_WITH_STORY,NOT_COMPLETE,UI applicability classified now; exact UI evidence must be declared during capability activation and proven before IMPLEMENTED.
PLN-E06-020,E06,Calculation Engine,Business / Workflow,PARTIALLY IMPLEMENTED,REQUIRED_PRODUCT_UI,React product workflow / workbench,TO_BE_EVIDENCED_WITH_STORY,NOT_COMPLETE,UI applicability classified now; exact UI evidence must be declared during capability activation and proven before IMPLEMENTED.
PLN-E07-001,E07,Balances & Retro,Business / Workflow,PARTIALLY IMPLEMENTED,REQUIRED_PRODUCT_UI,React product workflow / workbench,TO_BE_EVIDENCED_WITH_STORY,NOT_COMPLETE,UI applicability classified now; exact UI evidence must be declared during capability activation and proven before IMPLEMENTED.
PLN-E07-002,E07,Balances & Retro,Business / Workflow,PARTIALLY IMPLEMENTED,REQUIRED_PRODUCT_UI,React product workflow / workbench,TO_BE_EVIDENCED_WITH_STORY,NOT_COMPLETE,UI applicability classified now; exact UI evidence must be declared during capability activation and proven before IMPLEMENTED.
PLN-E07-003,E07,Balances & Retro,Business / Workflow,NOT EVIDENCED,REQUIRED_PRODUCT_UI,React product workflow / workbench,TO_BE_EVIDENCED_WITH_STORY,NOT_COMPLETE,UI applicability classified now; exact UI evidence must be declared during capability activation and proven before IMPLEMENTED.
PLN-E07-004,E07,Balances & Retro,Business / Workflow,NOT EVIDENCED,REQUIRED_PRODUCT_UI,React product workflow / workbench,TO_BE_EVIDENCED_WITH_STORY,NOT_COMPLETE,UI applicability classified now; exact UI evidence must be declared during capability activation and proven before IMPLEMENTED.
PLN-E07-005,E07,Balances & Retro,Business / Workflow,NOT EVIDENCED,REQUIRED_PRODUCT_UI,React product workflow / workbench,TO_BE_EVIDENCED_WITH_STORY,NOT_COMPLETE,UI applicability classified now; exact UI evidence must be declared during capability activation and proven before IMPLEMENTED.
PLN-E07-006,E07,Balances & Retro,Business / Workflow,NOT EVIDENCED,REQUIRED_PRODUCT_UI,React product workflow / workbench,TO_BE_EVIDENCED_WITH_STORY,NOT_COMPLETE,UI applicability classified now; exact UI evidence must be declared during capability activation and proven before IMPLEMENTED.
PLN-E07-007,E07,Balances & Retro,Business / Workflow,NOT EVIDENCED,REQUIRED_PRODUCT_UI,React product workflow / workbench,TO_BE_EVIDENCED_WITH_STORY,NOT_COMPLETE,UI applicability classified now; exact UI evidence must be declared during capability activation and proven before IMPLEMENTED.
PLN-E07-008,E07,Balances & Retro,Business / Workflow,NOT EVIDENCED,REQUIRED_PRODUCT_UI,React product workflow / workbench,TO_BE_EVIDENCED_WITH_STORY,NOT_COMPLETE,UI applicability classified now; exact UI evidence must be declared during capability activation and proven before IMPLEMENTED.
PLN-E07-009,E07,Balances & Retro,Business / Workflow,NOT EVIDENCED,REQUIRED_PRODUCT_UI,React product workflow / workbench,TO_BE_EVIDENCED_WITH_STORY,NOT_COMPLETE,UI applicability classified now; exact UI evidence must be declared during capability activation and proven before IMPLEMENTED.
PLN-E07-010,E07,Balances & Retro,Business / Workflow,NOT EVIDENCED,REQUIRED_PRODUCT_UI,React product workflow / workbench,TO_BE_EVIDENCED_WITH_STORY,NOT_COMPLETE,UI applicability classified now; exact UI evidence must be declared during capability activation and proven before IMPLEMENTED.
PLN-E07-011,E07,Balances & Retro,Business / Workflow,NOT EVIDENCED,REQUIRED_PRODUCT_UI,React product workflow / workbench,TO_BE_EVIDENCED_WITH_STORY,NOT_COMPLETE,UI applicability classified now; exact UI evidence must be declared during capability activation and proven before IMPLEMENTED.
PLN-E07-012,E07,Balances & Retro,Business / Workflow,NOT EVIDENCED,REQUIRED_PRODUCT_UI,React product workflow / workbench,TO_BE_EVIDENCED_WITH_STORY,NOT_COMPLETE,UI applicability classified now; exact UI evidence must be declared during capability activation and proven before IMPLEMENTED.
PLN-E07-013,E07,Balances & Retro,Business / Workflow,NOT EVIDENCED,REQUIRED_PRODUCT_UI,React product workflow / workbench,TO_BE_EVIDENCED_WITH_STORY,NOT_COMPLETE,UI applicability classified now; exact UI evidence must be declared during capability activation and proven before IMPLEMENTED.
PLN-E08-001,E08,Payroll Operations,Business / Workflow,PARTIALLY IMPLEMENTED,REQUIRED_PRODUCT_UI,React product workflow / workbench,TO_BE_EVIDENCED_WITH_STORY,NOT_COMPLETE,UI applicability classified now; exact UI evidence must be declared during capability activation and proven before IMPLEMENTED.
PLN-E08-002,E08,Payroll Operations,Business / Workflow,PARTIALLY IMPLEMENTED,REQUIRED_PRODUCT_UI,React product workflow / workbench,TO_BE_EVIDENCED_WITH_STORY,NOT_COMPLETE,UI applicability classified now; exact UI evidence must be declared during capability activation and proven before IMPLEMENTED.
PLN-E08-003,E08,Payroll Operations,Business / Workflow,NOT EVIDENCED,REQUIRED_PRODUCT_UI,React product workflow / workbench,TO_BE_EVIDENCED_WITH_STORY,NOT_COMPLETE,UI applicability classified now; exact UI evidence must be declared during capability activation and proven before IMPLEMENTED.
PLN-E08-004,E08,Payroll Operations,Business / Workflow,NOT EVIDENCED,REQUIRED_PRODUCT_UI,React product workflow / workbench,TO_BE_EVIDENCED_WITH_STORY,NOT_COMPLETE,UI applicability classified now; exact UI evidence must be declared during capability activation and proven before IMPLEMENTED.
PLN-E08-005,E08,Payroll Operations,Business / Workflow,NOT EVIDENCED,REQUIRED_PRODUCT_UI,React product workflow / workbench,TO_BE_EVIDENCED_WITH_STORY,NOT_COMPLETE,UI applicability classified now; exact UI evidence must be declared during capability activation and proven before IMPLEMENTED.
PLN-E08-006,E08,Payroll Operations,Business / Workflow,PARTIALLY IMPLEMENTED,REQUIRED_PRODUCT_UI,React product workflow / workbench,TO_BE_EVIDENCED_WITH_STORY,NOT_COMPLETE,UI applicability classified now; exact UI evidence must be declared during capability activation and proven before IMPLEMENTED.
PLN-E08-007,E08,Payroll Operations,Business / Workflow,PARTIALLY IMPLEMENTED,REQUIRED_PRODUCT_UI,React product workflow / workbench,TO_BE_EVIDENCED_WITH_STORY,NOT_COMPLETE,UI applicability classified now; exact UI evidence must be declared during capability activation and proven before IMPLEMENTED.
PLN-E08-008,E08,Payroll Operations,Business / Workflow,PARTIALLY IMPLEMENTED,REQUIRED_PRODUCT_UI,React product workflow / workbench,TO_BE_EVIDENCED_WITH_STORY,NOT_COMPLETE,UI applicability classified now; exact UI evidence must be declared during capability activation and proven before IMPLEMENTED.
PLN-E08-009,E08,Payroll Operations,Business / Workflow,NOT EVIDENCED,REQUIRED_PRODUCT_UI,React product workflow / workbench,TO_BE_EVIDENCED_WITH_STORY,NOT_COMPLETE,UI applicability classified now; exact UI evidence must be declared during capability activation and proven before IMPLEMENTED.
PLN-E08-010,E08,Payroll Operations,Business / Workflow,NOT EVIDENCED,REQUIRED_PRODUCT_UI,React product workflow / workbench,TO_BE_EVIDENCED_WITH_STORY,NOT_COMPLETE,UI applicability classified now; exact UI evidence must be declared during capability activation and proven before IMPLEMENTED.
PLN-E08-011,E08,Payroll Operations,Business / Workflow,NOT EVIDENCED,REQUIRED_PRODUCT_UI,React product workflow / workbench,TO_BE_EVIDENCED_WITH_STORY,NOT_COMPLETE,UI applicability classified now; exact UI evidence must be declared during capability activation and proven before IMPLEMENTED.
PLN-E08-012,E08,Payroll Operations,Business / Workflow,PARTIALLY IMPLEMENTED,REQUIRED_PRODUCT_UI,React product workflow / workbench,TO_BE_EVIDENCED_WITH_STORY,NOT_COMPLETE,UI applicability classified now; exact UI evidence must be declared during capability activation and proven before IMPLEMENTED.
PLN-E08-013,E08,Payroll Operations,Business / Workflow,NOT EVIDENCED,REQUIRED_PRODUCT_UI,React product workflow / workbench,TO_BE_EVIDENCED_WITH_STORY,NOT_COMPLETE,UI applicability classified now; exact UI evidence must be declared during capability activation and proven before IMPLEMENTED.
PLN-E08-014,E08,Payroll Operations,Business / Workflow,NOT EVIDENCED,REQUIRED_PRODUCT_UI,React product workflow / workbench,TO_BE_EVIDENCED_WITH_STORY,NOT_COMPLETE,UI applicability classified now; exact UI evidence must be declared during capability activation and proven before IMPLEMENTED.
PLN-E08-015,E08,Payroll Operations,Business / Workflow,PARTIALLY IMPLEMENTED,REQUIRED_PRODUCT_UI,React product workflow / workbench,TO_BE_EVIDENCED_WITH_STORY,NOT_COMPLETE,UI applicability classified now; exact UI evidence must be declared during capability activation and proven before IMPLEMENTED.
PLN-E08-016,E08,Payroll Operations,Business / Workflow,PARTIALLY IMPLEMENTED,REQUIRED_PRODUCT_UI,React product workflow / workbench,TO_BE_EVIDENCED_WITH_STORY,NOT_COMPLETE,UI applicability classified now; exact UI evidence must be declared during capability activation and proven before IMPLEMENTED.
PLN-E08-017,E08,Payroll Operations,Business / Workflow,PARTIALLY IMPLEMENTED,REQUIRED_PRODUCT_UI,React product workflow / workbench,TO_BE_EVIDENCED_WITH_STORY,NOT_COMPLETE,UI applicability classified now; exact UI evidence must be declared during capability activation and proven before IMPLEMENTED.
PLN-E08-018,E08,Payroll Operations,Business / Workflow,PARTIALLY IMPLEMENTED,REQUIRED_PRODUCT_UI,React product workflow / workbench,TO_BE_EVIDENCED_WITH_STORY,NOT_COMPLETE,UI applicability classified now; exact UI evidence must be declared during capability activation and proven before IMPLEMENTED.
PLN-E08-019,E08,Payroll Operations,Business / Workflow,NOT EVIDENCED,REQUIRED_PRODUCT_UI,React product workflow / workbench,TO_BE_EVIDENCED_WITH_STORY,NOT_COMPLETE,UI applicability classified now; exact UI evidence must be declared during capability activation and proven before IMPLEMENTED.
PLN-E08-020,E08,Payroll Operations,Business / Workflow,PARTIALLY IMPLEMENTED,REQUIRED_PRODUCT_UI,React product workflow / workbench,TO_BE_EVIDENCED_WITH_STORY,NOT_COMPLETE,UI applicability classified now; exact UI evidence must be declared during capability activation and proven before IMPLEMENTED.
PLN-E08-021,E08,Payroll Operations,Business / Workflow,PARTIALLY IMPLEMENTED,REQUIRED_PRODUCT_UI,React product workflow / workbench,TO_BE_EVIDENCED_WITH_STORY,NOT_COMPLETE,UI applicability classified now; exact UI evidence must be declared during capability activation and proven before IMPLEMENTED.
PLN-E09-001,E09,India Statutory Rules,Business / Workflow,LEGAL/DOMAIN REVALIDATION,REQUIRED_PRODUCT_UI,React product workflow / workbench,TO_BE_EVIDENCED_WITH_STORY,NOT_COMPLETE,UI applicability classified now; exact UI evidence must be declared during capability activation and proven before IMPLEMENTED.
PLN-E09-002,E09,India Statutory Rules,Business / Workflow,LEGAL/DOMAIN REVALIDATION,REQUIRED_PRODUCT_UI,React product workflow / workbench,TO_BE_EVIDENCED_WITH_STORY,NOT_COMPLETE,UI applicability classified now; exact UI evidence must be declared during capability activation and proven before IMPLEMENTED.
PLN-E09-003,E09,India Statutory Rules,Business / Workflow,LEGAL/DOMAIN REVALIDATION,REQUIRED_PRODUCT_UI,React product workflow / workbench,TO_BE_EVIDENCED_WITH_STORY,NOT_COMPLETE,UI applicability classified now; exact UI evidence must be declared during capability activation and proven before IMPLEMENTED.
PLN-E09-004,E09,India Statutory Rules,Business / Workflow,LEGAL/DOMAIN REVALIDATION,REQUIRED_PRODUCT_UI,React product workflow / workbench,TO_BE_EVIDENCED_WITH_STORY,NOT_COMPLETE,UI applicability classified now; exact UI evidence must be declared during capability activation and proven before IMPLEMENTED.
PLN-E09-005,E09,India Statutory Rules,Business / Workflow,LEGAL/DOMAIN REVALIDATION,REQUIRED_PRODUCT_UI,React product workflow / workbench,TO_BE_EVIDENCED_WITH_STORY,NOT_COMPLETE,UI applicability classified now; exact UI evidence must be declared during capability activation and proven before IMPLEMENTED.
PLN-E09-006,E09,India Statutory Rules,Business / Workflow,LEGAL/DOMAIN REVALIDATION,REQUIRED_PRODUCT_UI,React product workflow / workbench,TO_BE_EVIDENCED_WITH_STORY,NOT_COMPLETE,UI applicability classified now; exact UI evidence must be declared during capability activation and proven before IMPLEMENTED.
PLN-E09-007,E09,India Statutory Rules,Business / Workflow,LEGAL/DOMAIN REVALIDATION,REQUIRED_PRODUCT_UI,React product workflow / workbench,TO_BE_EVIDENCED_WITH_STORY,NOT_COMPLETE,UI applicability classified now; exact UI evidence must be declared during capability activation and proven before IMPLEMENTED.
PLN-E09-008,E09,India Statutory Rules,Business / Workflow,LEGAL/DOMAIN REVALIDATION,REQUIRED_PRODUCT_UI,React product workflow / workbench,TO_BE_EVIDENCED_WITH_STORY,NOT_COMPLETE,UI applicability classified now; exact UI evidence must be declared during capability activation and proven before IMPLEMENTED.
PLN-E09-009,E09,India Statutory Rules,Business / Workflow,LEGAL/DOMAIN REVALIDATION,REQUIRED_PRODUCT_UI,React product workflow / workbench,TO_BE_EVIDENCED_WITH_STORY,NOT_COMPLETE,UI applicability classified now; exact UI evidence must be declared during capability activation and proven before IMPLEMENTED.
PLN-E09-010,E09,India Statutory Rules,Business / Workflow,LEGAL/DOMAIN REVALIDATION,REQUIRED_PRODUCT_UI,React product workflow / workbench,TO_BE_EVIDENCED_WITH_STORY,NOT_COMPLETE,UI applicability classified now; exact UI evidence must be declared during capability activation and proven before IMPLEMENTED.
PLN-E09-011,E09,India Statutory Rules,Business / Workflow,LEGAL/DOMAIN REVALIDATION,REQUIRED_PRODUCT_UI,React product workflow / workbench,TO_BE_EVIDENCED_WITH_STORY,NOT_COMPLETE,UI applicability classified now; exact UI evidence must be declared during capability activation and proven before IMPLEMENTED.
PLN-E09-012,E09,India Statutory Rules,Business / Workflow,LEGAL/DOMAIN REVALIDATION,REQUIRED_PRODUCT_UI,React product workflow / workbench,TO_BE_EVIDENCED_WITH_STORY,NOT_COMPLETE,UI applicability classified now; exact UI evidence must be declared during capability activation and proven before IMPLEMENTED.
PLN-E09-013,E09,India Statutory Rules,Business / Workflow,LEGAL/DOMAIN REVALIDATION,REQUIRED_PRODUCT_UI,React product workflow / workbench,TO_BE_EVIDENCED_WITH_STORY,NOT_COMPLETE,UI applicability classified now; exact UI evidence must be declared during capability activation and proven before IMPLEMENTED.
PLN-E09-014,E09,India Statutory Rules,Business / Workflow,LEGAL/DOMAIN REVALIDATION,REQUIRED_PRODUCT_UI,React product workflow / workbench,TO_BE_EVIDENCED_WITH_STORY,NOT_COMPLETE,UI applicability classified now; exact UI evidence must be declared during capability activation and proven before IMPLEMENTED.
PLN-E09-015,E09,India Statutory Rules,Business / Workflow,LEGAL/DOMAIN REVALIDATION,REQUIRED_PRODUCT_UI,React product workflow / workbench,TO_BE_EVIDENCED_WITH_STORY,NOT_COMPLETE,UI applicability classified now; exact UI evidence must be declared during capability activation and proven before IMPLEMENTED.
PLN-E09-016,E09,India Statutory Rules,Business / Workflow,LEGAL/DOMAIN REVALIDATION,REQUIRED_PRODUCT_UI,React product workflow / workbench,TO_BE_EVIDENCED_WITH_STORY,NOT_COMPLETE,UI applicability classified now; exact UI evidence must be declared during capability activation and proven before IMPLEMENTED.
PLN-E09-017,E09,India Statutory Rules,Business / Workflow,LEGAL/DOMAIN REVALIDATION,REQUIRED_PRODUCT_UI,React product workflow / workbench,TO_BE_EVIDENCED_WITH_STORY,NOT_COMPLETE,UI applicability classified now; exact UI evidence must be declared during capability activation and proven before IMPLEMENTED.
PLN-E09-018,E09,India Statutory Rules,Business / Workflow,LEGAL/DOMAIN REVALIDATION,REQUIRED_PRODUCT_UI,React product workflow / workbench,TO_BE_EVIDENCED_WITH_STORY,NOT_COMPLETE,UI applicability classified now; exact UI evidence must be declared during capability activation and proven before IMPLEMENTED.
PLN-E09-019,E09,India Statutory Rules,Business / Workflow,LEGAL/DOMAIN REVALIDATION,REQUIRED_PRODUCT_UI,React product workflow / workbench,TO_BE_EVIDENCED_WITH_STORY,NOT_COMPLETE,UI applicability classified now; exact UI evidence must be declared during capability activation and proven before IMPLEMENTED.
PLN-E09-020,E09,India Statutory Rules,Business / Workflow,LEGAL/DOMAIN REVALIDATION,REQUIRED_PRODUCT_UI,React product workflow / workbench,TO_BE_EVIDENCED_WITH_STORY,NOT_COMPLETE,UI applicability classified now; exact UI evidence must be declared during capability activation and proven before IMPLEMENTED.
PLN-E09-021,E09,India Statutory Rules,Business / Workflow,LEGAL/DOMAIN REVALIDATION,REQUIRED_PRODUCT_UI,React product workflow / workbench,TO_BE_EVIDENCED_WITH_STORY,NOT_COMPLETE,UI applicability classified now; exact UI evidence must be declared during capability activation and proven before IMPLEMENTED.
PLN-E09-022,E09,India Statutory Rules,Business / Workflow,LEGAL/DOMAIN REVALIDATION,REQUIRED_PRODUCT_UI,React product workflow / workbench,TO_BE_EVIDENCED_WITH_STORY,NOT_COMPLETE,UI applicability classified now; exact UI evidence must be declared during capability activation and proven before IMPLEMENTED.
PLN-E09-023,E09,India Statutory Rules,Business / Workflow,LEGAL/DOMAIN REVALIDATION,REQUIRED_PRODUCT_UI,React product workflow / workbench,TO_BE_EVIDENCED_WITH_STORY,NOT_COMPLETE,UI applicability classified now; exact UI evidence must be declared during capability activation and proven before IMPLEMENTED.
PLN-E09-024,E09,India Statutory Rules,Business / Workflow,LEGAL/DOMAIN REVALIDATION,REQUIRED_PRODUCT_UI,React product workflow / workbench,TO_BE_EVIDENCED_WITH_STORY,NOT_COMPLETE,UI applicability classified now; exact UI evidence must be declared during capability activation and proven before IMPLEMENTED.
PLN-E09-025,E09,India Statutory Rules,Business / Workflow,LEGAL/DOMAIN REVALIDATION,REQUIRED_PRODUCT_UI,React product workflow / workbench,TO_BE_EVIDENCED_WITH_STORY,NOT_COMPLETE,UI applicability classified now; exact UI evidence must be declared during capability activation and proven before IMPLEMENTED.
PLN-E10-001,E10,Off-cycle & Final Settlement,Business / Workflow,NOT STARTED,REQUIRED_PRODUCT_UI,React product workflow / workbench,TO_BE_EVIDENCED_WITH_STORY,NOT_COMPLETE,UI applicability classified now; exact UI evidence must be declared during capability activation and proven before IMPLEMENTED.
PLN-E10-002,E10,Off-cycle & Final Settlement,Business / Workflow,NOT STARTED,REQUIRED_PRODUCT_UI,React product workflow / workbench,TO_BE_EVIDENCED_WITH_STORY,NOT_COMPLETE,UI applicability classified now; exact UI evidence must be declared during capability activation and proven before IMPLEMENTED.
PLN-E10-003,E10,Off-cycle & Final Settlement,Business / Workflow,NOT STARTED,REQUIRED_PRODUCT_UI,React product workflow / workbench,TO_BE_EVIDENCED_WITH_STORY,NOT_COMPLETE,UI applicability classified now; exact UI evidence must be declared during capability activation and proven before IMPLEMENTED.
PLN-E10-004,E10,Off-cycle & Final Settlement,Business / Workflow,NOT STARTED,REQUIRED_PRODUCT_UI,React product workflow / workbench,TO_BE_EVIDENCED_WITH_STORY,NOT_COMPLETE,UI applicability classified now; exact UI evidence must be declared during capability activation and proven before IMPLEMENTED.
PLN-E10-005,E10,Off-cycle & Final Settlement,Business / Workflow,NOT STARTED,REQUIRED_PRODUCT_UI,React product workflow / workbench,TO_BE_EVIDENCED_WITH_STORY,NOT_COMPLETE,UI applicability classified now; exact UI evidence must be declared during capability activation and proven before IMPLEMENTED.
PLN-E10-006,E10,Off-cycle & Final Settlement,Business / Workflow,NOT STARTED,REQUIRED_PRODUCT_UI,React product workflow / workbench,TO_BE_EVIDENCED_WITH_STORY,NOT_COMPLETE,UI applicability classified now; exact UI evidence must be declared during capability activation and proven before IMPLEMENTED.
PLN-E10-007,E10,Off-cycle & Final Settlement,Business / Workflow,NOT STARTED,REQUIRED_PRODUCT_UI,React product workflow / workbench,TO_BE_EVIDENCED_WITH_STORY,NOT_COMPLETE,UI applicability classified now; exact UI evidence must be declared during capability activation and proven before IMPLEMENTED.
PLN-E10-008,E10,Off-cycle & Final Settlement,Business / Workflow,NOT STARTED,REQUIRED_PRODUCT_UI,React product workflow / workbench,TO_BE_EVIDENCED_WITH_STORY,NOT_COMPLETE,UI applicability classified now; exact UI evidence must be declared during capability activation and proven before IMPLEMENTED.
PLN-E10-009,E10,Off-cycle & Final Settlement,Business / Workflow,NOT STARTED,REQUIRED_PRODUCT_UI,React product workflow / workbench,TO_BE_EVIDENCED_WITH_STORY,NOT_COMPLETE,UI applicability classified now; exact UI evidence must be declared during capability activation and proven before IMPLEMENTED.
PLN-E10-010,E10,Off-cycle & Final Settlement,Business / Workflow,NOT STARTED,REQUIRED_PRODUCT_UI,React product workflow / workbench,TO_BE_EVIDENCED_WITH_STORY,NOT_COMPLETE,UI applicability classified now; exact UI evidence must be declared during capability activation and proven before IMPLEMENTED.
PLN-E10-011,E10,Off-cycle & Final Settlement,Business / Workflow,NOT STARTED,REQUIRED_PRODUCT_UI,React product workflow / workbench,TO_BE_EVIDENCED_WITH_STORY,NOT_COMPLETE,UI applicability classified now; exact UI evidence must be declared during capability activation and proven before IMPLEMENTED.
PLN-E10-012,E10,Off-cycle & Final Settlement,Business / Workflow,NOT STARTED,REQUIRED_PRODUCT_UI,React product workflow / workbench,TO_BE_EVIDENCED_WITH_STORY,NOT_COMPLETE,UI applicability classified now; exact UI evidence must be declared during capability activation and proven before IMPLEMENTED.
PLN-E10-013,E10,Off-cycle & Final Settlement,Business / Workflow,NOT STARTED,REQUIRED_PRODUCT_UI,React product workflow / workbench,TO_BE_EVIDENCED_WITH_STORY,NOT_COMPLETE,UI applicability classified now; exact UI evidence must be declared during capability activation and proven before IMPLEMENTED.
PLN-E10-014,E10,Off-cycle & Final Settlement,Business / Workflow,NOT STARTED,REQUIRED_PRODUCT_UI,React product workflow / workbench,TO_BE_EVIDENCED_WITH_STORY,NOT_COMPLETE,UI applicability classified now; exact UI evidence must be declared during capability activation and proven before IMPLEMENTED.
PLN-E10-015,E10,Off-cycle & Final Settlement,Business / Workflow,NOT STARTED,REQUIRED_PRODUCT_UI,React product workflow / workbench,TO_BE_EVIDENCED_WITH_STORY,NOT_COMPLETE,UI applicability classified now; exact UI evidence must be declared during capability activation and proven before IMPLEMENTED.
PLN-E10-016,E10,Off-cycle & Final Settlement,Business / Workflow,NOT STARTED,REQUIRED_PRODUCT_UI,React product workflow / workbench,TO_BE_EVIDENCED_WITH_STORY,NOT_COMPLETE,UI applicability classified now; exact UI evidence must be declared during capability activation and proven before IMPLEMENTED.
PLN-E10-017,E10,Off-cycle & Final Settlement,Business / Workflow,NOT STARTED,REQUIRED_PRODUCT_UI,React product workflow / workbench,TO_BE_EVIDENCED_WITH_STORY,NOT_COMPLETE,UI applicability classified now; exact UI evidence must be declared during capability activation and proven before IMPLEMENTED.
PLN-E10-018,E10,Off-cycle & Final Settlement,Business / Workflow,NOT STARTED,REQUIRED_PRODUCT_UI,React product workflow / workbench,TO_BE_EVIDENCED_WITH_STORY,NOT_COMPLETE,UI applicability classified now; exact UI evidence must be declared during capability activation and proven before IMPLEMENTED.
PLN-E10-019,E10,Off-cycle & Final Settlement,Business / Workflow,NOT STARTED,REQUIRED_PRODUCT_UI,React product workflow / workbench,TO_BE_EVIDENCED_WITH_STORY,NOT_COMPLETE,UI applicability classified now; exact UI evidence must be declared during capability activation and proven before IMPLEMENTED.
PLN-E10-020,E10,Off-cycle & Final Settlement,Business / Workflow,NOT STARTED,REQUIRED_PRODUCT_UI,React product workflow / workbench,TO_BE_EVIDENCED_WITH_STORY,NOT_COMPLETE,UI applicability classified now; exact UI evidence must be declared during capability activation and proven before IMPLEMENTED.
PLN-E10-021,E10,Off-cycle & Final Settlement,Business / Workflow,NOT STARTED,REQUIRED_PRODUCT_UI,React product workflow / workbench,TO_BE_EVIDENCED_WITH_STORY,NOT_COMPLETE,UI applicability classified now; exact UI evidence must be declared during capability activation and proven before IMPLEMENTED.
PLN-E10-022,E10,Off-cycle & Final Settlement,Business / Workflow,NOT STARTED,REQUIRED_PRODUCT_UI,React product workflow / workbench,TO_BE_EVIDENCED_WITH_STORY,NOT_COMPLETE,UI applicability classified now; exact UI evidence must be declared during capability activation and proven before IMPLEMENTED.
PLN-E10-023,E10,Off-cycle & Final Settlement,Business / Workflow,NOT STARTED,REQUIRED_PRODUCT_UI,React product workflow / workbench,TO_BE_EVIDENCED_WITH_STORY,NOT_COMPLETE,UI applicability classified now; exact UI evidence must be declared during capability activation and proven before IMPLEMENTED.
PLN-E10-024,E10,Off-cycle & Final Settlement,Business / Workflow,NOT STARTED,REQUIRED_PRODUCT_UI,React product workflow / workbench,TO_BE_EVIDENCED_WITH_STORY,NOT_COMPLETE,UI applicability classified now; exact UI evidence must be declared during capability activation and proven before IMPLEMENTED.
PLN-E10-025,E10,Off-cycle & Final Settlement,Business / Workflow,NOT STARTED,REQUIRED_PRODUCT_UI,React product workflow / workbench,TO_BE_EVIDENCED_WITH_STORY,NOT_COMPLETE,UI applicability classified now; exact UI evidence must be declared during capability activation and proven before IMPLEMENTED.
PLN-E10-026,E10,Off-cycle & Final Settlement,Business / Workflow,NOT STARTED,REQUIRED_PRODUCT_UI,React product workflow / workbench,TO_BE_EVIDENCED_WITH_STORY,NOT_COMPLETE,UI applicability classified now; exact UI evidence must be declared during capability activation and proven before IMPLEMENTED.
PLN-E11-001,E11,Payments,Business / Workflow,NOT STARTED,REQUIRED_PRODUCT_UI,React product workflow / workbench,TO_BE_EVIDENCED_WITH_STORY,NOT_COMPLETE,UI applicability classified now; exact UI evidence must be declared during capability activation and proven before IMPLEMENTED.
PLN-E11-002,E11,Payments,Business / Workflow,NOT STARTED,REQUIRED_PRODUCT_UI,React product workflow / workbench,TO_BE_EVIDENCED_WITH_STORY,NOT_COMPLETE,UI applicability classified now; exact UI evidence must be declared during capability activation and proven before IMPLEMENTED.
PLN-E11-003,E11,Payments,Business / Workflow,NOT STARTED,REQUIRED_PRODUCT_UI,React product workflow / workbench,TO_BE_EVIDENCED_WITH_STORY,NOT_COMPLETE,UI applicability classified now; exact UI evidence must be declared during capability activation and proven before IMPLEMENTED.
PLN-E11-004,E11,Payments,Business / Workflow,NOT STARTED,REQUIRED_PRODUCT_UI,React product workflow / workbench,TO_BE_EVIDENCED_WITH_STORY,NOT_COMPLETE,UI applicability classified now; exact UI evidence must be declared during capability activation and proven before IMPLEMENTED.
PLN-E11-005,E11,Payments,Business / Workflow,NOT STARTED,REQUIRED_PRODUCT_UI,React product workflow / workbench,TO_BE_EVIDENCED_WITH_STORY,NOT_COMPLETE,UI applicability classified now; exact UI evidence must be declared during capability activation and proven before IMPLEMENTED.
PLN-E11-006,E11,Payments,Business / Workflow,NOT STARTED,REQUIRED_PRODUCT_UI,React product workflow / workbench,TO_BE_EVIDENCED_WITH_STORY,NOT_COMPLETE,UI applicability classified now; exact UI evidence must be declared during capability activation and proven before IMPLEMENTED.
PLN-E11-007,E11,Payments,Business / Workflow,NOT STARTED,REQUIRED_PRODUCT_UI,React product workflow / workbench,TO_BE_EVIDENCED_WITH_STORY,NOT_COMPLETE,UI applicability classified now; exact UI evidence must be declared during capability activation and proven before IMPLEMENTED.
PLN-E11-008,E11,Payments,Business / Workflow,NOT STARTED,REQUIRED_PRODUCT_UI,React product workflow / workbench,TO_BE_EVIDENCED_WITH_STORY,NOT_COMPLETE,UI applicability classified now; exact UI evidence must be declared during capability activation and proven before IMPLEMENTED.
PLN-E11-009,E11,Payments,Business / Workflow,NOT STARTED,REQUIRED_PRODUCT_UI,React product workflow / workbench,TO_BE_EVIDENCED_WITH_STORY,NOT_COMPLETE,UI applicability classified now; exact UI evidence must be declared during capability activation and proven before IMPLEMENTED.
PLN-E11-010,E11,Payments,Business / Workflow,NOT STARTED,REQUIRED_PRODUCT_UI,React product workflow / workbench,TO_BE_EVIDENCED_WITH_STORY,NOT_COMPLETE,UI applicability classified now; exact UI evidence must be declared during capability activation and proven before IMPLEMENTED.
PLN-E11-011,E11,Payments,Business / Workflow,NOT STARTED,REQUIRED_PRODUCT_UI,React product workflow / workbench,TO_BE_EVIDENCED_WITH_STORY,NOT_COMPLETE,UI applicability classified now; exact UI evidence must be declared during capability activation and proven before IMPLEMENTED.
PLN-E11-012,E11,Payments,Business / Workflow,NOT STARTED,REQUIRED_PRODUCT_UI,React product workflow / workbench,TO_BE_EVIDENCED_WITH_STORY,NOT_COMPLETE,UI applicability classified now; exact UI evidence must be declared during capability activation and proven before IMPLEMENTED.
PLN-E11-013,E11,Payments,Business / Workflow,NOT STARTED,REQUIRED_PRODUCT_UI,React product workflow / workbench,TO_BE_EVIDENCED_WITH_STORY,NOT_COMPLETE,UI applicability classified now; exact UI evidence must be declared during capability activation and proven before IMPLEMENTED.
PLN-E11-014,E11,Payments,Business / Workflow,NOT STARTED,REQUIRED_PRODUCT_UI,React product workflow / workbench,TO_BE_EVIDENCED_WITH_STORY,NOT_COMPLETE,UI applicability classified now; exact UI evidence must be declared during capability activation and proven before IMPLEMENTED.
PLN-E11-015,E11,Payments,Business / Workflow,NOT STARTED,REQUIRED_PRODUCT_UI,React product workflow / workbench,TO_BE_EVIDENCED_WITH_STORY,NOT_COMPLETE,UI applicability classified now; exact UI evidence must be declared during capability activation and proven before IMPLEMENTED.
PLN-E11-016,E11,Payments,Business / Workflow,NOT STARTED,REQUIRED_PRODUCT_UI,React product workflow / workbench,TO_BE_EVIDENCED_WITH_STORY,NOT_COMPLETE,UI applicability classified now; exact UI evidence must be declared during capability activation and proven before IMPLEMENTED.
PLN-E11-017,E11,Payments,Business / Workflow,NOT STARTED,REQUIRED_PRODUCT_UI,React product workflow / workbench,TO_BE_EVIDENCED_WITH_STORY,NOT_COMPLETE,UI applicability classified now; exact UI evidence must be declared during capability activation and proven before IMPLEMENTED.
PLN-E11-018,E11,Payments,Business / Workflow,NOT STARTED,REQUIRED_PRODUCT_UI,React product workflow / workbench,TO_BE_EVIDENCED_WITH_STORY,NOT_COMPLETE,UI applicability classified now; exact UI evidence must be declared during capability activation and proven before IMPLEMENTED.
PLN-E11-019,E11,Payments,Business / Workflow,NOT STARTED,REQUIRED_PRODUCT_UI,React product workflow / workbench,TO_BE_EVIDENCED_WITH_STORY,NOT_COMPLETE,UI applicability classified now; exact UI evidence must be declared during capability activation and proven before IMPLEMENTED.
PLN-E11-020,E11,Payments,Business / Workflow,NOT STARTED,REQUIRED_PRODUCT_UI,React product workflow / workbench,TO_BE_EVIDENCED_WITH_STORY,NOT_COMPLETE,UI applicability classified now; exact UI evidence must be declared during capability activation and proven before IMPLEMENTED.
PLN-E11-021,E11,Payments,Business / Workflow,NOT STARTED,REQUIRED_PRODUCT_UI,React product workflow / workbench,TO_BE_EVIDENCED_WITH_STORY,NOT_COMPLETE,UI applicability classified now; exact UI evidence must be declared during capability activation and proven before IMPLEMENTED.
PLN-E12-001,E12,Accounting,Business / Workflow,NOT STARTED,REQUIRED_PRODUCT_UI,React product workflow / workbench,TO_BE_EVIDENCED_WITH_STORY,NOT_COMPLETE,UI applicability classified now; exact UI evidence must be declared during capability activation and proven before IMPLEMENTED.
PLN-E12-002,E12,Accounting,Business / Workflow,NOT STARTED,REQUIRED_PRODUCT_UI,React product workflow / workbench,TO_BE_EVIDENCED_WITH_STORY,NOT_COMPLETE,UI applicability classified now; exact UI evidence must be declared during capability activation and proven before IMPLEMENTED.
PLN-E12-003,E12,Accounting,Business / Workflow,NOT STARTED,REQUIRED_PRODUCT_UI,React product workflow / workbench,TO_BE_EVIDENCED_WITH_STORY,NOT_COMPLETE,UI applicability classified now; exact UI evidence must be declared during capability activation and proven before IMPLEMENTED.
PLN-E12-004,E12,Accounting,Business / Workflow,NOT STARTED,REQUIRED_PRODUCT_UI,React product workflow / workbench,TO_BE_EVIDENCED_WITH_STORY,NOT_COMPLETE,UI applicability classified now; exact UI evidence must be declared during capability activation and proven before IMPLEMENTED.
PLN-E12-005,E12,Accounting,Business / Workflow,NOT STARTED,REQUIRED_PRODUCT_UI,React product workflow / workbench,TO_BE_EVIDENCED_WITH_STORY,NOT_COMPLETE,UI applicability classified now; exact UI evidence must be declared during capability activation and proven before IMPLEMENTED.
PLN-E12-006,E12,Accounting,Business / Workflow,NOT STARTED,REQUIRED_PRODUCT_UI,React product workflow / workbench,TO_BE_EVIDENCED_WITH_STORY,NOT_COMPLETE,UI applicability classified now; exact UI evidence must be declared during capability activation and proven before IMPLEMENTED.
PLN-E12-007,E12,Accounting,Business / Workflow,NOT STARTED,REQUIRED_PRODUCT_UI,React product workflow / workbench,TO_BE_EVIDENCED_WITH_STORY,NOT_COMPLETE,UI applicability classified now; exact UI evidence must be declared during capability activation and proven before IMPLEMENTED.
PLN-E12-008,E12,Accounting,Business / Workflow,NOT STARTED,REQUIRED_PRODUCT_UI,React product workflow / workbench,TO_BE_EVIDENCED_WITH_STORY,NOT_COMPLETE,UI applicability classified now; exact UI evidence must be declared during capability activation and proven before IMPLEMENTED.
PLN-E12-009,E12,Accounting,Business / Workflow,NOT STARTED,REQUIRED_PRODUCT_UI,React product workflow / workbench,TO_BE_EVIDENCED_WITH_STORY,NOT_COMPLETE,UI applicability classified now; exact UI evidence must be declared during capability activation and proven before IMPLEMENTED.
PLN-E12-010,E12,Accounting,Business / Workflow,NOT STARTED,REQUIRED_PRODUCT_UI,React product workflow / workbench,TO_BE_EVIDENCED_WITH_STORY,NOT_COMPLETE,UI applicability classified now; exact UI evidence must be declared during capability activation and proven before IMPLEMENTED.
PLN-E12-011,E12,Accounting,Business / Workflow,NOT STARTED,REQUIRED_PRODUCT_UI,React product workflow / workbench,TO_BE_EVIDENCED_WITH_STORY,NOT_COMPLETE,UI applicability classified now; exact UI evidence must be declared during capability activation and proven before IMPLEMENTED.
PLN-E12-012,E12,Accounting,Business / Workflow,NOT STARTED,REQUIRED_PRODUCT_UI,React product workflow / workbench,TO_BE_EVIDENCED_WITH_STORY,NOT_COMPLETE,UI applicability classified now; exact UI evidence must be declared during capability activation and proven before IMPLEMENTED.
PLN-E12-013,E12,Accounting,Business / Workflow,NOT STARTED,REQUIRED_PRODUCT_UI,React product workflow / workbench,TO_BE_EVIDENCED_WITH_STORY,NOT_COMPLETE,UI applicability classified now; exact UI evidence must be declared during capability activation and proven before IMPLEMENTED.
PLN-E12-014,E12,Accounting,Business / Workflow,NOT STARTED,REQUIRED_PRODUCT_UI,React product workflow / workbench,TO_BE_EVIDENCED_WITH_STORY,NOT_COMPLETE,UI applicability classified now; exact UI evidence must be declared during capability activation and proven before IMPLEMENTED.
PLN-E12-015,E12,Accounting,Business / Workflow,NOT STARTED,REQUIRED_PRODUCT_UI,React product workflow / workbench,TO_BE_EVIDENCED_WITH_STORY,NOT_COMPLETE,UI applicability classified now; exact UI evidence must be declared during capability activation and proven before IMPLEMENTED.
PLN-E12-016,E12,Accounting,Business / Workflow,NOT STARTED,REQUIRED_PRODUCT_UI,React product workflow / workbench,TO_BE_EVIDENCED_WITH_STORY,NOT_COMPLETE,UI applicability classified now; exact UI evidence must be declared during capability activation and proven before IMPLEMENTED.
PLN-E12-017,E12,Accounting,Business / Workflow,NOT STARTED,REQUIRED_PRODUCT_UI,React product workflow / workbench,TO_BE_EVIDENCED_WITH_STORY,NOT_COMPLETE,UI applicability classified now; exact UI evidence must be declared during capability activation and proven before IMPLEMENTED.
PLN-E12-018,E12,Accounting,Business / Workflow,NOT STARTED,REQUIRED_PRODUCT_UI,React product workflow / workbench,TO_BE_EVIDENCED_WITH_STORY,NOT_COMPLETE,UI applicability classified now; exact UI evidence must be declared during capability activation and proven before IMPLEMENTED.
PLN-E12-019,E12,Accounting,Business / Workflow,NOT STARTED,REQUIRED_PRODUCT_UI,React product workflow / workbench,TO_BE_EVIDENCED_WITH_STORY,NOT_COMPLETE,UI applicability classified now; exact UI evidence must be declared during capability activation and proven before IMPLEMENTED.
PLN-E12-020,E12,Accounting,Business / Workflow,NOT STARTED,REQUIRED_PRODUCT_UI,React product workflow / workbench,TO_BE_EVIDENCED_WITH_STORY,NOT_COMPLETE,UI applicability classified now; exact UI evidence must be declared during capability activation and proven before IMPLEMENTED.
PLN-E12-021,E12,Accounting,Business / Workflow,NOT STARTED,REQUIRED_PRODUCT_UI,React product workflow / workbench,TO_BE_EVIDENCED_WITH_STORY,NOT_COMPLETE,UI applicability classified now; exact UI evidence must be declared during capability activation and proven before IMPLEMENTED.
PLN-E12-022,E12,Accounting,Business / Workflow,NOT STARTED,REQUIRED_PRODUCT_UI,React product workflow / workbench,TO_BE_EVIDENCED_WITH_STORY,NOT_COMPLETE,UI applicability classified now; exact UI evidence must be declared during capability activation and proven before IMPLEMENTED.
PLN-E13-001,E13,Payslips & ESS,Business / Workflow,NOT EVIDENCED,REQUIRED_PRODUCT_UI,React product workflow / workbench,TO_BE_EVIDENCED_WITH_STORY,NOT_COMPLETE,UI applicability classified now; exact UI evidence must be declared during capability activation and proven before IMPLEMENTED.
PLN-E13-002,E13,Payslips & ESS,Business / Workflow,NOT EVIDENCED,REQUIRED_PRODUCT_UI,React product workflow / workbench,TO_BE_EVIDENCED_WITH_STORY,NOT_COMPLETE,UI applicability classified now; exact UI evidence must be declared during capability activation and proven before IMPLEMENTED.
PLN-E13-003,E13,Payslips & ESS,Business / Workflow,NOT EVIDENCED,REQUIRED_PRODUCT_UI,React product workflow / workbench,TO_BE_EVIDENCED_WITH_STORY,NOT_COMPLETE,UI applicability classified now; exact UI evidence must be declared during capability activation and proven before IMPLEMENTED.
PLN-E13-004,E13,Payslips & ESS,Business / Workflow,PARTIALLY IMPLEMENTED,REQUIRED_PRODUCT_UI,React product workflow / workbench,TO_BE_EVIDENCED_WITH_STORY,NOT_COMPLETE,UI applicability classified now; exact UI evidence must be declared during capability activation and proven before IMPLEMENTED.
PLN-E13-005,E13,Payslips & ESS,Business / Workflow,PARTIALLY IMPLEMENTED,REQUIRED_PRODUCT_UI,React product workflow / workbench,TO_BE_EVIDENCED_WITH_STORY,NOT_COMPLETE,UI applicability classified now; exact UI evidence must be declared during capability activation and proven before IMPLEMENTED.
PLN-E13-006,E13,Payslips & ESS,Business / Workflow,NOT EVIDENCED,REQUIRED_PRODUCT_UI,React product workflow / workbench,TO_BE_EVIDENCED_WITH_STORY,NOT_COMPLETE,UI applicability classified now; exact UI evidence must be declared during capability activation and proven before IMPLEMENTED.
PLN-E13-007,E13,Payslips & ESS,Business / Workflow,NOT EVIDENCED,REQUIRED_PRODUCT_UI,React product workflow / workbench,TO_BE_EVIDENCED_WITH_STORY,NOT_COMPLETE,UI applicability classified now; exact UI evidence must be declared during capability activation and proven before IMPLEMENTED.
PLN-E13-008,E13,Payslips & ESS,Business / Workflow,PARTIALLY IMPLEMENTED,REQUIRED_PRODUCT_UI,React product workflow / workbench,TO_BE_EVIDENCED_WITH_STORY,NOT_COMPLETE,UI applicability classified now; exact UI evidence must be declared during capability activation and proven before IMPLEMENTED.
PLN-E13-009,E13,Payslips & ESS,Business / Workflow,NOT EVIDENCED,REQUIRED_PRODUCT_UI,React product workflow / workbench,TO_BE_EVIDENCED_WITH_STORY,NOT_COMPLETE,UI applicability classified now; exact UI evidence must be declared during capability activation and proven before IMPLEMENTED.
PLN-E13-010,E13,Payslips & ESS,Business / Workflow,NOT EVIDENCED,REQUIRED_PRODUCT_UI,React product workflow / workbench,TO_BE_EVIDENCED_WITH_STORY,NOT_COMPLETE,UI applicability classified now; exact UI evidence must be declared during capability activation and proven before IMPLEMENTED.
PLN-E13-011,E13,Payslips & ESS,Business / Workflow,NOT EVIDENCED,REQUIRED_PRODUCT_UI,React product workflow / workbench,TO_BE_EVIDENCED_WITH_STORY,NOT_COMPLETE,UI applicability classified now; exact UI evidence must be declared during capability activation and proven before IMPLEMENTED.
PLN-E13-012,E13,Payslips & ESS,Business / Workflow,PARTIALLY IMPLEMENTED,REQUIRED_PRODUCT_UI,React product workflow / workbench,TO_BE_EVIDENCED_WITH_STORY,NOT_COMPLETE,UI applicability classified now; exact UI evidence must be declared during capability activation and proven before IMPLEMENTED.
PLN-E13-013,E13,Payslips & ESS,Business / Workflow,NOT EVIDENCED,REQUIRED_PRODUCT_UI,React product workflow / workbench,TO_BE_EVIDENCED_WITH_STORY,NOT_COMPLETE,UI applicability classified now; exact UI evidence must be declared during capability activation and proven before IMPLEMENTED.
PLN-E13-014,E13,Payslips & ESS,Business / Workflow,NOT EVIDENCED,REQUIRED_PRODUCT_UI,React product workflow / workbench,TO_BE_EVIDENCED_WITH_STORY,NOT_COMPLETE,UI applicability classified now; exact UI evidence must be declared during capability activation and proven before IMPLEMENTED.
PLN-E13-015,E13,Payslips & ESS,Business / Workflow,NOT EVIDENCED,REQUIRED_PRODUCT_UI,React product workflow / workbench,TO_BE_EVIDENCED_WITH_STORY,NOT_COMPLETE,UI applicability classified now; exact UI evidence must be declared during capability activation and proven before IMPLEMENTED.
PLN-E13-016,E13,Payslips & ESS,Business / Workflow,NOT EVIDENCED,REQUIRED_PRODUCT_UI,React product workflow / workbench,TO_BE_EVIDENCED_WITH_STORY,NOT_COMPLETE,UI applicability classified now; exact UI evidence must be declared during capability activation and proven before IMPLEMENTED.
PLN-E13-017,E13,Payslips & ESS,Business / Workflow,NOT EVIDENCED,REQUIRED_PRODUCT_UI,React product workflow / workbench,TO_BE_EVIDENCED_WITH_STORY,NOT_COMPLETE,UI applicability classified now; exact UI evidence must be declared during capability activation and proven before IMPLEMENTED.
PLN-E13-018,E13,Payslips & ESS,Business / Workflow,NOT EVIDENCED,REQUIRED_PRODUCT_UI,React product workflow / workbench,TO_BE_EVIDENCED_WITH_STORY,NOT_COMPLETE,UI applicability classified now; exact UI evidence must be declared during capability activation and proven before IMPLEMENTED.
PLN-E13-019,E13,Payslips & ESS,Business / Workflow,NOT EVIDENCED,REQUIRED_PRODUCT_UI,React product workflow / workbench,TO_BE_EVIDENCED_WITH_STORY,NOT_COMPLETE,UI applicability classified now; exact UI evidence must be declared during capability activation and proven before IMPLEMENTED.
PLN-E13-020,E13,Payslips & ESS,Business / Workflow,NOT EVIDENCED,REQUIRED_PRODUCT_UI,React product workflow / workbench,TO_BE_EVIDENCED_WITH_STORY,NOT_COMPLETE,UI applicability classified now; exact UI evidence must be declared during capability activation and proven before IMPLEMENTED.
PLN-E13-021,E13,Payslips & ESS,Business / Workflow,NOT EVIDENCED,REQUIRED_PRODUCT_UI,React product workflow / workbench,TO_BE_EVIDENCED_WITH_STORY,NOT_COMPLETE,UI applicability classified now; exact UI evidence must be declared during capability activation and proven before IMPLEMENTED.
PLN-E14-001,E14,Reporting & Communications,Business / Workflow,NOT STARTED,REQUIRED_PRODUCT_UI,React product workflow / workbench,TO_BE_EVIDENCED_WITH_STORY,NOT_COMPLETE,UI applicability classified now; exact UI evidence must be declared during capability activation and proven before IMPLEMENTED.
PLN-E14-002,E14,Reporting & Communications,Business / Workflow,NOT STARTED,REQUIRED_PRODUCT_UI,React product workflow / workbench,TO_BE_EVIDENCED_WITH_STORY,NOT_COMPLETE,UI applicability classified now; exact UI evidence must be declared during capability activation and proven before IMPLEMENTED.
PLN-E14-003,E14,Reporting & Communications,Business / Workflow,NOT STARTED,REQUIRED_PRODUCT_UI,React product workflow / workbench,TO_BE_EVIDENCED_WITH_STORY,NOT_COMPLETE,UI applicability classified now; exact UI evidence must be declared during capability activation and proven before IMPLEMENTED.
PLN-E14-004,E14,Reporting & Communications,Business / Workflow,NOT STARTED,REQUIRED_PRODUCT_UI,React product workflow / workbench,TO_BE_EVIDENCED_WITH_STORY,NOT_COMPLETE,UI applicability classified now; exact UI evidence must be declared during capability activation and proven before IMPLEMENTED.
PLN-E14-005,E14,Reporting & Communications,Business / Workflow,NOT STARTED,REQUIRED_PRODUCT_UI,React product workflow / workbench,TO_BE_EVIDENCED_WITH_STORY,NOT_COMPLETE,UI applicability classified now; exact UI evidence must be declared during capability activation and proven before IMPLEMENTED.
PLN-E14-006,E14,Reporting & Communications,Business / Workflow,NOT STARTED,REQUIRED_PRODUCT_UI,React product workflow / workbench,TO_BE_EVIDENCED_WITH_STORY,NOT_COMPLETE,UI applicability classified now; exact UI evidence must be declared during capability activation and proven before IMPLEMENTED.
PLN-E14-007,E14,Reporting & Communications,Business / Workflow,NOT STARTED,REQUIRED_PRODUCT_UI,React product workflow / workbench,TO_BE_EVIDENCED_WITH_STORY,NOT_COMPLETE,UI applicability classified now; exact UI evidence must be declared during capability activation and proven before IMPLEMENTED.
PLN-E14-008,E14,Reporting & Communications,Business / Workflow,NOT STARTED,REQUIRED_PRODUCT_UI,React product workflow / workbench,TO_BE_EVIDENCED_WITH_STORY,NOT_COMPLETE,UI applicability classified now; exact UI evidence must be declared during capability activation and proven before IMPLEMENTED.
PLN-E14-009,E14,Reporting & Communications,Business / Workflow,NOT STARTED,REQUIRED_PRODUCT_UI,React product workflow / workbench,TO_BE_EVIDENCED_WITH_STORY,NOT_COMPLETE,UI applicability classified now; exact UI evidence must be declared during capability activation and proven before IMPLEMENTED.
PLN-E14-010,E14,Reporting & Communications,Business / Workflow,NOT STARTED,REQUIRED_PRODUCT_UI,React product workflow / workbench,TO_BE_EVIDENCED_WITH_STORY,NOT_COMPLETE,UI applicability classified now; exact UI evidence must be declared during capability activation and proven before IMPLEMENTED.
PLN-E14-011,E14,Reporting & Communications,Business / Workflow,NOT STARTED,REQUIRED_PRODUCT_UI,React product workflow / workbench,TO_BE_EVIDENCED_WITH_STORY,NOT_COMPLETE,UI applicability classified now; exact UI evidence must be declared during capability activation and proven before IMPLEMENTED.
PLN-E14-012,E14,Reporting & Communications,Business / Workflow,NOT STARTED,REQUIRED_PRODUCT_UI,React product workflow / workbench,TO_BE_EVIDENCED_WITH_STORY,NOT_COMPLETE,UI applicability classified now; exact UI evidence must be declared during capability activation and proven before IMPLEMENTED.
PLN-E14-013,E14,Reporting & Communications,Business / Workflow,NOT STARTED,REQUIRED_PRODUCT_UI,React product workflow / workbench,TO_BE_EVIDENCED_WITH_STORY,NOT_COMPLETE,UI applicability classified now; exact UI evidence must be declared during capability activation and proven before IMPLEMENTED.
PLN-E14-014,E14,Reporting & Communications,Business / Workflow,NOT STARTED,REQUIRED_PRODUCT_UI,React product workflow / workbench,TO_BE_EVIDENCED_WITH_STORY,NOT_COMPLETE,UI applicability classified now; exact UI evidence must be declared during capability activation and proven before IMPLEMENTED.
PLN-E14-015,E14,Reporting & Communications,Business / Workflow,NOT STARTED,REQUIRED_PRODUCT_UI,React product workflow / workbench,TO_BE_EVIDENCED_WITH_STORY,NOT_COMPLETE,UI applicability classified now; exact UI evidence must be declared during capability activation and proven before IMPLEMENTED.
PLN-E15-001,E15,Audit & Security,Business / Workflow,PARTIALLY IMPLEMENTED,REQUIRED_PRODUCT_UI,React product workflow / workbench,TO_BE_EVIDENCED_WITH_STORY,NOT_COMPLETE,UI applicability classified now; exact UI evidence must be declared during capability activation and proven before IMPLEMENTED.
PLN-E15-002,E15,Audit & Security,Business / Workflow,PARTIALLY IMPLEMENTED,REQUIRED_PRODUCT_UI,React product workflow / workbench,TO_BE_EVIDENCED_WITH_STORY,NOT_COMPLETE,UI applicability classified now; exact UI evidence must be declared during capability activation and proven before IMPLEMENTED.
PLN-E15-003,E15,Audit & Security,Business / Workflow,PARTIALLY IMPLEMENTED,REQUIRED_PRODUCT_UI,React product workflow / workbench,TO_BE_EVIDENCED_WITH_STORY,NOT_COMPLETE,UI applicability classified now; exact UI evidence must be declared during capability activation and proven before IMPLEMENTED.
PLN-E15-004,E15,Audit & Security,Business / Workflow,PARTIALLY IMPLEMENTED,REQUIRED_PRODUCT_UI,React product workflow / workbench,TO_BE_EVIDENCED_WITH_STORY,NOT_COMPLETE,UI applicability classified now; exact UI evidence must be declared during capability activation and proven before IMPLEMENTED.
PLN-E15-005,E15,Audit & Security,Business / Workflow,PARTIALLY IMPLEMENTED,REQUIRED_PRODUCT_UI,React product workflow / workbench,TO_BE_EVIDENCED_WITH_STORY,NOT_COMPLETE,UI applicability classified now; exact UI evidence must be declared during capability activation and proven before IMPLEMENTED.
PLN-E15-006,E15,Audit & Security,Business / Workflow,NOT EVIDENCED,REQUIRED_PRODUCT_UI,React product workflow / workbench,TO_BE_EVIDENCED_WITH_STORY,NOT_COMPLETE,UI applicability classified now; exact UI evidence must be declared during capability activation and proven before IMPLEMENTED.
PLN-E15-007,E15,Audit & Security,Business / Workflow,NOT EVIDENCED,REQUIRED_PRODUCT_UI,React product workflow / workbench,TO_BE_EVIDENCED_WITH_STORY,NOT_COMPLETE,UI applicability classified now; exact UI evidence must be declared during capability activation and proven before IMPLEMENTED.
PLN-E15-008,E15,Audit & Security,Business / Workflow,NOT EVIDENCED,REQUIRED_PRODUCT_UI,React product workflow / workbench,TO_BE_EVIDENCED_WITH_STORY,NOT_COMPLETE,UI applicability classified now; exact UI evidence must be declared during capability activation and proven before IMPLEMENTED.
PLN-E15-009,E15,Audit & Security,Business / Workflow,PARTIALLY IMPLEMENTED,REQUIRED_PRODUCT_UI,React product workflow / workbench,TO_BE_EVIDENCED_WITH_STORY,NOT_COMPLETE,UI applicability classified now; exact UI evidence must be declared during capability activation and proven before IMPLEMENTED.
PLN-E15-010,E15,Audit & Security,Business / Workflow,PARTIALLY IMPLEMENTED,REQUIRED_PRODUCT_UI,React product workflow / workbench,TO_BE_EVIDENCED_WITH_STORY,NOT_COMPLETE,UI applicability classified now; exact UI evidence must be declared during capability activation and proven before IMPLEMENTED.
PLN-E15-011,E15,Audit & Security,Business / Workflow,PARTIALLY IMPLEMENTED,REQUIRED_PRODUCT_UI,React product workflow / workbench,TO_BE_EVIDENCED_WITH_STORY,NOT_COMPLETE,UI applicability classified now; exact UI evidence must be declared during capability activation and proven before IMPLEMENTED.
PLN-E15-012,E15,Audit & Security,Business / Workflow,PARTIALLY IMPLEMENTED,REQUIRED_PRODUCT_UI,React product workflow / workbench,TO_BE_EVIDENCED_WITH_STORY,NOT_COMPLETE,UI applicability classified now; exact UI evidence must be declared during capability activation and proven before IMPLEMENTED.
PLN-E15-013,E15,Audit & Security,Business / Workflow,PARTIALLY IMPLEMENTED,REQUIRED_PRODUCT_UI,React product workflow / workbench,TO_BE_EVIDENCED_WITH_STORY,NOT_COMPLETE,UI applicability classified now; exact UI evidence must be declared during capability activation and proven before IMPLEMENTED.
PLN-E15-014,E15,Audit & Security,Business / Workflow,NOT EVIDENCED,REQUIRED_PRODUCT_UI,React product workflow / workbench,TO_BE_EVIDENCED_WITH_STORY,NOT_COMPLETE,UI applicability classified now; exact UI evidence must be declared during capability activation and proven before IMPLEMENTED.
PLN-E15-015,E15,Audit & Security,Business / Workflow,NOT EVIDENCED,REQUIRED_PRODUCT_UI,React product workflow / workbench,TO_BE_EVIDENCED_WITH_STORY,NOT_COMPLETE,UI applicability classified now; exact UI evidence must be declared during capability activation and proven before IMPLEMENTED.
PLN-E15-016,E15,Audit & Security,Business / Workflow,NOT EVIDENCED,REQUIRED_PRODUCT_UI,React product workflow / workbench,TO_BE_EVIDENCED_WITH_STORY,NOT_COMPLETE,UI applicability classified now; exact UI evidence must be declared during capability activation and proven before IMPLEMENTED.
PLN-E15-017,E15,Audit & Security,Business / Workflow,NOT EVIDENCED,REQUIRED_PRODUCT_UI,React product workflow / workbench,TO_BE_EVIDENCED_WITH_STORY,NOT_COMPLETE,UI applicability classified now; exact UI evidence must be declared during capability activation and proven before IMPLEMENTED.
PLN-E15-018,E15,Audit & Security,Business / Workflow,PARTIALLY IMPLEMENTED,REQUIRED_PRODUCT_UI,React product workflow / workbench,TO_BE_EVIDENCED_WITH_STORY,NOT_COMPLETE,UI applicability classified now; exact UI evidence must be declared during capability activation and proven before IMPLEMENTED.
PLN-E15-019,E15,Audit & Security,Business / Workflow,NOT EVIDENCED,REQUIRED_PRODUCT_UI,React product workflow / workbench,TO_BE_EVIDENCED_WITH_STORY,NOT_COMPLETE,UI applicability classified now; exact UI evidence must be declared during capability activation and proven before IMPLEMENTED.
PLN-E15-020,E15,Audit & Security,Business / Workflow,PARTIALLY IMPLEMENTED,REQUIRED_PRODUCT_UI,React product workflow / workbench,TO_BE_EVIDENCED_WITH_STORY,NOT_COMPLETE,UI applicability classified now; exact UI evidence must be declared during capability activation and proven before IMPLEMENTED.
PLN-E15-021,E15,Audit & Security,Business / Workflow,NOT EVIDENCED,REQUIRED_PRODUCT_UI,React product workflow / workbench,TO_BE_EVIDENCED_WITH_STORY,NOT_COMPLETE,UI applicability classified now; exact UI evidence must be declared during capability activation and proven before IMPLEMENTED.
PLN-E15-022,E15,Audit & Security,Business / Workflow,PARTIALLY IMPLEMENTED,REQUIRED_PRODUCT_UI,React product workflow / workbench,TO_BE_EVIDENCED_WITH_STORY,NOT_COMPLETE,UI applicability classified now; exact UI evidence must be declared during capability activation and proven before IMPLEMENTED.
PLN-E15-023,E15,Audit & Security,Business / Workflow,NOT EVIDENCED,REQUIRED_PRODUCT_UI,React product workflow / workbench,TO_BE_EVIDENCED_WITH_STORY,NOT_COMPLETE,UI applicability classified now; exact UI evidence must be declared during capability activation and proven before IMPLEMENTED.
PLN-E15-024,E15,Audit & Security,Business / Workflow,NOT EVIDENCED,REQUIRED_PRODUCT_UI,React product workflow / workbench,TO_BE_EVIDENCED_WITH_STORY,NOT_COMPLETE,UI applicability classified now; exact UI evidence must be declared during capability activation and proven before IMPLEMENTED.
PLN-E15-025,E15,Audit & Security,Business / Workflow,NOT EVIDENCED,REQUIRED_PRODUCT_UI,React product workflow / workbench,TO_BE_EVIDENCED_WITH_STORY,NOT_COMPLETE,UI applicability classified now; exact UI evidence must be declared during capability activation and proven before IMPLEMENTED.
PLN-E15-026,E15,Audit & Security,Business / Workflow,PARTIALLY IMPLEMENTED,REQUIRED_PRODUCT_UI,React product workflow / workbench,TO_BE_EVIDENCED_WITH_STORY,NOT_COMPLETE,UI applicability classified now; exact UI evidence must be declared during capability activation and proven before IMPLEMENTED.
PLN-E15-027,E15,Audit & Security,Business / Workflow,PARTIALLY IMPLEMENTED,REQUIRED_PRODUCT_UI,React product workflow / workbench,TO_BE_EVIDENCED_WITH_STORY,NOT_COMPLETE,UI applicability classified now; exact UI evidence must be declared during capability activation and proven before IMPLEMENTED.
PLN-E15-028,E15,Audit & Security,Business / Workflow,PARTIALLY IMPLEMENTED,REQUIRED_PRODUCT_UI,React product workflow / workbench,TO_BE_EVIDENCED_WITH_STORY,NOT_COMPLETE,UI applicability classified now; exact UI evidence must be declared during capability activation and proven before IMPLEMENTED.
PLN-E15-029,E15,Audit & Security,Business / Workflow,PARTIALLY IMPLEMENTED,REQUIRED_PRODUCT_UI,React product workflow / workbench,TO_BE_EVIDENCED_WITH_STORY,NOT_COMPLETE,UI applicability classified now; exact UI evidence must be declared during capability activation and proven before IMPLEMENTED.
PLN-E15-030,E15,Audit & Security,Business / Workflow,NOT EVIDENCED,REQUIRED_PRODUCT_UI,React product workflow / workbench,TO_BE_EVIDENCED_WITH_STORY,NOT_COMPLETE,UI applicability classified now; exact UI evidence must be declared during capability activation and proven before IMPLEMENTED.
PLN-E15-031,E15,Audit & Security,Business / Workflow,NOT EVIDENCED,REQUIRED_PRODUCT_UI,React product workflow / workbench,TO_BE_EVIDENCED_WITH_STORY,NOT_COMPLETE,UI applicability classified now; exact UI evidence must be declared during capability activation and proven before IMPLEMENTED.
PLN-E15-032,E15,Audit & Security,Business / Workflow,NOT EVIDENCED,REQUIRED_PRODUCT_UI,React product workflow / workbench,TO_BE_EVIDENCED_WITH_STORY,NOT_COMPLETE,UI applicability classified now; exact UI evidence must be declared during capability activation and proven before IMPLEMENTED.
PLN-E15-033,E15,Audit & Security,Business / Workflow,PARTIALLY IMPLEMENTED,REQUIRED_PRODUCT_UI,React product workflow / workbench,TO_BE_EVIDENCED_WITH_STORY,NOT_COMPLETE,UI applicability classified now; exact UI evidence must be declared during capability activation and proven before IMPLEMENTED.
PLN-E15-034,E15,Audit & Security,Business / Workflow,NOT EVIDENCED,REQUIRED_PRODUCT_UI,React product workflow / workbench,TO_BE_EVIDENCED_WITH_STORY,NOT_COMPLETE,UI applicability classified now; exact UI evidence must be declared during capability activation and proven before IMPLEMENTED.
PLN-E15-035,E15,Audit & Security,Business / Workflow,PARTIALLY IMPLEMENTED,REQUIRED_PRODUCT_UI,React product workflow / workbench,TO_BE_EVIDENCED_WITH_STORY,NOT_COMPLETE,UI applicability classified now; exact UI evidence must be declared during capability activation and proven before IMPLEMENTED.
PLN-E15-036,E15,Audit & Security,Business / Workflow,PARTIALLY IMPLEMENTED,REQUIRED_PRODUCT_UI,React product workflow / workbench,TO_BE_EVIDENCED_WITH_STORY,NOT_COMPLETE,UI applicability classified now; exact UI evidence must be declared during capability activation and proven before IMPLEMENTED.
PLN-E15-037,E15,Audit & Security,Business / Workflow,PARTIALLY IMPLEMENTED,REQUIRED_PRODUCT_UI,React product workflow / workbench,TO_BE_EVIDENCED_WITH_STORY,NOT_COMPLETE,UI applicability classified now; exact UI evidence must be declared during capability activation and proven before IMPLEMENTED.
PLN-E15-038,E15,Audit & Security,Business / Workflow,NOT EVIDENCED,REQUIRED_PRODUCT_UI,React product workflow / workbench,TO_BE_EVIDENCED_WITH_STORY,NOT_COMPLETE,UI applicability classified now; exact UI evidence must be declared during capability activation and proven before IMPLEMENTED.
PLN-E16-001,E16,Migration & Parallel,Business / Workflow,NOT STARTED,REQUIRED_PRODUCT_UI,React product workflow / workbench,TO_BE_EVIDENCED_WITH_STORY,NOT_COMPLETE,UI applicability classified now; exact UI evidence must be declared during capability activation and proven before IMPLEMENTED.
PLN-E16-002,E16,Migration & Parallel,Business / Workflow,NOT STARTED,REQUIRED_PRODUCT_UI,React product workflow / workbench,TO_BE_EVIDENCED_WITH_STORY,NOT_COMPLETE,UI applicability classified now; exact UI evidence must be declared during capability activation and proven before IMPLEMENTED.
PLN-E16-003,E16,Migration & Parallel,Business / Workflow,NOT STARTED,REQUIRED_PRODUCT_UI,React product workflow / workbench,TO_BE_EVIDENCED_WITH_STORY,NOT_COMPLETE,UI applicability classified now; exact UI evidence must be declared during capability activation and proven before IMPLEMENTED.
PLN-E16-004,E16,Migration & Parallel,Business / Workflow,NOT STARTED,REQUIRED_PRODUCT_UI,React product workflow / workbench,TO_BE_EVIDENCED_WITH_STORY,NOT_COMPLETE,UI applicability classified now; exact UI evidence must be declared during capability activation and proven before IMPLEMENTED.
PLN-E16-005,E16,Migration & Parallel,Business / Workflow,NOT STARTED,REQUIRED_PRODUCT_UI,React product workflow / workbench,TO_BE_EVIDENCED_WITH_STORY,NOT_COMPLETE,UI applicability classified now; exact UI evidence must be declared during capability activation and proven before IMPLEMENTED.
PLN-E16-006,E16,Migration & Parallel,Business / Workflow,NOT STARTED,REQUIRED_PRODUCT_UI,React product workflow / workbench,TO_BE_EVIDENCED_WITH_STORY,NOT_COMPLETE,UI applicability classified now; exact UI evidence must be declared during capability activation and proven before IMPLEMENTED.
PLN-E16-007,E16,Migration & Parallel,Business / Workflow,NOT STARTED,REQUIRED_PRODUCT_UI,React product workflow / workbench,TO_BE_EVIDENCED_WITH_STORY,NOT_COMPLETE,UI applicability classified now; exact UI evidence must be declared during capability activation and proven before IMPLEMENTED.
PLN-E16-008,E16,Migration & Parallel,Business / Workflow,NOT STARTED,REQUIRED_PRODUCT_UI,React product workflow / workbench,TO_BE_EVIDENCED_WITH_STORY,NOT_COMPLETE,UI applicability classified now; exact UI evidence must be declared during capability activation and proven before IMPLEMENTED.
PLN-E16-009,E16,Migration & Parallel,Business / Workflow,NOT STARTED,REQUIRED_PRODUCT_UI,React product workflow / workbench,TO_BE_EVIDENCED_WITH_STORY,NOT_COMPLETE,UI applicability classified now; exact UI evidence must be declared during capability activation and proven before IMPLEMENTED.
PLN-E16-010,E16,Migration & Parallel,Business / Workflow,NOT STARTED,REQUIRED_PRODUCT_UI,React product workflow / workbench,TO_BE_EVIDENCED_WITH_STORY,NOT_COMPLETE,UI applicability classified now; exact UI evidence must be declared during capability activation and proven before IMPLEMENTED.
PLN-E16-011,E16,Migration & Parallel,Business / Workflow,NOT STARTED,REQUIRED_PRODUCT_UI,React product workflow / workbench,TO_BE_EVIDENCED_WITH_STORY,NOT_COMPLETE,UI applicability classified now; exact UI evidence must be declared during capability activation and proven before IMPLEMENTED.
PLN-E16-012,E16,Migration & Parallel,Business / Workflow,NOT STARTED,REQUIRED_PRODUCT_UI,React product workflow / workbench,TO_BE_EVIDENCED_WITH_STORY,NOT_COMPLETE,UI applicability classified now; exact UI evidence must be declared during capability activation and proven before IMPLEMENTED.
PLN-E16-013,E16,Migration & Parallel,Business / Workflow,NOT STARTED,REQUIRED_PRODUCT_UI,React product workflow / workbench,TO_BE_EVIDENCED_WITH_STORY,NOT_COMPLETE,UI applicability classified now; exact UI evidence must be declared during capability activation and proven before IMPLEMENTED.
PLN-E16-014,E16,Migration & Parallel,Business / Workflow,NOT STARTED,REQUIRED_PRODUCT_UI,React product workflow / workbench,TO_BE_EVIDENCED_WITH_STORY,NOT_COMPLETE,UI applicability classified now; exact UI evidence must be declared during capability activation and proven before IMPLEMENTED.
PLN-E16-015,E16,Migration & Parallel,Business / Workflow,NOT STARTED,REQUIRED_PRODUCT_UI,React product workflow / workbench,TO_BE_EVIDENCED_WITH_STORY,NOT_COMPLETE,UI applicability classified now; exact UI evidence must be declared during capability activation and proven before IMPLEMENTED.
PLN-E16-016,E16,Migration & Parallel,Business / Workflow,NOT STARTED,REQUIRED_PRODUCT_UI,React product workflow / workbench,TO_BE_EVIDENCED_WITH_STORY,NOT_COMPLETE,UI applicability classified now; exact UI evidence must be declared during capability activation and proven before IMPLEMENTED.
PLN-E16-017,E16,Migration & Parallel,Business / Workflow,NOT STARTED,REQUIRED_PRODUCT_UI,React product workflow / workbench,TO_BE_EVIDENCED_WITH_STORY,NOT_COMPLETE,UI applicability classified now; exact UI evidence must be declared during capability activation and proven before IMPLEMENTED.
PLN-E16-018,E16,Migration & Parallel,Business / Workflow,NOT STARTED,REQUIRED_PRODUCT_UI,React product workflow / workbench,TO_BE_EVIDENCED_WITH_STORY,NOT_COMPLETE,UI applicability classified now; exact UI evidence must be declared during capability activation and proven before IMPLEMENTED.
PLN-E16-019,E16,Migration & Parallel,Business / Workflow,NOT STARTED,REQUIRED_PRODUCT_UI,React product workflow / workbench,TO_BE_EVIDENCED_WITH_STORY,NOT_COMPLETE,UI applicability classified now; exact UI evidence must be declared during capability activation and proven before IMPLEMENTED.
PLN-E16-020,E16,Migration & Parallel,Business / Workflow,NOT STARTED,REQUIRED_PRODUCT_UI,React product workflow / workbench,TO_BE_EVIDENCED_WITH_STORY,NOT_COMPLETE,UI applicability classified now; exact UI evidence must be declared during capability activation and proven before IMPLEMENTED.
PLN-E16-021,E16,Migration & Parallel,Business / Workflow,NOT STARTED,REQUIRED_PRODUCT_UI,React product workflow / workbench,TO_BE_EVIDENCED_WITH_STORY,NOT_COMPLETE,UI applicability classified now; exact UI evidence must be declared during capability activation and proven before IMPLEMENTED.
PLN-E17-001,E17,Cutover & Hypercare,Business / Workflow,NOT STARTED,REQUIRED_PRODUCT_UI,React product workflow / workbench,TO_BE_EVIDENCED_WITH_STORY,NOT_COMPLETE,UI applicability classified now; exact UI evidence must be declared during capability activation and proven before IMPLEMENTED.
PLN-E17-002,E17,Cutover & Hypercare,Business / Workflow,NOT STARTED,REQUIRED_PRODUCT_UI,React product workflow / workbench,TO_BE_EVIDENCED_WITH_STORY,NOT_COMPLETE,UI applicability classified now; exact UI evidence must be declared during capability activation and proven before IMPLEMENTED.
PLN-E17-003,E17,Cutover & Hypercare,Business / Workflow,NOT STARTED,REQUIRED_PRODUCT_UI,React product workflow / workbench,TO_BE_EVIDENCED_WITH_STORY,NOT_COMPLETE,UI applicability classified now; exact UI evidence must be declared during capability activation and proven before IMPLEMENTED.
PLN-E17-004,E17,Cutover & Hypercare,Business / Workflow,NOT STARTED,REQUIRED_PRODUCT_UI,React product workflow / workbench,TO_BE_EVIDENCED_WITH_STORY,NOT_COMPLETE,UI applicability classified now; exact UI evidence must be declared during capability activation and proven before IMPLEMENTED.
PLN-E17-005,E17,Cutover & Hypercare,Business / Workflow,NOT STARTED,REQUIRED_PRODUCT_UI,React product workflow / workbench,TO_BE_EVIDENCED_WITH_STORY,NOT_COMPLETE,UI applicability classified now; exact UI evidence must be declared during capability activation and proven before IMPLEMENTED.
PLN-E17-006,E17,Cutover & Hypercare,Business / Workflow,NOT STARTED,REQUIRED_PRODUCT_UI,React product workflow / workbench,TO_BE_EVIDENCED_WITH_STORY,NOT_COMPLETE,UI applicability classified now; exact UI evidence must be declared during capability activation and proven before IMPLEMENTED.
PLN-E17-007,E17,Cutover & Hypercare,Business / Workflow,NOT STARTED,REQUIRED_PRODUCT_UI,React product workflow / workbench,TO_BE_EVIDENCED_WITH_STORY,NOT_COMPLETE,UI applicability classified now; exact UI evidence must be declared during capability activation and proven before IMPLEMENTED.
PLN-E17-008,E17,Cutover & Hypercare,Business / Workflow,NOT STARTED,REQUIRED_PRODUCT_UI,React product workflow / workbench,TO_BE_EVIDENCED_WITH_STORY,NOT_COMPLETE,UI applicability classified now; exact UI evidence must be declared during capability activation and proven before IMPLEMENTED.
PLN-E17-009,E17,Cutover & Hypercare,Business / Workflow,NOT STARTED,REQUIRED_PRODUCT_UI,React product workflow / workbench,TO_BE_EVIDENCED_WITH_STORY,NOT_COMPLETE,UI applicability classified now; exact UI evidence must be declared during capability activation and proven before IMPLEMENTED.
PLN-E17-010,E17,Cutover & Hypercare,Business / Workflow,NOT STARTED,REQUIRED_PRODUCT_UI,React product workflow / workbench,TO_BE_EVIDENCED_WITH_STORY,NOT_COMPLETE,UI applicability classified now; exact UI evidence must be declared during capability activation and proven before IMPLEMENTED.
PLN-E17-011,E17,Cutover & Hypercare,Business / Workflow,NOT STARTED,REQUIRED_PRODUCT_UI,React product workflow / workbench,TO_BE_EVIDENCED_WITH_STORY,NOT_COMPLETE,UI applicability classified now; exact UI evidence must be declared during capability activation and proven before IMPLEMENTED.
PLN-E17-012,E17,Cutover & Hypercare,Business / Workflow,NOT STARTED,REQUIRED_PRODUCT_UI,React product workflow / workbench,TO_BE_EVIDENCED_WITH_STORY,NOT_COMPLETE,UI applicability classified now; exact UI evidence must be declared during capability activation and proven before IMPLEMENTED.
PLN-E17-013,E17,Cutover & Hypercare,Business / Workflow,NOT STARTED,REQUIRED_PRODUCT_UI,React product workflow / workbench,TO_BE_EVIDENCED_WITH_STORY,NOT_COMPLETE,UI applicability classified now; exact UI evidence must be declared during capability activation and proven before IMPLEMENTED.
PLN-E17-014,E17,Cutover & Hypercare,Business / Workflow,NOT STARTED,REQUIRED_PRODUCT_UI,React product workflow / workbench,TO_BE_EVIDENCED_WITH_STORY,NOT_COMPLETE,UI applicability classified now; exact UI evidence must be declared during capability activation and proven before IMPLEMENTED.
PLN-E17-015,E17,Cutover & Hypercare,Business / Workflow,NOT STARTED,REQUIRED_PRODUCT_UI,React product workflow / workbench,TO_BE_EVIDENCED_WITH_STORY,NOT_COMPLETE,UI applicability classified now; exact UI evidence must be declared during capability activation and proven before IMPLEMENTED.
PLN-E17-016,E17,Cutover & Hypercare,Business / Workflow,NOT STARTED,REQUIRED_PRODUCT_UI,React product workflow / workbench,TO_BE_EVIDENCED_WITH_STORY,NOT_COMPLETE,UI applicability classified now; exact UI evidence must be declared during capability activation and proven before IMPLEMENTED.
PLN-E17-017,E17,Cutover & Hypercare,Business / Workflow,NOT STARTED,REQUIRED_PRODUCT_UI,React product workflow / workbench,TO_BE_EVIDENCED_WITH_STORY,NOT_COMPLETE,UI applicability classified now; exact UI evidence must be declared during capability activation and proven before IMPLEMENTED.
PLN-E17-018,E17,Cutover & Hypercare,Business / Workflow,NOT STARTED,REQUIRED_PRODUCT_UI,React product workflow / workbench,TO_BE_EVIDENCED_WITH_STORY,NOT_COMPLETE,UI applicability classified now; exact UI evidence must be declared during capability activation and proven before IMPLEMENTED.
PLN-E18-001,E18,Performance & Resilience,Business / Workflow,PARTIALLY IMPLEMENTED,REQUIRED_PRODUCT_UI,React product workflow / workbench,TO_BE_EVIDENCED_WITH_STORY,NOT_COMPLETE,UI applicability classified now; exact UI evidence must be declared during capability activation and proven before IMPLEMENTED.
PLN-E18-002,E18,Performance & Resilience,Business / Workflow,PARTIALLY IMPLEMENTED,REQUIRED_PRODUCT_UI,React product workflow / workbench,TO_BE_EVIDENCED_WITH_STORY,NOT_COMPLETE,UI applicability classified now; exact UI evidence must be declared during capability activation and proven before IMPLEMENTED.
PLN-E18-003,E18,Performance & Resilience,Business / Workflow,PARTIALLY IMPLEMENTED,REQUIRED_PRODUCT_UI,React product workflow / workbench,TO_BE_EVIDENCED_WITH_STORY,NOT_COMPLETE,UI applicability classified now; exact UI evidence must be declared during capability activation and proven before IMPLEMENTED.
PLN-E18-004,E18,Performance & Resilience,Business / Workflow,PARTIALLY IMPLEMENTED,REQUIRED_PRODUCT_UI,React product workflow / workbench,TO_BE_EVIDENCED_WITH_STORY,NOT_COMPLETE,UI applicability classified now; exact UI evidence must be declared during capability activation and proven before IMPLEMENTED.
PLN-E18-005,E18,Performance & Resilience,Business / Workflow,PARTIALLY IMPLEMENTED,REQUIRED_PRODUCT_UI,React product workflow / workbench,TO_BE_EVIDENCED_WITH_STORY,NOT_COMPLETE,UI applicability classified now; exact UI evidence must be declared during capability activation and proven before IMPLEMENTED.
PLN-E18-006,E18,Performance & Resilience,Business / Workflow,NOT EVIDENCED,REQUIRED_PRODUCT_UI,React product workflow / workbench,TO_BE_EVIDENCED_WITH_STORY,NOT_COMPLETE,UI applicability classified now; exact UI evidence must be declared during capability activation and proven before IMPLEMENTED.
PLN-E18-007,E18,Performance & Resilience,Business / Workflow,PARTIALLY IMPLEMENTED,REQUIRED_PRODUCT_UI,React product workflow / workbench,TO_BE_EVIDENCED_WITH_STORY,NOT_COMPLETE,UI applicability classified now; exact UI evidence must be declared during capability activation and proven before IMPLEMENTED.
PLN-E18-008,E18,Performance & Resilience,Business / Workflow,PARTIALLY IMPLEMENTED,REQUIRED_PRODUCT_UI,React product workflow / workbench,TO_BE_EVIDENCED_WITH_STORY,NOT_COMPLETE,UI applicability classified now; exact UI evidence must be declared during capability activation and proven before IMPLEMENTED.
PLN-E18-009,E18,Performance & Resilience,Business / Workflow,NOT EVIDENCED,REQUIRED_PRODUCT_UI,React product workflow / workbench,TO_BE_EVIDENCED_WITH_STORY,NOT_COMPLETE,UI applicability classified now; exact UI evidence must be declared during capability activation and proven before IMPLEMENTED.
PLN-E18-010,E18,Performance & Resilience,Business / Workflow,PARTIALLY IMPLEMENTED,REQUIRED_PRODUCT_UI,React product workflow / workbench,TO_BE_EVIDENCED_WITH_STORY,NOT_COMPLETE,UI applicability classified now; exact UI evidence must be declared during capability activation and proven before IMPLEMENTED.
PLN-E18-011,E18,Performance & Resilience,Business / Workflow,PARTIALLY IMPLEMENTED,REQUIRED_PRODUCT_UI,React product workflow / workbench,TO_BE_EVIDENCED_WITH_STORY,NOT_COMPLETE,UI applicability classified now; exact UI evidence must be declared during capability activation and proven before IMPLEMENTED.
PLN-E18-012,E18,Performance & Resilience,Business / Workflow,NOT EVIDENCED,REQUIRED_PRODUCT_UI,React product workflow / workbench,TO_BE_EVIDENCED_WITH_STORY,NOT_COMPLETE,UI applicability classified now; exact UI evidence must be declared during capability activation and proven before IMPLEMENTED.
PLN-E18-013,E18,Performance & Resilience,Business / Workflow,PARTIALLY IMPLEMENTED,REQUIRED_PRODUCT_UI,React product workflow / workbench,TO_BE_EVIDENCED_WITH_STORY,NOT_COMPLETE,UI applicability classified now; exact UI evidence must be declared during capability activation and proven before IMPLEMENTED.
PLN-E18-014,E18,Performance & Resilience,Business / Workflow,NOT EVIDENCED,REQUIRED_PRODUCT_UI,React product workflow / workbench,TO_BE_EVIDENCED_WITH_STORY,NOT_COMPLETE,UI applicability classified now; exact UI evidence must be declared during capability activation and proven before IMPLEMENTED.
PLN-E18-015,E18,Performance & Resilience,Business / Workflow,PARTIALLY IMPLEMENTED,REQUIRED_PRODUCT_UI,React product workflow / workbench,TO_BE_EVIDENCED_WITH_STORY,NOT_COMPLETE,UI applicability classified now; exact UI evidence must be declared during capability activation and proven before IMPLEMENTED.
PLN-E18-016,E18,Performance & Resilience,Business / Workflow,NOT EVIDENCED,REQUIRED_PRODUCT_UI,React product workflow / workbench,TO_BE_EVIDENCED_WITH_STORY,NOT_COMPLETE,UI applicability classified now; exact UI evidence must be declared during capability activation and proven before IMPLEMENTED.
PLN-E01-013,E01,Foundation,API Contract,PARTIALLY IMPLEMENTED,NOT_REQUIRED_DIRECTLY,No direct UI gate; validated through linked business stories and technical evidence,NOT_REQUIRED_DIRECTLY,TRACK_WITH_LINKED_BUSINESS_STORY,Direct UI is not a closure gate for this technical story; evidence remains linked to the consuming business story/capability.
PLN-E01-014,E01,Foundation,Event Contract,PARTIALLY IMPLEMENTED,NOT_REQUIRED_DIRECTLY,No direct UI gate; validated through linked business stories and technical evidence,NOT_REQUIRED_DIRECTLY,TRACK_WITH_LINKED_BUSINESS_STORY,Direct UI is not a closure gate for this technical story; evidence remains linked to the consuming business story/capability.
PLN-E01-015,E01,Foundation,Security / SoD,PARTIALLY IMPLEMENTED,REQUIRED_ADMIN_OR_SECURITY_UI,React admin/security surface or explicitly governed external administration UI,TO_BE_EVIDENCED_WITH_STORY,NOT_COMPLETE,UI applicability classified now; exact UI evidence must be declared during capability activation and proven before IMPLEMENTED.
PLN-E01-016,E01,Foundation,Audit / Lineage,PARTIALLY IMPLEMENTED,REQUIRED_AUDIT_UI,Read-only audit / lineage inspection surface,TO_BE_EVIDENCED_WITH_STORY,NOT_COMPLETE,UI applicability classified now; exact UI evidence must be declared during capability activation and proven before IMPLEMENTED.
PLN-E01-017,E01,Foundation,Automated Functional Tests,PARTIALLY IMPLEMENTED,NOT_REQUIRED_DIRECTLY,No direct UI gate; validated through linked business stories and technical evidence,NOT_REQUIRED_DIRECTLY,TRACK_WITH_LINKED_BUSINESS_STORY,Direct UI is not a closure gate for this technical story; evidence remains linked to the consuming business story/capability.
PLN-E01-018,E01,Foundation,Automated Integration / Security Tests,PARTIALLY IMPLEMENTED,REQUIRED_ADMIN_OR_SECURITY_UI,React admin/security surface or explicitly governed external administration UI,TO_BE_EVIDENCED_WITH_STORY,NOT_COMPLETE,UI applicability classified now; exact UI evidence must be declared during capability activation and proven before IMPLEMENTED.
PLN-E02-011,E02,Calendar & Pay Groups,API Contract,PARTIALLY IMPLEMENTED,NOT_REQUIRED_DIRECTLY,No direct UI gate; validated through linked business stories and technical evidence,NOT_REQUIRED_DIRECTLY,TRACK_WITH_LINKED_BUSINESS_STORY,Direct UI is not a closure gate for this technical story; evidence remains linked to the consuming business story/capability.
PLN-E02-012,E02,Calendar & Pay Groups,Event Contract,PARTIALLY IMPLEMENTED,NOT_REQUIRED_DIRECTLY,No direct UI gate; validated through linked business stories and technical evidence,NOT_REQUIRED_DIRECTLY,TRACK_WITH_LINKED_BUSINESS_STORY,Direct UI is not a closure gate for this technical story; evidence remains linked to the consuming business story/capability.
PLN-E02-013,E02,Calendar & Pay Groups,Security / SoD,PARTIALLY IMPLEMENTED,REQUIRED_ADMIN_OR_SECURITY_UI,React admin/security surface or explicitly governed external administration UI,TO_BE_EVIDENCED_WITH_STORY,NOT_COMPLETE,UI applicability classified now; exact UI evidence must be declared during capability activation and proven before IMPLEMENTED.
PLN-E02-014,E02,Calendar & Pay Groups,Audit / Lineage,PARTIALLY IMPLEMENTED,REQUIRED_AUDIT_UI,Read-only audit / lineage inspection surface,TO_BE_EVIDENCED_WITH_STORY,NOT_COMPLETE,UI applicability classified now; exact UI evidence must be declared during capability activation and proven before IMPLEMENTED.
PLN-E02-015,E02,Calendar & Pay Groups,Automated Functional Tests,PARTIALLY IMPLEMENTED,NOT_REQUIRED_DIRECTLY,No direct UI gate; validated through linked business stories and technical evidence,NOT_REQUIRED_DIRECTLY,TRACK_WITH_LINKED_BUSINESS_STORY,Direct UI is not a closure gate for this technical story; evidence remains linked to the consuming business story/capability.
PLN-E02-016,E02,Calendar & Pay Groups,Automated Integration / Security Tests,PARTIALLY IMPLEMENTED,REQUIRED_ADMIN_OR_SECURITY_UI,React admin/security surface or explicitly governed external administration UI,TO_BE_EVIDENCED_WITH_STORY,NOT_COMPLETE,UI applicability classified now; exact UI evidence must be declared during capability activation and proven before IMPLEMENTED.
PLN-E03-013,E03,Component Catalogue,API Contract,PARTIALLY IMPLEMENTED,NOT_REQUIRED_DIRECTLY,No direct UI gate; validated through linked business stories and technical evidence,NOT_REQUIRED_DIRECTLY,TRACK_WITH_LINKED_BUSINESS_STORY,Direct UI is not a closure gate for this technical story; evidence remains linked to the consuming business story/capability.
PLN-E03-014,E03,Component Catalogue,Event Contract,PARTIALLY IMPLEMENTED,NOT_REQUIRED_DIRECTLY,No direct UI gate; validated through linked business stories and technical evidence,NOT_REQUIRED_DIRECTLY,TRACK_WITH_LINKED_BUSINESS_STORY,Direct UI is not a closure gate for this technical story; evidence remains linked to the consuming business story/capability.
PLN-E03-015,E03,Component Catalogue,Security / SoD,PARTIALLY IMPLEMENTED,REQUIRED_ADMIN_OR_SECURITY_UI,React admin/security surface or explicitly governed external administration UI,TO_BE_EVIDENCED_WITH_STORY,NOT_COMPLETE,UI applicability classified now; exact UI evidence must be declared during capability activation and proven before IMPLEMENTED.
PLN-E03-016,E03,Component Catalogue,Audit / Lineage,PARTIALLY IMPLEMENTED,REQUIRED_AUDIT_UI,Read-only audit / lineage inspection surface,TO_BE_EVIDENCED_WITH_STORY,NOT_COMPLETE,UI applicability classified now; exact UI evidence must be declared during capability activation and proven before IMPLEMENTED.
PLN-E03-017,E03,Component Catalogue,Automated Functional Tests,PARTIALLY IMPLEMENTED,NOT_REQUIRED_DIRECTLY,No direct UI gate; validated through linked business stories and technical evidence,NOT_REQUIRED_DIRECTLY,TRACK_WITH_LINKED_BUSINESS_STORY,Direct UI is not a closure gate for this technical story; evidence remains linked to the consuming business story/capability.
PLN-E03-018,E03,Component Catalogue,Automated Integration / Security Tests,PARTIALLY IMPLEMENTED,REQUIRED_ADMIN_OR_SECURITY_UI,React admin/security surface or explicitly governed external administration UI,TO_BE_EVIDENCED_WITH_STORY,NOT_COMPLETE,UI applicability classified now; exact UI evidence must be declared during capability activation and proven before IMPLEMENTED.
PLN-E04-012,E04,Salary Structures,API Contract,PARTIALLY IMPLEMENTED,NOT_REQUIRED_DIRECTLY,No direct UI gate; validated through linked business stories and technical evidence,NOT_REQUIRED_DIRECTLY,TRACK_WITH_LINKED_BUSINESS_STORY,Direct UI is not a closure gate for this technical story; evidence remains linked to the consuming business story/capability.
PLN-E04-013,E04,Salary Structures,Event Contract,PARTIALLY IMPLEMENTED,NOT_REQUIRED_DIRECTLY,No direct UI gate; validated through linked business stories and technical evidence,NOT_REQUIRED_DIRECTLY,TRACK_WITH_LINKED_BUSINESS_STORY,Direct UI is not a closure gate for this technical story; evidence remains linked to the consuming business story/capability.
PLN-E04-014,E04,Salary Structures,Security / SoD,PARTIALLY IMPLEMENTED,REQUIRED_ADMIN_OR_SECURITY_UI,React admin/security surface or explicitly governed external administration UI,TO_BE_EVIDENCED_WITH_STORY,NOT_COMPLETE,UI applicability classified now; exact UI evidence must be declared during capability activation and proven before IMPLEMENTED.
PLN-E04-015,E04,Salary Structures,Audit / Lineage,PARTIALLY IMPLEMENTED,REQUIRED_AUDIT_UI,Read-only audit / lineage inspection surface,TO_BE_EVIDENCED_WITH_STORY,NOT_COMPLETE,UI applicability classified now; exact UI evidence must be declared during capability activation and proven before IMPLEMENTED.
PLN-E04-016,E04,Salary Structures,Automated Functional Tests,PARTIALLY IMPLEMENTED,NOT_REQUIRED_DIRECTLY,No direct UI gate; validated through linked business stories and technical evidence,NOT_REQUIRED_DIRECTLY,TRACK_WITH_LINKED_BUSINESS_STORY,Direct UI is not a closure gate for this technical story; evidence remains linked to the consuming business story/capability.
PLN-E04-017,E04,Salary Structures,Automated Integration / Security Tests,PARTIALLY IMPLEMENTED,REQUIRED_ADMIN_OR_SECURITY_UI,React admin/security surface or explicitly governed external administration UI,TO_BE_EVIDENCED_WITH_STORY,NOT_COMPLETE,UI applicability classified now; exact UI evidence must be declared during capability activation and proven before IMPLEMENTED.
PLN-E05-021,E05,Employee Payroll Profile,API Contract,PARTIALLY IMPLEMENTED,NOT_REQUIRED_DIRECTLY,No direct UI gate; validated through linked business stories and technical evidence,NOT_REQUIRED_DIRECTLY,TRACK_WITH_LINKED_BUSINESS_STORY,Direct UI is not a closure gate for this technical story; evidence remains linked to the consuming business story/capability.
PLN-E05-022,E05,Employee Payroll Profile,Event Contract,PARTIALLY IMPLEMENTED,NOT_REQUIRED_DIRECTLY,No direct UI gate; validated through linked business stories and technical evidence,NOT_REQUIRED_DIRECTLY,TRACK_WITH_LINKED_BUSINESS_STORY,Direct UI is not a closure gate for this technical story; evidence remains linked to the consuming business story/capability.
PLN-E05-023,E05,Employee Payroll Profile,Security / SoD,PARTIALLY IMPLEMENTED,REQUIRED_ADMIN_OR_SECURITY_UI,React admin/security surface or explicitly governed external administration UI,TO_BE_EVIDENCED_WITH_STORY,NOT_COMPLETE,UI applicability classified now; exact UI evidence must be declared during capability activation and proven before IMPLEMENTED.
PLN-E05-024,E05,Employee Payroll Profile,Audit / Lineage,PARTIALLY IMPLEMENTED,REQUIRED_AUDIT_UI,Read-only audit / lineage inspection surface,TO_BE_EVIDENCED_WITH_STORY,NOT_COMPLETE,UI applicability classified now; exact UI evidence must be declared during capability activation and proven before IMPLEMENTED.
PLN-E05-025,E05,Employee Payroll Profile,Automated Functional Tests,PARTIALLY IMPLEMENTED,NOT_REQUIRED_DIRECTLY,No direct UI gate; validated through linked business stories and technical evidence,NOT_REQUIRED_DIRECTLY,TRACK_WITH_LINKED_BUSINESS_STORY,Direct UI is not a closure gate for this technical story; evidence remains linked to the consuming business story/capability.
PLN-E05-026,E05,Employee Payroll Profile,Automated Integration / Security Tests,PARTIALLY IMPLEMENTED,REQUIRED_ADMIN_OR_SECURITY_UI,React admin/security surface or explicitly governed external administration UI,TO_BE_EVIDENCED_WITH_STORY,NOT_COMPLETE,UI applicability classified now; exact UI evidence must be declared during capability activation and proven before IMPLEMENTED.
PLN-E06-021,E06,Calculation Engine,API Contract,PARTIALLY IMPLEMENTED,NOT_REQUIRED_DIRECTLY,No direct UI gate; validated through linked business stories and technical evidence,NOT_REQUIRED_DIRECTLY,TRACK_WITH_LINKED_BUSINESS_STORY,Direct UI is not a closure gate for this technical story; evidence remains linked to the consuming business story/capability.
PLN-E06-022,E06,Calculation Engine,Event Contract,PARTIALLY IMPLEMENTED,NOT_REQUIRED_DIRECTLY,No direct UI gate; validated through linked business stories and technical evidence,NOT_REQUIRED_DIRECTLY,TRACK_WITH_LINKED_BUSINESS_STORY,Direct UI is not a closure gate for this technical story; evidence remains linked to the consuming business story/capability.
PLN-E06-023,E06,Calculation Engine,Security / SoD,PARTIALLY IMPLEMENTED,REQUIRED_ADMIN_OR_SECURITY_UI,React admin/security surface or explicitly governed external administration UI,TO_BE_EVIDENCED_WITH_STORY,NOT_COMPLETE,UI applicability classified now; exact UI evidence must be declared during capability activation and proven before IMPLEMENTED.
PLN-E06-024,E06,Calculation Engine,Audit / Lineage,PARTIALLY IMPLEMENTED,REQUIRED_AUDIT_UI,Read-only audit / lineage inspection surface,TO_BE_EVIDENCED_WITH_STORY,NOT_COMPLETE,UI applicability classified now; exact UI evidence must be declared during capability activation and proven before IMPLEMENTED.
PLN-E06-025,E06,Calculation Engine,Automated Functional Tests,PARTIALLY IMPLEMENTED,NOT_REQUIRED_DIRECTLY,No direct UI gate; validated through linked business stories and technical evidence,NOT_REQUIRED_DIRECTLY,TRACK_WITH_LINKED_BUSINESS_STORY,Direct UI is not a closure gate for this technical story; evidence remains linked to the consuming business story/capability.
PLN-E06-026,E06,Calculation Engine,Automated Integration / Security Tests,PARTIALLY IMPLEMENTED,REQUIRED_ADMIN_OR_SECURITY_UI,React admin/security surface or explicitly governed external administration UI,TO_BE_EVIDENCED_WITH_STORY,NOT_COMPLETE,UI applicability classified now; exact UI evidence must be declared during capability activation and proven before IMPLEMENTED.
PLN-E07-014,E07,Balances & Retro,API Contract,PARTIALLY IMPLEMENTED,NOT_REQUIRED_DIRECTLY,No direct UI gate; validated through linked business stories and technical evidence,NOT_REQUIRED_DIRECTLY,TRACK_WITH_LINKED_BUSINESS_STORY,Direct UI is not a closure gate for this technical story; evidence remains linked to the consuming business story/capability.
PLN-E07-015,E07,Balances & Retro,Event Contract,PARTIALLY IMPLEMENTED,NOT_REQUIRED_DIRECTLY,No direct UI gate; validated through linked business stories and technical evidence,NOT_REQUIRED_DIRECTLY,TRACK_WITH_LINKED_BUSINESS_STORY,Direct UI is not a closure gate for this technical story; evidence remains linked to the consuming business story/capability.
PLN-E07-016,E07,Balances & Retro,Security / SoD,PARTIALLY IMPLEMENTED,REQUIRED_ADMIN_OR_SECURITY_UI,React admin/security surface or explicitly governed external administration UI,TO_BE_EVIDENCED_WITH_STORY,NOT_COMPLETE,UI applicability classified now; exact UI evidence must be declared during capability activation and proven before IMPLEMENTED.
PLN-E07-017,E07,Balances & Retro,Audit / Lineage,PARTIALLY IMPLEMENTED,REQUIRED_AUDIT_UI,Read-only audit / lineage inspection surface,TO_BE_EVIDENCED_WITH_STORY,NOT_COMPLETE,UI applicability classified now; exact UI evidence must be declared during capability activation and proven before IMPLEMENTED.
PLN-E07-018,E07,Balances & Retro,Automated Functional Tests,PARTIALLY IMPLEMENTED,NOT_REQUIRED_DIRECTLY,No direct UI gate; validated through linked business stories and technical evidence,NOT_REQUIRED_DIRECTLY,TRACK_WITH_LINKED_BUSINESS_STORY,Direct UI is not a closure gate for this technical story; evidence remains linked to the consuming business story/capability.
PLN-E07-019,E07,Balances & Retro,Automated Integration / Security Tests,PARTIALLY IMPLEMENTED,REQUIRED_ADMIN_OR_SECURITY_UI,React admin/security surface or explicitly governed external administration UI,TO_BE_EVIDENCED_WITH_STORY,NOT_COMPLETE,UI applicability classified now; exact UI evidence must be declared during capability activation and proven before IMPLEMENTED.
PLN-E08-022,E08,Payroll Operations,API Contract,PARTIALLY IMPLEMENTED,NOT_REQUIRED_DIRECTLY,No direct UI gate; validated through linked business stories and technical evidence,NOT_REQUIRED_DIRECTLY,TRACK_WITH_LINKED_BUSINESS_STORY,Direct UI is not a closure gate for this technical story; evidence remains linked to the consuming business story/capability.
PLN-E08-023,E08,Payroll Operations,Event Contract,PARTIALLY IMPLEMENTED,NOT_REQUIRED_DIRECTLY,No direct UI gate; validated through linked business stories and technical evidence,NOT_REQUIRED_DIRECTLY,TRACK_WITH_LINKED_BUSINESS_STORY,Direct UI is not a closure gate for this technical story; evidence remains linked to the consuming business story/capability.
PLN-E08-024,E08,Payroll Operations,Security / SoD,PARTIALLY IMPLEMENTED,REQUIRED_ADMIN_OR_SECURITY_UI,React admin/security surface or explicitly governed external administration UI,TO_BE_EVIDENCED_WITH_STORY,NOT_COMPLETE,UI applicability classified now; exact UI evidence must be declared during capability activation and proven before IMPLEMENTED.
PLN-E08-025,E08,Payroll Operations,Audit / Lineage,PARTIALLY IMPLEMENTED,REQUIRED_AUDIT_UI,Read-only audit / lineage inspection surface,TO_BE_EVIDENCED_WITH_STORY,NOT_COMPLETE,UI applicability classified now; exact UI evidence must be declared during capability activation and proven before IMPLEMENTED.
PLN-E08-026,E08,Payroll Operations,Automated Functional Tests,PARTIALLY IMPLEMENTED,NOT_REQUIRED_DIRECTLY,No direct UI gate; validated through linked business stories and technical evidence,NOT_REQUIRED_DIRECTLY,TRACK_WITH_LINKED_BUSINESS_STORY,Direct UI is not a closure gate for this technical story; evidence remains linked to the consuming business story/capability.
PLN-E08-027,E08,Payroll Operations,Automated Integration / Security Tests,PARTIALLY IMPLEMENTED,REQUIRED_ADMIN_OR_SECURITY_UI,React admin/security surface or explicitly governed external administration UI,TO_BE_EVIDENCED_WITH_STORY,NOT_COMPLETE,UI applicability classified now; exact UI evidence must be declared during capability activation and proven before IMPLEMENTED.
PLN-E09-026,E09,India Statutory Rules,API Contract,LEGAL/DOMAIN REVALIDATION,NOT_REQUIRED_DIRECTLY,No direct UI gate; validated through linked business stories and technical evidence,NOT_REQUIRED_DIRECTLY,TRACK_WITH_LINKED_BUSINESS_STORY,Direct UI is not a closure gate for this technical story; evidence remains linked to the consuming business story/capability.
PLN-E09-027,E09,India Statutory Rules,Event Contract,LEGAL/DOMAIN REVALIDATION,NOT_REQUIRED_DIRECTLY,No direct UI gate; validated through linked business stories and technical evidence,NOT_REQUIRED_DIRECTLY,TRACK_WITH_LINKED_BUSINESS_STORY,Direct UI is not a closure gate for this technical story; evidence remains linked to the consuming business story/capability.
PLN-E09-028,E09,India Statutory Rules,Security / SoD,LEGAL/DOMAIN REVALIDATION,REQUIRED_ADMIN_OR_SECURITY_UI,React admin/security surface or explicitly governed external administration UI,TO_BE_EVIDENCED_WITH_STORY,NOT_COMPLETE,UI applicability classified now; exact UI evidence must be declared during capability activation and proven before IMPLEMENTED.
PLN-E09-029,E09,India Statutory Rules,Audit / Lineage,LEGAL/DOMAIN REVALIDATION,REQUIRED_AUDIT_UI,Read-only audit / lineage inspection surface,TO_BE_EVIDENCED_WITH_STORY,NOT_COMPLETE,UI applicability classified now; exact UI evidence must be declared during capability activation and proven before IMPLEMENTED.
PLN-E09-030,E09,India Statutory Rules,Automated Functional Tests,LEGAL/DOMAIN REVALIDATION,NOT_REQUIRED_DIRECTLY,No direct UI gate; validated through linked business stories and technical evidence,NOT_REQUIRED_DIRECTLY,TRACK_WITH_LINKED_BUSINESS_STORY,Direct UI is not a closure gate for this technical story; evidence remains linked to the consuming business story/capability.
PLN-E09-031,E09,India Statutory Rules,Automated Integration / Security Tests,LEGAL/DOMAIN REVALIDATION,REQUIRED_ADMIN_OR_SECURITY_UI,React admin/security surface or explicitly governed external administration UI,TO_BE_EVIDENCED_WITH_STORY,NOT_COMPLETE,UI applicability classified now; exact UI evidence must be declared during capability activation and proven before IMPLEMENTED.
PLN-E10-027,E10,Off-cycle & Final Settlement,API Contract,NOT STARTED,NOT_REQUIRED_DIRECTLY,No direct UI gate; validated through linked business stories and technical evidence,NOT_REQUIRED_DIRECTLY,TRACK_WITH_LINKED_BUSINESS_STORY,Direct UI is not a closure gate for this technical story; evidence remains linked to the consuming business story/capability.
PLN-E10-028,E10,Off-cycle & Final Settlement,Event Contract,NOT STARTED,NOT_REQUIRED_DIRECTLY,No direct UI gate; validated through linked business stories and technical evidence,NOT_REQUIRED_DIRECTLY,TRACK_WITH_LINKED_BUSINESS_STORY,Direct UI is not a closure gate for this technical story; evidence remains linked to the consuming business story/capability.
PLN-E10-029,E10,Off-cycle & Final Settlement,Security / SoD,NOT STARTED,REQUIRED_ADMIN_OR_SECURITY_UI,React admin/security surface or explicitly governed external administration UI,TO_BE_EVIDENCED_WITH_STORY,NOT_COMPLETE,UI applicability classified now; exact UI evidence must be declared during capability activation and proven before IMPLEMENTED.
PLN-E10-030,E10,Off-cycle & Final Settlement,Audit / Lineage,NOT STARTED,REQUIRED_AUDIT_UI,Read-only audit / lineage inspection surface,TO_BE_EVIDENCED_WITH_STORY,NOT_COMPLETE,UI applicability classified now; exact UI evidence must be declared during capability activation and proven before IMPLEMENTED.
PLN-E10-031,E10,Off-cycle & Final Settlement,Automated Functional Tests,NOT STARTED,NOT_REQUIRED_DIRECTLY,No direct UI gate; validated through linked business stories and technical evidence,NOT_REQUIRED_DIRECTLY,TRACK_WITH_LINKED_BUSINESS_STORY,Direct UI is not a closure gate for this technical story; evidence remains linked to the consuming business story/capability.
PLN-E10-032,E10,Off-cycle & Final Settlement,Automated Integration / Security Tests,NOT STARTED,REQUIRED_ADMIN_OR_SECURITY_UI,React admin/security surface or explicitly governed external administration UI,TO_BE_EVIDENCED_WITH_STORY,NOT_COMPLETE,UI applicability classified now; exact UI evidence must be declared during capability activation and proven before IMPLEMENTED.
PLN-E11-022,E11,Payments,API Contract,NOT STARTED,NOT_REQUIRED_DIRECTLY,No direct UI gate; validated through linked business stories and technical evidence,NOT_REQUIRED_DIRECTLY,TRACK_WITH_LINKED_BUSINESS_STORY,Direct UI is not a closure gate for this technical story; evidence remains linked to the consuming business story/capability.
PLN-E11-023,E11,Payments,Event Contract,NOT STARTED,NOT_REQUIRED_DIRECTLY,No direct UI gate; validated through linked business stories and technical evidence,NOT_REQUIRED_DIRECTLY,TRACK_WITH_LINKED_BUSINESS_STORY,Direct UI is not a closure gate for this technical story; evidence remains linked to the consuming business story/capability.
PLN-E11-024,E11,Payments,Security / SoD,NOT STARTED,REQUIRED_ADMIN_OR_SECURITY_UI,React admin/security surface or explicitly governed external administration UI,TO_BE_EVIDENCED_WITH_STORY,NOT_COMPLETE,UI applicability classified now; exact UI evidence must be declared during capability activation and proven before IMPLEMENTED.
PLN-E11-025,E11,Payments,Audit / Lineage,NOT STARTED,REQUIRED_AUDIT_UI,Read-only audit / lineage inspection surface,TO_BE_EVIDENCED_WITH_STORY,NOT_COMPLETE,UI applicability classified now; exact UI evidence must be declared during capability activation and proven before IMPLEMENTED.
PLN-E11-026,E11,Payments,Automated Functional Tests,NOT STARTED,NOT_REQUIRED_DIRECTLY,No direct UI gate; validated through linked business stories and technical evidence,NOT_REQUIRED_DIRECTLY,TRACK_WITH_LINKED_BUSINESS_STORY,Direct UI is not a closure gate for this technical story; evidence remains linked to the consuming business story/capability.
PLN-E11-027,E11,Payments,Automated Integration / Security Tests,NOT STARTED,REQUIRED_ADMIN_OR_SECURITY_UI,React admin/security surface or explicitly governed external administration UI,TO_BE_EVIDENCED_WITH_STORY,NOT_COMPLETE,UI applicability classified now; exact UI evidence must be declared during capability activation and proven before IMPLEMENTED.
PLN-E12-023,E12,Accounting,API Contract,NOT STARTED,NOT_REQUIRED_DIRECTLY,No direct UI gate; validated through linked business stories and technical evidence,NOT_REQUIRED_DIRECTLY,TRACK_WITH_LINKED_BUSINESS_STORY,Direct UI is not a closure gate for this technical story; evidence remains linked to the consuming business story/capability.
PLN-E12-024,E12,Accounting,Event Contract,NOT STARTED,NOT_REQUIRED_DIRECTLY,No direct UI gate; validated through linked business stories and technical evidence,NOT_REQUIRED_DIRECTLY,TRACK_WITH_LINKED_BUSINESS_STORY,Direct UI is not a closure gate for this technical story; evidence remains linked to the consuming business story/capability.
PLN-E12-025,E12,Accounting,Security / SoD,NOT STARTED,REQUIRED_ADMIN_OR_SECURITY_UI,React admin/security surface or explicitly governed external administration UI,TO_BE_EVIDENCED_WITH_STORY,NOT_COMPLETE,UI applicability classified now; exact UI evidence must be declared during capability activation and proven before IMPLEMENTED.
PLN-E12-026,E12,Accounting,Audit / Lineage,NOT STARTED,REQUIRED_AUDIT_UI,Read-only audit / lineage inspection surface,TO_BE_EVIDENCED_WITH_STORY,NOT_COMPLETE,UI applicability classified now; exact UI evidence must be declared during capability activation and proven before IMPLEMENTED.
PLN-E12-027,E12,Accounting,Automated Functional Tests,NOT STARTED,NOT_REQUIRED_DIRECTLY,No direct UI gate; validated through linked business stories and technical evidence,NOT_REQUIRED_DIRECTLY,TRACK_WITH_LINKED_BUSINESS_STORY,Direct UI is not a closure gate for this technical story; evidence remains linked to the consuming business story/capability.
PLN-E12-028,E12,Accounting,Automated Integration / Security Tests,NOT STARTED,REQUIRED_ADMIN_OR_SECURITY_UI,React admin/security surface or explicitly governed external administration UI,TO_BE_EVIDENCED_WITH_STORY,NOT_COMPLETE,UI applicability classified now; exact UI evidence must be declared during capability activation and proven before IMPLEMENTED.
PLN-E13-022,E13,Payslips & ESS,API Contract,PARTIALLY IMPLEMENTED,NOT_REQUIRED_DIRECTLY,No direct UI gate; validated through linked business stories and technical evidence,NOT_REQUIRED_DIRECTLY,TRACK_WITH_LINKED_BUSINESS_STORY,Direct UI is not a closure gate for this technical story; evidence remains linked to the consuming business story/capability.
PLN-E13-023,E13,Payslips & ESS,Event Contract,PARTIALLY IMPLEMENTED,NOT_REQUIRED_DIRECTLY,No direct UI gate; validated through linked business stories and technical evidence,NOT_REQUIRED_DIRECTLY,TRACK_WITH_LINKED_BUSINESS_STORY,Direct UI is not a closure gate for this technical story; evidence remains linked to the consuming business story/capability.
PLN-E13-024,E13,Payslips & ESS,Security / SoD,PARTIALLY IMPLEMENTED,REQUIRED_ADMIN_OR_SECURITY_UI,React admin/security surface or explicitly governed external administration UI,TO_BE_EVIDENCED_WITH_STORY,NOT_COMPLETE,UI applicability classified now; exact UI evidence must be declared during capability activation and proven before IMPLEMENTED.
PLN-E13-025,E13,Payslips & ESS,Audit / Lineage,PARTIALLY IMPLEMENTED,REQUIRED_AUDIT_UI,Read-only audit / lineage inspection surface,TO_BE_EVIDENCED_WITH_STORY,NOT_COMPLETE,UI applicability classified now; exact UI evidence must be declared during capability activation and proven before IMPLEMENTED.
PLN-E13-026,E13,Payslips & ESS,Automated Functional Tests,PARTIALLY IMPLEMENTED,NOT_REQUIRED_DIRECTLY,No direct UI gate; validated through linked business stories and technical evidence,NOT_REQUIRED_DIRECTLY,TRACK_WITH_LINKED_BUSINESS_STORY,Direct UI is not a closure gate for this technical story; evidence remains linked to the consuming business story/capability.
PLN-E13-027,E13,Payslips & ESS,Automated Integration / Security Tests,PARTIALLY IMPLEMENTED,REQUIRED_ADMIN_OR_SECURITY_UI,React admin/security surface or explicitly governed external administration UI,TO_BE_EVIDENCED_WITH_STORY,NOT_COMPLETE,UI applicability classified now; exact UI evidence must be declared during capability activation and proven before IMPLEMENTED.
PLN-E14-016,E14,Reporting & Communications,API Contract,NOT STARTED,NOT_REQUIRED_DIRECTLY,No direct UI gate; validated through linked business stories and technical evidence,NOT_REQUIRED_DIRECTLY,TRACK_WITH_LINKED_BUSINESS_STORY,Direct UI is not a closure gate for this technical story; evidence remains linked to the consuming business story/capability.
PLN-E14-017,E14,Reporting & Communications,Event Contract,NOT STARTED,NOT_REQUIRED_DIRECTLY,No direct UI gate; validated through linked business stories and technical evidence,NOT_REQUIRED_DIRECTLY,TRACK_WITH_LINKED_BUSINESS_STORY,Direct UI is not a closure gate for this technical story; evidence remains linked to the consuming business story/capability.
PLN-E14-018,E14,Reporting & Communications,Security / SoD,NOT STARTED,REQUIRED_ADMIN_OR_SECURITY_UI,React admin/security surface or explicitly governed external administration UI,TO_BE_EVIDENCED_WITH_STORY,NOT_COMPLETE,UI applicability classified now; exact UI evidence must be declared during capability activation and proven before IMPLEMENTED.
PLN-E14-019,E14,Reporting & Communications,Audit / Lineage,NOT STARTED,REQUIRED_AUDIT_UI,Read-only audit / lineage inspection surface,TO_BE_EVIDENCED_WITH_STORY,NOT_COMPLETE,UI applicability classified now; exact UI evidence must be declared during capability activation and proven before IMPLEMENTED.
PLN-E14-020,E14,Reporting & Communications,Automated Functional Tests,NOT STARTED,NOT_REQUIRED_DIRECTLY,No direct UI gate; validated through linked business stories and technical evidence,NOT_REQUIRED_DIRECTLY,TRACK_WITH_LINKED_BUSINESS_STORY,Direct UI is not a closure gate for this technical story; evidence remains linked to the consuming business story/capability.
PLN-E14-021,E14,Reporting & Communications,Automated Integration / Security Tests,NOT STARTED,REQUIRED_ADMIN_OR_SECURITY_UI,React admin/security surface or explicitly governed external administration UI,TO_BE_EVIDENCED_WITH_STORY,NOT_COMPLETE,UI applicability classified now; exact UI evidence must be declared during capability activation and proven before IMPLEMENTED.
PLN-E15-039,E15,Audit & Security,API Contract,PARTIALLY IMPLEMENTED,NOT_REQUIRED_DIRECTLY,No direct UI gate; validated through linked business stories and technical evidence,NOT_REQUIRED_DIRECTLY,TRACK_WITH_LINKED_BUSINESS_STORY,Direct UI is not a closure gate for this technical story; evidence remains linked to the consuming business story/capability.
PLN-E15-040,E15,Audit & Security,Event Contract,PARTIALLY IMPLEMENTED,NOT_REQUIRED_DIRECTLY,No direct UI gate; validated through linked business stories and technical evidence,NOT_REQUIRED_DIRECTLY,TRACK_WITH_LINKED_BUSINESS_STORY,Direct UI is not a closure gate for this technical story; evidence remains linked to the consuming business story/capability.
PLN-E15-041,E15,Audit & Security,Security / SoD,PARTIALLY IMPLEMENTED,REQUIRED_ADMIN_OR_SECURITY_UI,React admin/security surface or explicitly governed external administration UI,TO_BE_EVIDENCED_WITH_STORY,NOT_COMPLETE,UI applicability classified now; exact UI evidence must be declared during capability activation and proven before IMPLEMENTED.
PLN-E15-042,E15,Audit & Security,Audit / Lineage,PARTIALLY IMPLEMENTED,REQUIRED_AUDIT_UI,Read-only audit / lineage inspection surface,TO_BE_EVIDENCED_WITH_STORY,NOT_COMPLETE,UI applicability classified now; exact UI evidence must be declared during capability activation and proven before IMPLEMENTED.
PLN-E15-043,E15,Audit & Security,Automated Functional Tests,PARTIALLY IMPLEMENTED,NOT_REQUIRED_DIRECTLY,No direct UI gate; validated through linked business stories and technical evidence,NOT_REQUIRED_DIRECTLY,TRACK_WITH_LINKED_BUSINESS_STORY,Direct UI is not a closure gate for this technical story; evidence remains linked to the consuming business story/capability.
PLN-E15-044,E15,Audit & Security,Automated Integration / Security Tests,PARTIALLY IMPLEMENTED,REQUIRED_ADMIN_OR_SECURITY_UI,React admin/security surface or explicitly governed external administration UI,TO_BE_EVIDENCED_WITH_STORY,NOT_COMPLETE,UI applicability classified now; exact UI evidence must be declared during capability activation and proven before IMPLEMENTED.
PLN-E16-022,E16,Migration & Parallel,API Contract,NOT STARTED,NOT_REQUIRED_DIRECTLY,No direct UI gate; validated through linked business stories and technical evidence,NOT_REQUIRED_DIRECTLY,TRACK_WITH_LINKED_BUSINESS_STORY,Direct UI is not a closure gate for this technical story; evidence remains linked to the consuming business story/capability.
PLN-E16-023,E16,Migration & Parallel,Event Contract,NOT STARTED,NOT_REQUIRED_DIRECTLY,No direct UI gate; validated through linked business stories and technical evidence,NOT_REQUIRED_DIRECTLY,TRACK_WITH_LINKED_BUSINESS_STORY,Direct UI is not a closure gate for this technical story; evidence remains linked to the consuming business story/capability.
PLN-E16-024,E16,Migration & Parallel,Security / SoD,NOT STARTED,REQUIRED_ADMIN_OR_SECURITY_UI,React admin/security surface or explicitly governed external administration UI,TO_BE_EVIDENCED_WITH_STORY,NOT_COMPLETE,UI applicability classified now; exact UI evidence must be declared during capability activation and proven before IMPLEMENTED.
PLN-E16-025,E16,Migration & Parallel,Audit / Lineage,NOT STARTED,REQUIRED_AUDIT_UI,Read-only audit / lineage inspection surface,TO_BE_EVIDENCED_WITH_STORY,NOT_COMPLETE,UI applicability classified now; exact UI evidence must be declared during capability activation and proven before IMPLEMENTED.
PLN-E16-026,E16,Migration & Parallel,Automated Functional Tests,NOT STARTED,NOT_REQUIRED_DIRECTLY,No direct UI gate; validated through linked business stories and technical evidence,NOT_REQUIRED_DIRECTLY,TRACK_WITH_LINKED_BUSINESS_STORY,Direct UI is not a closure gate for this technical story; evidence remains linked to the consuming business story/capability.
PLN-E16-027,E16,Migration & Parallel,Automated Integration / Security Tests,NOT STARTED,REQUIRED_ADMIN_OR_SECURITY_UI,React admin/security surface or explicitly governed external administration UI,TO_BE_EVIDENCED_WITH_STORY,NOT_COMPLETE,UI applicability classified now; exact UI evidence must be declared during capability activation and proven before IMPLEMENTED.
PLN-E17-019,E17,Cutover & Hypercare,API Contract,NOT STARTED,NOT_REQUIRED_DIRECTLY,No direct UI gate; validated through linked business stories and technical evidence,NOT_REQUIRED_DIRECTLY,TRACK_WITH_LINKED_BUSINESS_STORY,Direct UI is not a closure gate for this technical story; evidence remains linked to the consuming business story/capability.
PLN-E17-020,E17,Cutover & Hypercare,Event Contract,NOT STARTED,NOT_REQUIRED_DIRECTLY,No direct UI gate; validated through linked business stories and technical evidence,NOT_REQUIRED_DIRECTLY,TRACK_WITH_LINKED_BUSINESS_STORY,Direct UI is not a closure gate for this technical story; evidence remains linked to the consuming business story/capability.
PLN-E17-021,E17,Cutover & Hypercare,Security / SoD,NOT STARTED,REQUIRED_ADMIN_OR_SECURITY_UI,React admin/security surface or explicitly governed external administration UI,TO_BE_EVIDENCED_WITH_STORY,NOT_COMPLETE,UI applicability classified now; exact UI evidence must be declared during capability activation and proven before IMPLEMENTED.
PLN-E17-022,E17,Cutover & Hypercare,Audit / Lineage,NOT STARTED,REQUIRED_AUDIT_UI,Read-only audit / lineage inspection surface,TO_BE_EVIDENCED_WITH_STORY,NOT_COMPLETE,UI applicability classified now; exact UI evidence must be declared during capability activation and proven before IMPLEMENTED.
PLN-E17-023,E17,Cutover & Hypercare,Automated Functional Tests,NOT STARTED,NOT_REQUIRED_DIRECTLY,No direct UI gate; validated through linked business stories and technical evidence,NOT_REQUIRED_DIRECTLY,TRACK_WITH_LINKED_BUSINESS_STORY,Direct UI is not a closure gate for this technical story; evidence remains linked to the consuming business story/capability.
PLN-E17-024,E17,Cutover & Hypercare,Automated Integration / Security Tests,NOT STARTED,REQUIRED_ADMIN_OR_SECURITY_UI,React admin/security surface or explicitly governed external administration UI,TO_BE_EVIDENCED_WITH_STORY,NOT_COMPLETE,UI applicability classified now; exact UI evidence must be declared during capability activation and proven before IMPLEMENTED.
PLN-E18-017,E18,Performance & Resilience,API Contract,PARTIALLY IMPLEMENTED,NOT_REQUIRED_DIRECTLY,No direct UI gate; validated through linked business stories and technical evidence,NOT_REQUIRED_DIRECTLY,TRACK_WITH_LINKED_BUSINESS_STORY,Direct UI is not a closure gate for this technical story; evidence remains linked to the consuming business story/capability.
PLN-E18-018,E18,Performance & Resilience,Event Contract,PARTIALLY IMPLEMENTED,NOT_REQUIRED_DIRECTLY,No direct UI gate; validated through linked business stories and technical evidence,NOT_REQUIRED_DIRECTLY,TRACK_WITH_LINKED_BUSINESS_STORY,Direct UI is not a closure gate for this technical story; evidence remains linked to the consuming business story/capability.
PLN-E18-019,E18,Performance & Resilience,Security / SoD,PARTIALLY IMPLEMENTED,REQUIRED_ADMIN_OR_SECURITY_UI,React admin/security surface or explicitly governed external administration UI,TO_BE_EVIDENCED_WITH_STORY,NOT_COMPLETE,UI applicability classified now; exact UI evidence must be declared during capability activation and proven before IMPLEMENTED.
PLN-E18-020,E18,Performance & Resilience,Audit / Lineage,PARTIALLY IMPLEMENTED,REQUIRED_AUDIT_UI,Read-only audit / lineage inspection surface,TO_BE_EVIDENCED_WITH_STORY,NOT_COMPLETE,UI applicability classified now; exact UI evidence must be declared during capability activation and proven before IMPLEMENTED.
PLN-E18-021,E18,Performance & Resilience,Automated Functional Tests,PARTIALLY IMPLEMENTED,NOT_REQUIRED_DIRECTLY,No direct UI gate; validated through linked business stories and technical evidence,NOT_REQUIRED_DIRECTLY,TRACK_WITH_LINKED_BUSINESS_STORY,Direct UI is not a closure gate for this technical story; evidence remains linked to the consuming business story/capability.
PLN-E18-022,E18,Performance & Resilience,Automated Integration / Security Tests,PARTIALLY IMPLEMENTED,REQUIRED_ADMIN_OR_SECURITY_UI,React admin/security surface or explicitly governed external administration UI,TO_BE_EVIDENCED_WITH_STORY,NOT_COMPLETE,UI applicability classified now; exact UI evidence must be declared during capability activation and proven before IMPLEMENTED.
